v -4.800000 -0.010874 -4.800000
v -4.800000 -1.200000 -4.800000
v -4.673684 -0.014967 -4.800000
v -4.673684 -1.200000 -4.800000
v -4.547368 -0.017848 -4.800000
v -4.547368 -1.200000 -4.800000
v -4.421053 -0.019406 -4.800000
v -4.421053 -1.200000 -4.800000
v -4.294737 -0.019557 -4.800000
v -4.294737 -1.200000 -4.800000
v -4.168421 -0.018243 -4.800000
v -4.168421 -1.200000 -4.800000
v -4.042105 -0.015438 -4.800000
v -4.042105 -1.200000 -4.800000
v -3.915789 -0.011147 -4.800000
v -3.915789 -1.200000 -4.800000
v -3.789474 -0.005404 -4.800000
v -3.789474 -1.200000 -4.800000
v -3.663158 0.001728 -4.800000
v -3.663158 -1.200000 -4.800000
v -3.536842 0.010154 -4.800000
v -3.536842 -1.200000 -4.800000
v -3.410526 0.019754 -4.800000
v -3.410526 -1.200000 -4.800000
v -3.284211 0.030385 -4.800000
v -3.284211 -1.200000 -4.800000
v -3.157895 0.041881 -4.800000
v -3.157895 -1.200000 -4.800000
v -3.031579 0.054056 -4.800000
v -3.031579 -1.200000 -4.800000
v -2.905263 0.066712 -4.800000
v -2.905263 -1.200000 -4.800000
v -2.778947 0.079640 -4.800000
v -2.778947 -1.200000 -4.800000
v -2.652632 0.092624 -4.800000
v -2.652632 -1.200000 -4.800000
v -2.526316 0.105445 -4.800000
v -2.526316 -1.200000 -4.800000
v -2.400000 0.117889 -4.800000
v -2.400000 -1.200000 -4.800000
v -2.273684 0.129746 -4.800000
v -2.273684 -1.200000 -4.800000
v -2.147368 0.140820 -4.800000
v -2.147368 -1.200000 -4.800000
v -2.021053 0.150927 -4.800000
v -2.021053 -1.200000 -4.800000
v -1.894737 0.159903 -4.800000
v -1.894737 -1.200000 -4.800000
v -1.768421 0.167607 -4.800000
v -1.768421 -1.200000 -4.800000
v -1.642105 0.173920 -4.800000
v -1.642105 -1.200000 -4.800000
v -1.515789 0.178753 -4.800000
v -1.515789 -1.200000 -4.800000
v -1.389474 0.182043 -4.800000
v -1.389474 -1.200000 -4.800000
v -1.263158 0.183760 -4.800000
v -1.263158 -1.200000 -4.800000
v -1.136842 0.183901 -4.800000
v -1.136842 -1.200000 -4.800000
v -1.010526 0.182496 -4.800000
v -1.010526 -1.200000 -4.800000
v -0.884211 0.179604 -4.800000
v -0.884211 -1.200000 -4.800000
v -0.757895 0.175311 -4.800000
v -0.757895 -1.200000 -4.800000
v -0.631579 0.169732 -4.800000
v -0.631579 -1.200000 -4.800000
v -0.505263 0.163003 -4.800000
v -0.505263 -1.200000 -4.800000
v -0.378947 0.155282 -4.800000
v -0.378947 -1.200000 -4.800000
v -0.252632 0.146745 -4.800000
v -0.252632 -1.200000 -4.800000
v -0.126316 0.137581 -4.800000
v -0.126316 -1.200000 -4.800000
v 0.000000 0.127989 -4.800000
v 0.000000 -1.200000 -4.800000
v 0.126316 0.118173 -4.800000
v 0.126316 -1.200000 -4.800000
v 0.252632 0.108339 -4.800000
v 0.252632 -1.200000 -4.800000
v 0.378947 0.098687 -4.800000
v 0.378947 -1.200000 -4.800000
v 0.505263 0.089413 -4.800000
v 0.505263 -1.200000 -4.800000
v 0.631579 0.080700 -4.800000
v 0.631579 -1.200000 -4.800000
v 0.757895 0.072714 -4.800000
v 0.757895 -1.200000 -4.800000
v 0.884211 0.065604 -4.800000
v 0.884211 -1.200000 -4.800000
v 1.010526 0.059497 -4.800000
v 1.010526 -1.200000 -4.800000
v 1.136842 0.054495 -4.800000
v 1.136842 -1.200000 -4.800000
v 1.263158 0.050674 -4.800000
v 1.263158 -1.200000 -4.800000
v 1.389474 0.048083 -4.800000
v 1.389474 -1.200000 -4.800000
v 1.515789 0.046739 -4.800000
v 1.515789 -1.200000 -4.800000
v 1.642105 0.046635 -4.800000
v 1.642105 -1.200000 -4.800000
v 1.768421 0.047733 -4.800000
v 1.768421 -1.200000 -4.800000
v 1.894737 0.049967 -4.800000
v 1.894737 -1.200000 -4.800000
v 2.021053 0.053245 -4.800000
v 2.021053 -1.200000 -4.800000
v 2.147368 0.057453 -4.800000
v 2.147368 -1.200000 -4.800000
v 2.273684 0.062453 -4.800000
v 2.273684 -1.200000 -4.800000
v 2.400000 0.068090 -4.800000
v 2.400000 -1.200000 -4.800000
v 2.526316 0.074194 -4.800000
v 2.526316 -1.200000 -4.800000
v 2.652632 0.080583 -4.800000
v 2.652632 -1.200000 -4.800000
v 2.778947 0.087069 -4.800000
v 2.778947 -1.200000 -4.800000
v 2.905263 0.093459 -4.800000
v 2.905263 -1.200000 -4.800000
v 3.031579 0.099561 -4.800000
v 3.031579 -1.200000 -4.800000
v 3.157895 0.105191 -4.800000
v 3.157895 -1.200000 -4.800000
v 3.284211 0.110172 -4.800000
v 3.284211 -1.200000 -4.800000
v 3.410526 0.114341 -4.800000
v 3.410526 -1.200000 -4.800000
v 3.536842 0.117551 -4.800000
v 3.536842 -1.200000 -4.800000
v 3.663158 0.119677 -4.800000
v 3.663158 -1.200000 -4.800000
v 3.789474 0.120616 -4.800000
v 3.789474 -1.200000 -4.800000
v 3.915789 0.120290 -4.800000
v 3.915789 -1.200000 -4.800000
v 4.042105 0.118650 -4.800000
v 4.042105 -1.200000 -4.800000
v 4.168421 0.115673 -4.800000
v 4.168421 -1.200000 -4.800000
v 4.294737 0.111367 -4.800000
v 4.294737 -1.200000 -4.800000
v 4.421053 0.105768 -4.800000
v 4.421053 -1.200000 -4.800000
v 4.547368 0.098941 -4.800000
v 4.547368 -1.200000 -4.800000
v 4.673684 0.090978 -4.800000
v 4.673684 -1.200000 -4.800000
v 4.800000 0.081995 -4.800000
v 4.800000 -1.200000 -4.800000
v -4.800000 -0.025746 -4.673684
v -4.800000 -1.200000 -4.673684
v -4.673684 -0.032109 -4.673684
v -4.673684 -1.200000 -4.673684
v -4.547368 -0.036838 -4.673684
v -4.547368 -1.200000 -4.673684
v -4.421053 -0.039779 -4.673684
v -4.421053 -1.200000 -4.673684
v -4.294737 -0.040813 -4.673684
v -4.294737 -1.200000 -4.673684
v -4.168421 -0.039864 -4.673684
v -4.168421 -1.200000 -4.673684
v -4.042105 -0.036892 -4.673684
v -4.042105 -1.200000 -4.673684
v -3.915789 -0.031902 -4.673684
v -3.915789 -1.200000 -4.673684
v -3.789474 -0.024939 -4.673684
v -3.789474 -1.200000 -4.673684
v -3.663158 -0.016089 -4.673684
v -3.663158 -1.200000 -4.673684
v -3.536842 -0.005478 -4.673684
v -3.536842 -1.200000 -4.673684
v -3.410526 0.006733 -4.673684
v -3.410526 -1.200000 -4.673684
v -3.284211 0.020349 -4.673684
v -3.284211 -1.200000 -4.673684
v -3.157895 0.035143 -4.673684
v -3.157895 -1.200000 -4.673684
v -3.031579 0.050866 -4.673684
v -3.031579 -1.200000 -4.673684
v -2.905263 0.067249 -4.673684
v -2.905263 -1.200000 -4.673684
v -2.778947 0.084008 -4.673684
v -2.778947 -1.200000 -4.673684
v -2.652632 0.100849 -4.673684
v -2.652632 -1.200000 -4.673684
v -2.526316 0.117478 -4.673684
v -2.526316 -1.200000 -4.673684
v -2.400000 0.133602 -4.673684
v -2.400000 -1.200000 -4.673684
v -2.273684 0.148940 -4.673684
v -2.273684 -1.200000 -4.673684
v -2.147368 0.163224 -4.673684
v -2.147368 -1.200000 -4.673684
v -2.021053 0.176206 -4.673684
v -2.021053 -1.200000 -4.673684
v -1.894737 0.187667 -4.673684
v -1.894737 -1.200000 -4.673684
v -1.768421 0.197413 -4.673684
v -1.768421 -1.200000 -4.673684
v -1.642105 0.205289 -4.673684
v -1.642105 -1.200000 -4.673684
v -1.515789 0.211174 -4.673684
v -1.515789 -1.200000 -4.673684
v -1.389474 0.214986 -4.673684
v -1.389474 -1.200000 -4.673684
v -1.263158 0.216686 -4.673684
v -1.263158 -1.200000 -4.673684
v -1.136842 0.216276 -4.673684
v -1.136842 -1.200000 -4.673684
v -1.010526 0.213798 -4.673684
v -1.010526 -1.200000 -4.673684
v -0.884211 0.209336 -4.673684
v -0.884211 -1.200000 -4.673684
v -0.757895 0.203012 -4.673684
v -0.757895 -1.200000 -4.673684
v -0.631579 0.194984 -4.673684
v -0.631579 -1.200000 -4.673684
v -0.505263 0.185442 -4.673684
v -0.505263 -1.200000 -4.673684
v -0.378947 0.174606 -4.673684
v -0.378947 -1.200000 -4.673684
v -0.252632 0.162717 -4.673684
v -0.252632 -1.200000 -4.673684
v -0.126316 0.150036 -4.673684
v -0.126316 -1.200000 -4.673684
v 0.000000 0.136837 -4.673684
v 0.000000 -1.200000 -4.673684
v 0.126316 0.123400 -4.673684
v 0.126316 -1.200000 -4.673684
v 0.252632 0.110006 -4.673684
v 0.252632 -1.200000 -4.673684
v 0.378947 0.096933 -4.673684
v 0.378947 -1.200000 -4.673684
v 0.505263 0.084446 -4.673684
v 0.505263 -1.200000 -4.673684
v 0.631579 0.072794 -4.673684
v 0.631579 -1.200000 -4.673684
v 0.757895 0.062206 -4.673684
v 0.757895 -1.200000 -4.673684
v 0.884211 0.052883 -4.673684
v 0.884211 -1.200000 -4.673684
v 1.010526 0.044996 -4.673684
v 1.010526 -1.200000 -4.673684
v 1.136842 0.038683 -4.673684
v 1.136842 -1.200000 -4.673684
v 1.263158 0.034046 -4.673684
v 1.263158 -1.200000 -4.673684
v 1.389474 0.031147 -4.673684
v 1.389474 -1.200000 -4.673684
v 1.515789 0.030009 -4.673684
v 1.515789 -1.200000 -4.673684
v 1.642105 0.030616 -4.673684
v 1.642105 -1.200000 -4.673684
v 1.768421 0.032914 -4.673684
v 1.768421 -1.200000 -4.673684
v 1.894737 0.036807 -4.673684
v 1.894737 -1.200000 -4.673684
v 2.021053 0.042168 -4.673684
v 2.021053 -1.200000 -4.673684
v 2.147368 0.048833 -4.673684
v 2.147368 -1.200000 -4.673684
v 2.273684 0.056612 -4.673684
v 2.273684 -1.200000 -4.673684
v 2.400000 0.065287 -4.673684
v 2.400000 -1.200000 -4.673684
v 2.526316 0.074621 -4.673684
v 2.526316 -1.200000 -4.673684
v 2.652632 0.084360 -4.673684
v 2.652632 -1.200000 -4.673684
v 2.778947 0.094243 -4.673684
v 2.778947 -1.200000 -4.673684
v 2.905263 0.104000 -4.673684
v 2.905263 -1.200000 -4.673684
v 3.031579 0.113367 -4.673684
v 3.031579 -1.200000 -4.673684
v 3.157895 0.122084 -4.673684
v 3.157895 -1.200000 -4.673684
v 3.284211 0.129907 -4.673684
v 3.284211 -1.200000 -4.673684
v 3.410526 0.136607 -4.673684
v 3.410526 -1.200000 -4.673684
v 3.536842 0.141982 -4.673684
v 3.536842 -1.200000 -4.673684
v 3.663158 0.145855 -4.673684
v 3.663158 -1.200000 -4.673684
v 3.789474 0.148083 -4.673684
v 3.789474 -1.200000 -4.673684
v 3.915789 0.148556 -4.673684
v 3.915789 -1.200000 -4.673684
v 4.042105 0.147205 -4.673684
v 4.042105 -1.200000 -4.673684
v 4.168421 0.143996 -4.673684
v 4.168421 -1.200000 -4.673684
v 4.294737 0.138938 -4.673684
v 4.294737 -1.200000 -4.673684
v 4.421053 0.132079 -4.673684
v 4.421053 -1.200000 -4.673684
v 4.547368 0.123507 -4.673684
v 4.547368 -1.200000 -4.673684
v 4.673684 0.113346 -4.673684
v 4.673684 -1.200000 -4.673684
v 4.800000 0.101757 -4.673684
v 4.800000 -1.200000 -4.673684
v -4.800000 -0.039662 -4.547368
v -4.800000 -1.200000 -4.547368
v -4.673684 -0.048168 -4.547368
v -4.673684 -1.200000 -4.547368
v -4.547368 -0.054637 -4.547368
v -4.547368 -1.200000 -4.547368
v -4.421053 -0.058875 -4.547368
v -4.421053 -1.200000 -4.547368
v -4.294737 -0.060734 -4.547368
v -4.294737 -1.200000 -4.547368
v -4.168421 -0.060113 -4.547368
v -4.168421 -1.200000 -4.547368
v -4.042105 -0.056965 -4.547368
v -4.042105 -1.200000 -4.547368
v -3.915789 -0.051293 -4.547368
v -3.915789 -1.200000 -4.547368
v -3.789474 -0.043152 -4.547368
v -3.789474 -1.200000 -4.547368
v -3.663158 -0.032650 -4.547368
v -3.663158 -1.200000 -4.547368
v -3.536842 -0.019942 -4.547368
v -3.536842 -1.200000 -4.547368
v -3.410526 -0.005231 -4.547368
v -3.410526 -1.200000 -4.547368
v -3.284211 0.011240 -4.547368
v -3.284211 -1.200000 -4.547368
v -3.157895 0.029189 -4.547368
v -3.157895 -1.200000 -4.547368
v -3.031579 0.048304 -4.547368
v -3.031579 -1.200000 -4.547368
v -2.905263 0.068249 -4.547368
v -2.905263 -1.200000 -4.547368
v -2.778947 0.088668 -4.547368
v -2.778947 -1.200000 -4.547368
v -2.652632 0.109195 -4.547368
v -2.652632 -1.200000 -4.547368
v -2.526316 0.129462 -4.547368
v -2.526316 -1.200000 -4.547368
v -2.400000 0.149104 -4.547368
v -2.400000 -1.200000 -4.547368
v -2.273684 0.167768 -4.547368
v -2.273684 -1.200000 -4.547368
v -2.147368 0.185120 -4.547368
v -2.147368 -1.200000 -4.547368
v -2.021053 0.200854 -4.547368
v -2.021053 -1.200000 -4.547368
v -1.894737 0.214692 -4.547368
v -1.894737 -1.200000 -4.547368
v -1.768421 0.226397 -4.547368
v -1.768421 -1.200000 -4.547368
v -1.642105 0.235774 -4.547368
v -1.642105 -1.200000 -4.547368
v -1.515789 0.242673 -4.547368
v -1.515789 -1.200000 -4.547368
v -1.389474 0.246996 -4.547368
v -1.389474 -1.200000 -4.547368
v -1.263158 0.248695 -4.547368
v -1.263158 -1.200000 -4.547368
v -1.136842 0.247773 -4.547368
v -1.136842 -1.200000 -4.547368
v -1.010526 0.244287 -4.547368
v -1.010526 -1.200000 -4.547368
v -0.884211 0.238345 -4.547368
v -0.884211 -1.200000 -4.547368
v -0.757895 0.230101 -4.547368
v -0.757895 -1.200000 -4.547368
v -0.631579 0.219756 -4.547368
v -0.631579 -1.200000 -4.547368
v -0.505263 0.207551 -4.547368
v -0.505263 -1.200000 -4.547368
v -0.378947 0.193762 -4.547368
v -0.378947 -1.200000 -4.547368
v -0.252632 0.178696 -4.547368
v -0.252632 -1.200000 -4.547368
v -0.126316 0.162680 -4.547368
v -0.126316 -1.200000 -4.547368
v 0.000000 0.146060 -4.547368
v 0.000000 -1.200000 -4.547368
v 0.126316 0.129189 -4.547368
v 0.126316 -1.200000 -4.547368
v 0.252632 0.112420 -4.547368
v 0.252632 -1.200000 -4.547368
v 0.378947 0.096100 -4.547368
v 0.378947 -1.200000 -4.547368
v 0.505263 0.080564 -4.547368
v 0.505263 -1.200000 -4.547368
v 0.631579 0.066124 -4.547368
v 0.631579 -1.200000 -4.547368
v 0.757895 0.053065 -4.547368
v 0.757895 -1.200000 -4.547368
v 0.884211 0.041639 -4.547368
v 0.884211 -1.200000 -4.547368
v 1.010526 0.032059 -4.547368
v 1.010526 -1.200000 -4.547368
v 1.136842 0.024497 -4.547368
v 1.136842 -1.200000 -4.547368
v 1.263158 0.019077 -4.547368
v 1.263158 -1.200000 -4.547368
v 1.389474 0.015877 -4.547368
v 1.389474 -1.200000 -4.547368
v 1.515789 0.014922 -4.547368
v 1.515789 -1.200000 -4.547368
v 1.642105 0.016190 -4.547368
v 1.642105 -1.200000 -4.547368
v 1.768421 0.019609 -4.547368
v 1.768421 -1.200000 -4.547368
v 1.894737 0.025058 -4.547368
v 1.894737 -1.200000 -4.547368
v 2.021053 0.032374 -4.547368
v 2.021053 -1.200000 -4.547368
v 2.147368 0.041349 -4.547368
v 2.147368 -1.200000 -4.547368
v 2.273684 0.051741 -4.547368
v 2.273684 -1.200000 -4.547368
v 2.400000 0.063274 -4.547368
v 2.400000 -1.200000 -4.547368
v 2.526316 0.075648 -4.547368
v 2.526316 -1.200000 -4.547368
v 2.652632 0.088542 -4.547368
v 2.652632 -1.200000 -4.547368
v 2.778947 0.101623 -4.547368
v 2.778947 -1.200000 -4.547368
v 2.905263 0.114552 -4.547368
v 2.905263 -1.200000 -4.547368
v 3.031579 0.126992 -4.547368
v 3.031579 -1.200000 -4.547368
v 3.157895 0.138617 -4.547368
v 3.157895 -1.200000 -4.547368
v 3.284211 0.149114 -4.547368
v 3.284211 -1.200000 -4.547368
v 3.410526 0.158196 -4.547368
v 3.410526 -1.200000 -4.547368
v 3.536842 0.165604 -4.547368
v 3.536842 -1.200000 -4.547368
v 3.663158 0.171115 -4.547368
v 3.663158 -1.200000 -4.547368
v 3.789474 0.174546 -4.547368
v 3.789474 -1.200000 -4.547368
v 3.915789 0.175758 -4.547368
v 3.915789 -1.200000 -4.547368
v 4.042105 0.174661 -4.547368
v 4.042105 -1.200000 -4.547368
v 4.168421 0.171213 -4.547368
v 4.168421 -1.200000 -4.547368
v 4.294737 0.165422 -4.547368
v 4.294737 -1.200000 -4.547368
v 4.421053 0.157349 -4.547368
v 4.421053 -1.200000 -4.547368
v 4.547368 0.147101 -4.547368
v 4.547368 -1.200000 -4.547368
v 4.673684 0.134837 -4.547368
v 4.673684 -1.200000 -4.547368
v 4.800000 0.120755 -4.547368
v 4.800000 -1.200000 -4.547368
v -4.800000 -0.052403 -4.421053
v -4.800000 -1.200000 -4.421053
v -4.673684 -0.062893 -4.421053
v -4.673684 -1.200000 -4.421053
v -4.547368 -0.070969 -4.421053
v -4.547368 -1.200000 -4.421053
v -4.421053 -0.076400 -4.421053
v -4.421053 -1.200000 -4.421053
v -4.294737 -0.079009 -4.421053
v -4.294737 -1.200000 -4.421053
v -4.168421 -0.078675 -4.421053
v -4.168421 -1.200000 -4.421053
v -4.042105 -0.075341 -4.421053
v -4.042105 -1.200000 -4.421053
v -3.915789 -0.069010 -4.421053
v -3.915789 -1.200000 -4.421053
v -3.789474 -0.059746 -4.421053
v -3.789474 -1.200000 -4.421053
v -3.663158 -0.047677 -4.421053
v -3.663158 -1.200000 -4.421053
v -3.536842 -0.032988 -4.421053
v -3.536842 -1.200000 -4.421053
v -3.410526 -0.015918 -4.421053
v -3.410526 -1.200000 -4.421053
v -3.284211 0.003244 -4.421053
v -3.284211 -1.200000 -4.421053
v -3.157895 0.024165 -4.421053
v -3.157895 -1.200000 -4.421053
v -3.031579 0.046473 -4.421053
v -3.031579 -1.200000 -4.421053
v -2.905263 0.069769 -4.421053
v -2.905263 -1.200000 -4.421053
v -2.778947 0.093631 -4.421053
v -2.778947 -1.200000 -4.421053
v -2.652632 0.117626 -4.421053
v -2.652632 -1.200000 -4.421053
v -2.526316 0.141315 -4.421053
v -2.526316 -1.200000 -4.421053
v -2.400000 0.164266 -4.421053
v -2.400000 -1.200000 -4.421053
v -2.273684 0.186060 -4.421053
v -2.273684 -1.200000 -4.421053
v -2.147368 0.206302 -4.421053
v -2.147368 -1.200000 -4.421053
v -2.021053 0.224627 -4.421053
v -2.021053 -1.200000 -4.421053
v -1.894737 0.240707 -4.421053
v -1.894737 -1.200000 -4.421053
v -1.768421 0.254262 -4.421053
v -1.768421 -1.200000 -4.421053
v -1.642105 0.265061 -4.421053
v -1.642105 -1.200000 -4.421053
v -1.515789 0.272927 -4.421053
v -1.515789 -1.200000 -4.421053
v -1.389474 0.277745 -4.421053
v -1.389474 -1.200000 -4.421053
v -1.263158 0.279458 -4.421053
v -1.263158 -1.200000 -4.421053
v -1.136842 0.278074 -4.421053
v -1.136842 -1.200000 -4.421053
v -1.010526 0.273661 -4.421053
v -1.010526 -1.200000 -4.421053
v -0.884211 0.266349 -4.421053
v -0.884211 -1.200000 -4.421053
v -0.757895 0.256325 -4.421053
v -0.757895 -1.200000 -4.421053
v -0.631579 0.243828 -4.421053
v -0.631579 -1.200000 -4.421053
v -0.505263 0.229146 -4.421053
v -0.505263 -1.200000 -4.421053
v -0.378947 0.212611 -4.421053
v -0.378947 -1.200000 -4.421053
v -0.252632 0.194587 -4.421053
v -0.252632 -1.200000 -4.421053
v -0.126316 0.175467 -4.421053
v -0.126316 -1.200000 -4.421053
v 0.000000 0.155662 -4.421053
v 0.000000 -1.200000 -4.421053
v 0.126316 0.135592 -4.421053
v 0.126316 -1.200000 -4.421053
v 0.252632 0.115680 -4.421053
v 0.252632 -1.200000 -4.421053
v 0.378947 0.096337 -4.421053
v 0.378947 -1.200000 -4.421053
v 0.505263 0.077962 -4.421053
v 0.505263 -1.200000 -4.421053
v 0.631579 0.060924 -4.421053
v 0.631579 -1.200000 -4.421053
v 0.757895 0.045563 -4.421053
v 0.757895 -1.200000 -4.421053
v 0.884211 0.032176 -4.421053
v 0.884211 -1.200000 -4.421053
v 1.010526 0.021016 -4.421053
v 1.010526 -1.200000 -4.421053
v 1.136842 0.012284 -4.421053
v 1.136842 -1.200000 -4.421053
v 1.263158 0.006127 -4.421053
v 1.263158 -1.200000 -4.421053
v 1.389474 0.002635 -4.421053
v 1.389474 -1.200000 -4.421053
v 1.515789 0.001836 -4.421053
v 1.515789 -1.200000 -4.421053
v 1.642105 0.003703 -4.421053
v 1.642105 -1.200000 -4.421053
v 1.768421 0.008146 -4.421053
v 1.768421 -1.200000 -4.421053
v 1.894737 0.015022 -4.421053
v 1.894737 -1.200000 -4.421053
v 2.021053 0.024134 -4.421053
v 2.021053 -1.200000 -4.421053
v 2.147368 0.035234 -4.421053
v 2.147368 -1.200000 -4.421053
v 2.273684 0.048031 -4.421053
v 2.273684 -1.200000 -4.421053
v 2.400000 0.062198 -4.421053
v 2.400000 -1.200000 -4.421053
v 2.526316 0.077374 -4.421053
v 2.526316 -1.200000 -4.421053
v 2.652632 0.093177 -4.421053
v 2.652632 -1.200000 -4.421053
v 2.778947 0.109208 -4.421053
v 2.778947 -1.200000 -4.421053
v 2.905263 0.125063 -4.421053
v 2.905263 -1.200000 -4.421053
v 3.031579 0.140339 -4.421053
v 3.031579 -1.200000 -4.421053
v 3.157895 0.154645 -4.421053
v 3.157895 -1.200000 -4.421053
v 3.284211 0.167607 -4.421053
v 3.284211 -1.200000 -4.421053
v 3.410526 0.178883 -4.421053
v 3.410526 -1.200000 -4.421053
v 3.536842 0.188160 -4.421053
v 3.536842 -1.200000 -4.421053
v 3.663158 0.195173 -4.421053
v 3.663158 -1.200000 -4.421053
v 3.789474 0.199702 -4.421053
v 3.789474 -1.200000 -4.421053
v 3.915789 0.201579 -4.421053
v 3.915789 -1.200000 -4.421053
v 4.042105 0.200696 -4.421053
v 4.042105 -1.200000 -4.421053
v 4.168421 0.197001 -4.421053
v 4.168421 -1.200000 -4.421053
v 4.294737 0.190504 -4.421053
v 4.294737 -1.200000 -4.421053
v 4.421053 0.181275 -4.421053
v 4.421053 -1.200000 -4.421053
v 4.547368 0.169443 -4.421053
v 4.547368 -1.200000 -4.421053
v 4.673684 0.155194 -4.421053
v 4.673684 -1.200000 -4.421053
v 4.800000 0.138765 -4.421053
v 4.800000 -1.200000 -4.421053
v -4.800000 -0.063766 -4.294737
v -4.800000 -1.200000 -4.294737
v -4.673684 -0.076051 -4.294737
v -4.673684 -1.200000 -4.294737
v -4.547368 -0.085578 -4.294737
v -4.547368 -1.200000 -4.294737
v -4.421053 -0.092079 -4.294737
v -4.421053 -1.200000 -4.294737
v -4.294737 -0.095350 -4.294737
v -4.294737 -1.200000 -4.294737
v -4.168421 -0.095255 -4.294737
v -4.168421 -1.200000 -4.294737
v -4.042105 -0.091725 -4.294737
v -4.042105 -1.200000 -4.294737
v -3.915789 -0.084764 -4.294737
v -3.915789 -1.200000 -4.294737
v -3.789474 -0.074446 -4.294737
v -3.789474 -1.200000 -4.294737
v -3.663158 -0.060915 -4.294737
v -3.663158 -1.200000 -4.294737
v -3.536842 -0.044383 -4.294737
v -3.536842 -1.200000 -4.294737
v -3.410526 -0.025123 -4.294737
v -3.410526 -1.200000 -4.294737
v -3.284211 -0.003468 -4.294737
v -3.284211 -1.200000 -4.294737
v -3.157895 0.020203 -4.294737
v -3.157895 -1.200000 -4.294737
v -3.031579 0.045465 -4.294737
v -3.031579 -1.200000 -4.294737
v -2.905263 0.071860 -4.294737
v -2.905263 -1.200000 -4.294737
v -2.778947 0.098905 -4.294737
v -2.778947 -1.200000 -4.294737
v -2.652632 0.126105 -4.294737
v -2.652632 -1.200000 -4.294737
v -2.526316 0.152957 -4.294737
v -2.526316 -1.200000 -4.294737
v -2.400000 0.178967 -4.294737
v -2.400000 -1.200000 -4.294737
v -2.273684 0.203657 -4.294737
v -2.273684 -1.200000 -4.294737
v -2.147368 0.226572 -4.294737
v -2.147368 -1.200000 -4.294737
v -2.021053 0.247297 -4.294737
v -2.021053 -1.200000 -4.294737
v -1.894737 0.265457 -4.294737
v -1.894737 -1.200000 -4.294737
v -1.768421 0.280730 -4.294737
v -1.768421 -1.200000 -4.294737
v -1.642105 0.292854 -4.294737
v -1.642105 -1.200000 -4.294737
v -1.515789 0.301628 -4.294737
v -1.515789 -1.200000 -4.294737
v -1.389474 0.306920 -4.294737
v -1.389474 -1.200000 -4.294737
v -1.263158 0.308667 -4.294737
v -1.263158 -1.200000 -4.294737
v -1.136842 0.306878 -4.294737
v -1.136842 -1.200000 -4.294737
v -1.010526 0.301635 -4.294737
v -1.010526 -1.200000 -4.294737
v -0.884211 0.293085 -4.294737
v -0.884211 -1.200000 -4.294737
v -0.757895 0.281446 -4.294737
v -0.757895 -1.200000 -4.294737
v -0.631579 0.266993 -4.294737
v -0.631579 -1.200000 -4.294737
v -0.505263 0.250058 -4.294737
v -0.505263 -1.200000 -4.294737
v -0.378947 0.231022 -4.294737
v -0.378947 -1.200000 -4.294737
v -0.252632 0.210304 -4.294737
v -0.252632 -1.200000 -4.294737
v -0.126316 0.188356 -4.294737
v -0.126316 -1.200000 -4.294737
v 0.000000 0.165648 -4.294737
v 0.000000 -1.200000 -4.294737
v 0.126316 0.142664 -4.294737
v 0.126316 -1.200000 -4.294737
v 0.252632 0.119887 -4.294737
v 0.252632 -1.200000 -4.294737
v 0.378947 0.097791 -4.294737
v 0.378947 -1.200000 -4.294737
v 0.505263 0.076829 -4.294737
v 0.505263 -1.200000 -4.294737
v 0.631579 0.057425 -4.294737
v 0.631579 -1.200000 -4.294737
v 0.757895 0.039965 -4.294737
v 0.757895 -1.200000 -4.294737
v 0.884211 0.024791 -4.294737
v 0.884211 -1.200000 -4.294737
v 1.010526 0.012187 -4.294737
v 1.010526 -1.200000 -4.294737
v 1.136842 0.002385 -4.294737
v 1.136842 -1.200000 -4.294737
v 1.263158 -0.004452 -4.294737
v 1.263158 -1.200000 -4.294737
v 1.389474 -0.008223 -4.294737
v 1.389474 -1.200000 -4.294737
v 1.515789 -0.008894 -4.294737
v 1.515789 -1.200000 -4.294737
v 1.642105 -0.006503 -4.294737
v 1.642105 -1.200000 -4.294737
v 1.768421 -0.001149 -4.294737
v 1.768421 -1.200000 -4.294737
v 1.894737 0.007000 -4.294737
v 1.894737 -1.200000 -4.294737
v 2.021053 0.017718 -4.294737
v 2.021053 -1.200000 -4.294737
v 2.147368 0.030721 -4.294737
v 2.147368 -1.200000 -4.294737
v 2.273684 0.045676 -4.294737
v 2.273684 -1.200000 -4.294737
v 2.400000 0.062207 -4.294737
v 2.400000 -1.200000 -4.294737
v 2.526316 0.079900 -4.294737
v 2.526316 -1.200000 -4.294737
v 2.652632 0.098318 -4.294737
v 2.652632 -1.200000 -4.294737
v 2.778947 0.117003 -4.294737
v 2.778947 -1.200000 -4.294737
v 2.905263 0.135490 -4.294737
v 2.905263 -1.200000 -4.294737
v 3.031579 0.153318 -4.294737
v 3.031579 -1.200000 -4.294737
v 3.157895 0.170036 -4.294737
v 3.157895 -1.200000 -4.294737
v 3.284211 0.185215 -4.294737
v 3.284211 -1.200000 -4.294737
v 3.410526 0.198460 -4.294737
v 3.410526 -1.200000 -4.294737
v 3.536842 0.209413 -4.294737
v 3.536842 -1.200000 -4.294737
v 3.663158 0.217767 -4.294737
v 3.663158 -1.200000 -4.294737
v 3.789474 0.223268 -4.294737
v 3.789474 -1.200000 -4.294737
v 3.915789 0.225724 -4.294737
v 3.915789 -1.200000 -4.294737
v 4.042105 0.225007 -4.294737
v 4.042105 -1.200000 -4.294737
v 4.168421 0.221058 -4.294737
v 4.168421 -1.200000 -4.294737
v 4.294737 0.213887 -4.294737
v 4.294737 -1.200000 -4.294737
v 4.421053 0.203574 -4.294737
v 4.421053 -1.200000 -4.294737
v 4.547368 0.190266 -4.294737
v 4.547368 -1.200000 -4.294737
v 4.673684 0.174176 -4.294737
v 4.673684 -1.200000 -4.294737
v 4.800000 0.155576 -4.294737
v 4.800000 -1.200000 -4.294737
v -4.800000 -0.073563 -4.168421
v -4.800000 -1.200000 -4.168421
v -4.673684 -0.087431 -4.168421
v -4.673684 -1.200000 -4.168421
v -4.547368 -0.098228 -4.168421
v -4.547368 -1.200000 -4.168421
v -4.421053 -0.105659 -4.168421
v -4.421053 -1.200000 -4.168421
v -4.294737 -0.109496 -4.168421
v -4.294737 -1.200000 -4.168421
v -4.168421 -0.109585 -4.168421
v -4.168421 -1.200000 -4.168421
v -4.042105 -0.105849 -4.168421
v -4.042105 -1.200000 -4.168421
v -3.915789 -0.098294 -4.168421
v -3.915789 -1.200000 -4.168421
v -3.789474 -0.087000 -4.168421
v -3.789474 -1.200000 -4.168421
v -3.663158 -0.072128 -4.168421
v -3.663158 -1.200000 -4.168421
v -3.536842 -0.053914 -4.168421
v -3.536842 -1.200000 -4.168421
v -3.410526 -0.032662 -4.168421
v -3.410526 -1.200000 -4.168421
v -3.284211 -0.008741 -4.168421
v -3.284211 -1.200000 -4.168421
v -3.157895 0.017426 -4.168421
v -3.157895 -1.200000 -4.168421
v -3.031579 0.045365 -4.168421
v -3.031579 -1.200000 -4.168421
v -2.905263 0.074567 -4.168421
v -2.905263 -1.200000 -4.168421
v -2.778947 0.104495 -4.168421
v -2.778947 -1.200000 -4.168421
v -2.652632 0.134597 -4.168421
v -2.652632 -1.200000 -4.168421
v -2.526316 0.164314 -4.168421
v -2.526316 -1.200000 -4.168421
v -2.400000 0.193095 -4.168421
v -2.400000 -1.200000 -4.168421
v -2.273684 0.220408 -4.168421
v -2.273684 -1.200000 -4.168421
v -2.147368 0.245747 -4.168421
v -2.147368 -1.200000 -4.168421
v -2.021053 0.268651 -4.168421
v -2.021053 -1.200000 -4.168421
v -1.894737 0.288701 -4.168421
v -1.894737 -1.200000 -4.168421
v -1.768421 0.305542 -4.168421
v -1.768421 -1.200000 -4.168421
v -1.642105 0.318880 -4.168421
v -1.642105 -1.200000 -4.168421
v -1.515789 0.328493 -4.168421
v -1.515789 -1.200000 -4.168421
v -1.389474 0.334234 -4.168421
v -1.389474 -1.200000 -4.168421
v -1.263158 0.336035 -4.168421
v -1.263158 -1.200000 -4.168421
v -1.136842 0.333908 -4.168421
v -1.136842 -1.200000 -4.168421
v -1.010526 0.327943 -4.168421
v -1.010526 -1.200000 -4.168421
v -0.884211 0.318307 -4.168421
v -0.884211 -1.200000 -4.168421
v -0.757895 0.305243 -4.168421
v -0.757895 -1.200000 -4.168421
v -0.631579 0.289060 -4.168421
v -0.631579 -1.200000 -4.168421
v -0.505263 0.270129 -4.168421
v -0.505263 -1.200000 -4.168421
v -0.378947 0.248875 -4.168421
v -0.378947 -1.200000 -4.168421
v -0.252632 0.225767 -4.168421
v -0.252632 -1.200000 -4.168421
v -0.126316 0.201309 -4.168421
v -0.126316 -1.200000 -4.168421
v 0.000000 0.176026 -4.168421
v 0.000000 -1.200000 -4.168421
v 0.126316 0.150457 -4.168421
v 0.126316 -1.200000 -4.168421
v 0.252632 0.125141 -4.168421
v 0.252632 -1.200000 -4.168421
v 0.378947 0.100603 -4.168421
v 0.378947 -1.200000 -4.168421
v 0.505263 0.077349 -4.168421
v 0.505263 -1.200000 -4.168421
v 0.631579 0.055850 -4.168421
v 0.631579 -1.200000 -4.168421
v 0.757895 0.036532 -4.168421
v 0.757895 -1.200000 -4.168421
v 0.884211 0.019773 -4.168421
v 0.884211 -1.200000 -4.168421
v 1.010526 0.005889 -4.168421
v 1.010526 -1.200000 -4.168421
v 1.136842 -0.004868 -4.168421
v 1.136842 -1.200000 -4.168421
v 1.263158 -0.012316 -4.168421
v 1.263158 -1.200000 -4.168421
v 1.389474 -0.016346 -4.168421
v 1.389474 -1.200000 -4.168421
v 1.515789 -0.016923 -4.168421
v 1.515789 -1.200000 -4.168421
v 1.642105 -0.014088 -4.168421
v 1.642105 -1.200000 -4.168421
v 1.768421 -0.007956 -4.168421
v 1.768421 -1.200000 -4.168421
v 1.894737 0.001289 -4.168421
v 1.894737 -1.200000 -4.168421
v 2.021053 0.013394 -4.168421
v 2.021053 -1.200000 -4.168421
v 2.147368 0.028044 -4.168421
v 2.147368 -1.200000 -4.168421
v 2.273684 0.044870 -4.168421
v 2.273684 -1.200000 -4.168421
v 2.400000 0.063452 -4.168421
v 2.400000 -1.200000 -4.168421
v 2.526316 0.083334 -4.168421
v 2.526316 -1.200000 -4.168421
v 2.652632 0.104026 -4.168421
v 2.652632 -1.200000 -4.168421
v 2.778947 0.125021 -4.168421
v 2.778947 -1.200000 -4.168421
v 2.905263 0.145802 -4.168421
v 2.905263 -1.200000 -4.168421
v 3.031579 0.165853 -4.168421
v 3.031579 -1.200000 -4.168421
v 3.157895 0.184673 -4.168421
v 3.157895 -1.200000 -4.168421
v 3.284211 0.201782 -4.168421
v 3.284211 -1.200000 -4.168421
v 3.410526 0.216739 -4.168421
v 3.410526 -1.200000 -4.168421
v 3.536842 0.229145 -4.168421
v 3.536842 -1.200000 -4.168421
v 3.663158 0.238655 -4.168421
v 3.663158 -1.200000 -4.168421
v 3.789474 0.244985 -4.168421
v 3.789474 -1.200000 -4.168421
v 3.915789 0.247920 -4.168421
v 3.915789 -1.200000 -4.168421
v 4.042105 0.247316 -4.168421
v 4.042105 -1.200000 -4.168421
v 4.168421 0.243106 -4.168421
v 4.168421 -1.200000 -4.168421
v 4.294737 0.235300 -4.168421
v 4.294737 -1.200000 -4.168421
v 4.421053 0.223987 -4.168421
v 4.421053 -1.200000 -4.168421
v 4.547368 0.209329 -4.168421
v 4.547368 -1.200000 -4.168421
v 4.673684 0.191564 -4.168421
v 4.673684 -1.200000 -4.168421
v 4.800000 0.170994 -4.168421
v 4.800000 -1.200000 -4.168421
v -4.800000 -0.081631 -4.042105
v -4.800000 -1.200000 -4.042105
v -4.673684 -0.096842 -4.042105
v -4.673684 -1.200000 -4.042105
v -4.547368 -0.108713 -4.042105
v -4.547368 -1.200000 -4.042105
v -4.421053 -0.116919 -4.042105
v -4.421053 -1.200000 -4.042105
v -4.294737 -0.121212 -4.042105
v -4.294737 -1.200000 -4.042105
v -4.168421 -0.121426 -4.042105
v -4.168421 -1.200000 -4.042105
v -4.042105 -0.117476 -4.042105
v -4.042105 -1.200000 -4.042105
v -3.915789 -0.109366 -4.042105
v -3.915789 -1.200000 -4.042105
v -3.789474 -0.097186 -4.042105
v -3.789474 -1.200000 -4.042105
v -3.663158 -0.081110 -4.042105
v -3.663158 -1.200000 -4.042105
v -3.536842 -0.061395 -4.042105
v -3.536842 -1.200000 -4.042105
v -3.410526 -0.038370 -4.042105
v -3.410526 -1.200000 -4.042105
v -3.284211 -0.012439 -4.042105
v -3.284211 -1.200000 -4.042105
v -3.157895 0.015937 -4.042105
v -3.157895 -1.200000 -4.042105
v -3.031579 0.046244 -4.042105
v -3.031579 -1.200000 -4.042105
v -2.905263 0.077928 -4.042105
v -2.905263 -1.200000 -4.042105
v -2.778947 0.110403 -4.042105
v -2.778947 -1.200000 -4.042105
v -2.652632 0.143068 -4.042105
v -2.652632 -1.200000 -4.042105
v -2.526316 0.175315 -4.042105
v -2.526316 -1.200000 -4.042105
v -2.400000 0.206544 -4.042105
v -2.400000 -1.200000 -4.042105
v -2.273684 0.236175 -4.042105
v -2.273684 -1.200000 -4.042105
v -2.147368 0.263661 -4.042105
v -2.147368 -1.200000 -4.042105
v -2.021053 0.288495 -4.042105
v -2.021053 -1.200000 -4.042105
v -1.894737 0.310225 -4.042105
v -1.894737 -1.200000 -4.042105
v -1.768421 0.328463 -4.042105
v -1.768421 -1.200000 -4.042105
v -1.642105 0.342889 -4.042105
v -1.642105 -1.200000 -4.042105
v -1.515789 0.353263 -4.042105
v -1.515789 -1.200000 -4.042105
v -1.389474 0.359426 -4.042105
v -1.389474 -1.200000 -4.042105
v -1.263158 0.361304 -4.042105
v -1.263158 -1.200000 -4.042105
v -1.136842 0.358910 -4.042105
v -1.136842 -1.200000 -4.042105
v -1.010526 0.352345 -4.042105
v -1.010526 -1.200000 -4.042105
v -0.884211 0.341793 -4.042105
v -0.884211 -1.200000 -4.042105
v -0.757895 0.327517 -4.042105
v -0.757895 -1.200000 -4.042105
v -0.631579 0.309856 -4.042105
v -0.631579 -1.200000 -4.042105
v -0.505263 0.289217 -4.042105
v -0.505263 -1.200000 -4.042105
v -0.378947 0.266063 -4.042105
v -0.378947 -1.200000 -4.042105
v -0.252632 0.240907 -4.042105
v -0.252632 -1.200000 -4.042105
v -0.126316 0.214297 -4.042105
v -0.126316 -1.200000 -4.042105
v 0.000000 0.186808 -4.042105
v 0.000000 -1.200000 -4.042105
v 0.126316 0.159027 -4.042105
v 0.126316 -1.200000 -4.042105
v 0.252632 0.131538 -4.042105
v 0.252632 -1.200000 -4.042105
v 0.378947 0.104915 -4.042105
v 0.378947 -1.200000 -4.042105
v 0.505263 0.079704 -4.042105
v 0.505263 -1.200000 -4.042105
v 0.631579 0.056417 -4.042105
v 0.631579 -1.200000 -4.042105
v 0.757895 0.035515 -4.042105
v 0.757895 -1.200000 -4.042105
v 0.884211 0.017404 -4.042105
v 0.884211 -1.200000 -4.042105
v 1.010526 0.002426 -4.042105
v 1.010526 -1.200000 -4.042105
v 1.136842 -0.009149 -4.042105
v 1.136842 -1.200000 -4.042105
v 1.263158 -0.017126 -4.042105
v 1.263158 -1.200000 -4.042105
v 1.389474 -0.021390 -4.042105
v 1.389474 -1.200000 -4.042105
v 1.515789 -0.021907 -4.042105
v 1.515789 -1.200000 -4.042105
v 1.642105 -0.018721 -4.042105
v 1.642105 -1.200000 -4.042105
v 1.768421 -0.011956 -4.042105
v 1.768421 -1.200000 -4.042105
v 1.894737 -0.001815 -4.042105
v 1.894737 -1.200000 -4.042105
v 2.021053 0.011429 -4.042105
v 2.021053 -1.200000 -4.042105
v 2.147368 0.027437 -4.042105
v 2.147368 -1.200000 -4.042105
v 2.273684 0.045809 -4.042105
v 2.273684 -1.200000 -4.042105
v 2.400000 0.066091 -4.042105
v 2.400000 -1.200000 -4.042105
v 2.526316 0.087787 -4.042105
v 2.526316 -1.200000 -4.042105
v 2.652632 0.110371 -4.042105
v 2.652632 -1.200000 -4.042105
v 2.778947 0.133289 -4.042105
v 2.778947 -1.200000 -4.042105
v 2.905263 0.155980 -4.042105
v 2.905263 -1.200000 -4.042105
v 3.031579 0.177885 -4.042105
v 3.031579 -1.200000 -4.042105
v 3.157895 0.198457 -4.042105
v 3.157895 -1.200000 -4.042105
v 3.284211 0.217175 -4.042105
v 3.284211 -1.200000 -4.042105
v 3.410526 0.233556 -4.042105
v 3.410526 -1.200000 -4.042105
v 3.536842 0.247164 -4.042105
v 3.536842 -1.200000 -4.042105
v 3.663158 0.257623 -4.042105
v 3.663158 -1.200000 -4.042105
v 3.789474 0.264622 -4.042105
v 3.789474 -1.200000 -4.042105
v 3.915789 0.267925 -4.042105
v 3.915789 -1.200000 -4.042105
v 4.042105 0.267374 -4.042105
v 4.042105 -1.200000 -4.042105
v 4.168421 0.262895 -4.042105
v 4.168421 -1.200000 -4.042105
v 4.294737 0.254498 -4.042105
v 4.294737 -1.200000 -4.042105
v 4.421053 0.242278 -4.042105
v 4.421053 -1.200000 -4.042105
v 4.547368 0.226412 -4.042105
v 4.547368 -1.200000 -4.042105
v 4.673684 0.207157 -4.042105
v 4.673684 -1.200000 -4.042105
v 4.800000 0.184844 -4.042105
v 4.800000 -1.200000 -4.042105
v -4.800000 -0.087827 -3.915789
v -4.800000 -1.200000 -3.915789
v -4.673684 -0.104124 -3.915789
v -4.673684 -1.200000 -3.915789
v -4.547368 -0.116853 -3.915789
v -4.547368 -1.200000 -3.915789
v -4.421053 -0.125666 -3.915789
v -4.421053 -1.200000 -3.915789
v -4.294737 -0.130299 -3.915789
v -4.294737 -1.200000 -3.915789
v -4.168421 -0.130573 -3.915789
v -4.168421 -1.200000 -3.915789
v -4.042105 -0.126399 -3.915789
v -4.042105 -1.200000 -3.915789
v -3.915789 -0.117781 -3.915789
v -3.915789 -1.200000 -3.915789
v -3.789474 -0.104813 -3.915789
v -3.789474 -1.200000 -3.915789
v -3.663158 -0.087683 -3.915789
v -3.663158 -1.200000 -3.915789
v -3.536842 -0.066663 -3.915789
v -3.536842 -1.200000 -3.915789
v -3.410526 -0.042109 -3.915789
v -3.410526 -1.200000 -3.915789
v -3.284211 -0.014447 -3.915789
v -3.284211 -1.200000 -3.915789
v -3.157895 0.015826 -3.915789
v -3.157895 -1.200000 -3.915789
v -3.031579 0.048164 -3.915789
v -3.031579 -1.200000 -3.915789
v -2.905263 0.081972 -3.915789
v -2.905263 -1.200000 -3.915789
v -2.778947 0.116626 -3.915789
v -2.778947 -1.200000 -3.915789
v -2.652632 0.151483 -3.915789
v -2.652632 -1.200000 -3.915789
v -2.526316 0.185895 -3.915789
v -2.526316 -1.200000 -3.915789
v -2.400000 0.219220 -3.915789
v -2.400000 -1.200000 -3.915789
v -2.273684 0.250838 -3.915789
v -2.273684 -1.200000 -3.915789
v -2.147368 0.280163 -3.915789
v -2.147368 -1.200000 -3.915789
v -2.021053 0.306657 -3.915789
v -2.021053 -1.200000 -3.915789
v -1.894737 0.329835 -3.915789
v -1.894737 -1.200000 -3.915789
v -1.768421 0.349283 -3.915789
v -1.768421 -1.200000 -3.915789
v -1.642105 0.364661 -3.915789
v -1.642105 -1.200000 -3.915789
v -1.515789 0.375711 -3.915789
v -1.515789 -1.200000 -3.915789
v -1.389474 0.382265 -3.915789
v -1.389474 -1.200000 -3.915789
v -1.263158 0.384243 -3.915789
v -1.263158 -1.200000 -3.915789
v -1.136842 0.381663 -3.915789
v -1.136842 -1.200000 -3.915789
v -1.010526 0.374631 -3.915789
v -1.010526 -1.200000 -3.915789
v -0.884211 0.363345 -3.915789
v -0.884211 -1.200000 -3.915789
v -0.757895 0.348090 -3.915789
v -0.757895 -1.200000 -3.915789
v -0.631579 0.329229 -3.915789
v -0.631579 -1.200000 -3.915789
v -0.505263 0.307198 -3.915789
v -0.505263 -1.200000 -3.915789
v -0.378947 0.282493 -3.915789
v -0.378947 -1.200000 -3.915789
v -0.252632 0.255664 -3.915789
v -0.252632 -1.200000 -3.915789
v -0.126316 0.227299 -3.915789
v -0.126316 -1.200000 -3.915789
v 0.000000 0.198012 -3.915789
v 0.000000 -1.200000 -3.915789
v 0.126316 0.168430 -3.915789
v 0.126316 -1.200000 -3.915789
v 0.252632 0.139176 -3.915789
v 0.252632 -1.200000 -3.915789
v 0.378947 0.110862 -3.915789
v 0.378947 -1.200000 -3.915789
v 0.505263 0.084068 -3.915789
v 0.505263 -1.200000 -3.915789
v 0.631579 0.059337 -3.915789
v 0.631579 -1.200000 -3.915789
v 0.757895 0.037158 -3.915789
v 0.757895 -1.200000 -3.915789
v 0.884211 0.017959 -3.915789
v 0.884211 -1.200000 -3.915789
v 1.010526 0.002098 -3.915789
v 1.010526 -1.200000 -3.915789
v 1.136842 -0.010140 -3.915789
v 1.136842 -1.200000 -3.915789
v 1.263158 -0.018553 -3.915789
v 1.263158 -1.200000 -3.915789
v 1.389474 -0.023021 -3.915789
v 1.389474 -1.200000 -3.915789
v 1.515789 -0.023511 -3.915789
v 1.515789 -1.200000 -3.915789
v 1.642105 -0.020073 -3.915789
v 1.642105 -1.200000 -3.915789
v 1.768421 -0.012838 -3.915789
v 1.768421 -1.200000 -3.915789
v 1.894737 -0.002021 -3.915789
v 1.894737 -1.200000 -3.915789
v 2.021053 0.012089 -3.915789
v 2.021053 -1.200000 -3.915789
v 2.147368 0.029134 -3.915789
v 2.147368 -1.200000 -3.915789
v 2.273684 0.048691 -3.915789
v 2.273684 -1.200000 -3.915789
v 2.400000 0.070281 -3.915789
v 2.400000 -1.200000 -3.915789
v 2.526316 0.093381 -3.915789
v 2.526316 -1.200000 -3.915789
v 2.652632 0.117429 -3.915789
v 2.652632 -1.200000 -3.915789
v 2.778947 0.141841 -3.915789
v 2.778947 -1.200000 -3.915789
v 2.905263 0.166021 -3.915789
v 2.905263 -1.200000 -3.915789
v 3.031579 0.189372 -3.915789
v 3.031579 -1.200000 -3.915789
v 3.157895 0.211310 -3.915789
v 3.157895 -1.200000 -3.915789
v 3.284211 0.231281 -3.915789
v 3.284211 -1.200000 -3.915789
v 3.410526 0.248768 -3.915789
v 3.410526 -1.200000 -3.915789
v 3.536842 0.263303 -3.915789
v 3.536842 -1.200000 -3.915789
v 3.663158 0.274484 -3.915789
v 3.663158 -1.200000 -3.915789
v 3.789474 0.281977 -3.915789
v 3.789474 -1.200000 -3.915789
v 3.915789 0.285526 -3.915789
v 3.915789 -1.200000 -3.915789
v 4.042105 0.284964 -3.915789
v 4.042105 -1.200000 -3.915789
v 4.168421 0.280208 -3.915789
v 4.168421 -1.200000 -3.915789
v 4.294737 0.271267 -3.915789
v 4.294737 -1.200000 -3.915789
v 4.421053 0.258243 -3.915789
v 4.421053 -1.200000 -3.915789
v 4.547368 0.241324 -3.915789
v 4.547368 -1.200000 -3.915789
v 4.673684 0.220783 -3.915789
v 4.673684 -1.200000 -3.915789
v 4.800000 0.196973 -3.915789
v 4.800000 -1.200000 -3.915789
v -4.800000 -0.092034 -3.789474
v -4.800000 -1.200000 -3.789474
v -4.673684 -0.109142 -3.789474
v -4.673684 -1.200000 -3.789474
v -4.547368 -0.122499 -3.789474
v -4.547368 -1.200000 -3.789474
v -4.421053 -0.131742 -3.789474
v -4.421053 -1.200000 -3.789474
v -4.294737 -0.136591 -3.789474
v -4.294737 -1.200000 -3.789474
v -4.168421 -0.136858 -3.789474
v -4.168421 -1.200000 -3.789474
v -4.042105 -0.132451 -3.789474
v -4.042105 -1.200000 -3.789474
v -3.915789 -0.123373 -3.789474
v -3.915789 -1.200000 -3.789474
v -3.789474 -0.109724 -3.789474
v -3.789474 -1.200000 -3.789474
v -3.663158 -0.091700 -3.789474
v -3.663158 -1.200000 -3.789474
v -3.536842 -0.069589 -3.789474
v -3.536842 -1.200000 -3.789474
v -3.410526 -0.043763 -3.789474
v -3.410526 -1.200000 -3.789474
v -3.284211 -0.014672 -3.789474
v -3.284211 -1.200000 -3.789474
v -3.157895 0.017164 -3.789474
v -3.157895 -1.200000 -3.789474
v -3.031579 0.051169 -3.789474
v -3.031579 -1.200000 -3.789474
v -2.905263 0.086720 -3.789474
v -2.905263 -1.200000 -3.789474
v -2.778947 0.123160 -3.789474
v -2.778947 -1.200000 -3.789474
v -2.652632 0.159812 -3.789474
v -2.652632 -1.200000 -3.789474
v -2.526316 0.195997 -3.789474
v -2.526316 -1.200000 -3.789474
v -2.400000 0.231038 -3.789474
v -2.400000 -1.200000 -3.789474
v -2.273684 0.264287 -3.789474
v -2.273684 -1.200000 -3.789474
v -2.147368 0.295126 -3.789474
v -2.147368 -1.200000 -3.789474
v -2.021053 0.322988 -3.789474
v -2.021053 -1.200000 -3.789474
v -1.894737 0.347367 -3.789474
v -1.894737 -1.200000 -3.789474
v -1.768421 0.367826 -3.789474
v -1.768421 -1.200000 -3.789474
v -1.642105 0.384007 -3.789474
v -1.642105 -1.200000 -3.789474
v -1.515789 0.395642 -3.789474
v -1.515789 -1.200000 -3.789474
v -1.389474 0.402552 -3.789474
v -1.389474 -1.200000 -3.789474
v -1.263158 0.404657 -3.789474
v -1.263158 -1.200000 -3.789474
v -1.136842 0.401974 -3.789474
v -1.136842 -1.200000 -3.789474
v -1.010526 0.394618 -3.789474
v -1.010526 -1.200000 -3.789474
v -0.884211 0.382797 -3.789474
v -0.884211 -1.200000 -3.789474
v -0.757895 0.366813 -3.789474
v -0.757895 -1.200000 -3.789474
v -0.631579 0.347050 -3.789474
v -0.631579 -1.200000 -3.789474
v -0.505263 0.323967 -3.789474
v -0.505263 -1.200000 -3.789474
v -0.378947 0.298088 -3.789474
v -0.378947 -1.200000 -3.789474
v -0.252632 0.269994 -3.789474
v -0.252632 -1.200000 -3.789474
v -0.126316 0.240302 -3.789474
v -0.126316 -1.200000 -3.789474
v 0.000000 0.209659 -3.789474
v 0.000000 -1.200000 -3.789474
v 0.126316 0.178723 -3.789474
v 0.126316 -1.200000 -3.789474
v 0.252632 0.148150 -3.789474
v 0.252632 -1.200000 -3.789474
v 0.378947 0.118576 -3.789474
v 0.378947 -1.200000 -3.789474
v 0.505263 0.090610 -3.789474
v 0.505263 -1.200000 -3.789474
v 0.631579 0.064814 -3.789474
v 0.631579 -1.200000 -3.789474
v 0.757895 0.041696 -3.789474
v 0.757895 -1.200000 -3.789474
v 0.884211 0.021699 -3.789474
v 0.884211 -1.200000 -3.789474
v 1.010526 0.005192 -3.789474
v 1.010526 -1.200000 -3.789474
v 1.136842 -0.007535 -3.789474
v 1.136842 -1.200000 -3.789474
v 1.263158 -0.016276 -3.789474
v 1.263158 -1.200000 -3.789474
v 1.389474 -0.020912 -3.789474
v 1.389474 -1.200000 -3.789474
v 1.515789 -0.021410 -3.789474
v 1.515789 -1.200000 -3.789474
v 1.642105 -0.017825 -3.789474
v 1.642105 -1.200000 -3.789474
v 1.768421 -0.010295 -3.789474
v 1.768421 -1.200000 -3.789474
v 1.894737 0.000959 -3.789474
v 1.894737 -1.200000 -3.789474
v 2.021053 0.015637 -3.789474
v 2.021053 -1.200000 -3.789474
v 2.147368 0.033369 -3.789474
v 2.147368 -1.200000 -3.789474
v 2.273684 0.053717 -3.789474
v 2.273684 -1.200000 -3.789474
v 2.400000 0.076189 -3.789474
v 2.400000 -1.200000 -3.789474
v 2.526316 0.100240 -3.789474
v 2.526316 -1.200000 -3.789474
v 2.652632 0.125289 -3.789474
v 2.652632 -1.200000 -3.789474
v 2.778947 0.150728 -3.789474
v 2.778947 -1.200000 -3.789474
v 2.905263 0.175936 -3.789474
v 2.905263 -1.200000 -3.789474
v 3.031579 0.200288 -3.789474
v 3.031579 -1.200000 -3.789474
v 3.157895 0.223176 -3.789474
v 3.157895 -1.200000 -3.789474
v 3.284211 0.244015 -3.789474
v 3.284211 -1.200000 -3.789474
v 3.410526 0.262263 -3.789474
v 3.410526 -1.200000 -3.789474
v 3.536842 0.277428 -3.789474
v 3.536842 -1.200000 -3.789474
v 3.663158 0.289085 -3.789474
v 3.663158 -1.200000 -3.789474
v 3.789474 0.296882 -3.789474
v 3.789474 -1.200000 -3.789474
v 3.915789 0.300548 -3.789474
v 3.915789 -1.200000 -3.789474
v 4.042105 0.299903 -3.789474
v 4.042105 -1.200000 -3.789474
v 4.168421 0.294861 -3.789474
v 4.168421 -1.200000 -3.789474
v 4.294737 0.285428 -3.789474
v 4.294737 -1.200000 -3.789474
v 4.421053 0.271710 -3.789474
v 4.421053 -1.200000 -3.789474
v 4.547368 0.253903 -3.789474
v 4.547368 -1.200000 -3.789474
v 4.673684 0.232293 -3.789474
v 4.673684 -1.200000 -3.789474
v 4.800000 0.207251 -3.789474
v 4.800000 -1.200000 -3.789474
v -4.800000 -0.094161 -3.663158
v -4.800000 -1.200000 -3.663158
v -4.673684 -0.111792 -3.663158
v -4.673684 -1.200000 -3.663158
v -4.547368 -0.125538 -3.663158
v -4.547368 -1.200000 -3.663158
v -4.421053 -0.135023 -3.663158
v -4.421053 -1.200000 -3.663158
v -4.294737 -0.139958 -3.663158
v -4.294737 -1.200000 -3.663158
v -4.168421 -0.140149 -3.663158
v -4.168421 -1.200000 -3.663158
v -4.042105 -0.135500 -3.663158
v -4.042105 -1.200000 -3.663158
v -3.915789 -0.126015 -3.663158
v -3.915789 -1.200000 -3.663158
v -3.789474 -0.111797 -3.663158
v -3.789474 -1.200000 -3.663158
v -3.663158 -0.093051 -3.663158
v -3.663158 -1.200000 -3.663158
v -3.536842 -0.070072 -3.663158
v -3.536842 -1.200000 -3.663158
v -3.410526 -0.043248 -3.663158
v -3.410526 -1.200000 -3.663158
v -3.284211 -0.013044 -3.663158
v -3.284211 -1.200000 -3.663158
v -3.157895 0.020002 -3.663158
v -3.157895 -1.200000 -3.663158
v -3.031579 0.055293 -3.663158
v -3.031579 -1.200000 -3.663158
v -2.905263 0.092183 -3.663158
v -2.905263 -1.200000 -3.663158
v -2.778947 0.129994 -3.663158
v -2.778947 -1.200000 -3.663158
v -2.652632 0.168024 -3.663158
v -2.652632 -1.200000 -3.663158
v -2.526316 0.205569 -3.663158
v -2.526316 -1.200000 -3.663158
v -2.400000 0.241930 -3.663158
v -2.400000 -1.200000 -3.663158
v -2.273684 0.276433 -3.663158
v -2.273684 -1.200000 -3.663158
v -2.147368 0.308440 -3.663158
v -2.147368 -1.200000 -3.663158
v -2.021053 0.337366 -3.663158
v -2.021053 -1.200000 -3.663158
v -1.894737 0.362683 -3.663158
v -1.894737 -1.200000 -3.663158
v -1.768421 0.383941 -3.663158
v -1.768421 -1.200000 -3.663158
v -1.642105 0.400771 -3.663158
v -1.642105 -1.200000 -3.663158
v -1.515789 0.412893 -3.663158
v -1.515789 -1.200000 -3.663158
v -1.389474 0.420125 -3.663158
v -1.389474 -1.200000 -3.663158
v -1.263158 0.422383 -3.663158
v -1.263158 -1.200000 -3.663158
v -1.136842 0.419687 -3.663158
v -1.136842 -1.200000 -3.663158
v -1.010526 0.412157 -3.663158
v -1.010526 -1.200000 -3.663158
v -0.884211 0.400011 -3.663158
v -0.884211 -1.200000 -3.663158
v -0.757895 0.383563 -3.663158
v -0.757895 -1.200000 -3.663158
v -0.631579 0.363213 -3.663158
v -0.631579 -1.200000 -3.663158
v -0.505263 0.339439 -3.663158
v -0.505263 -1.200000 -3.663158
v -0.378947 0.312788 -3.663158
v -0.378947 -1.200000 -3.663158
v -0.252632 0.283861 -3.663158
v -0.252632 -1.200000 -3.663158
v -0.126316 0.253300 -3.663158
v -0.126316 -1.200000 -3.663158
v 0.000000 0.221775 -3.663158
v 0.000000 -1.200000 -3.663158
v 0.126316 0.189966 -3.663158
v 0.126316 -1.200000 -3.663158
v 0.252632 0.158550 -3.663158
v 0.252632 -1.200000 -3.663158
v 0.378947 0.128183 -3.663158
v 0.378947 -1.200000 -3.663158
v 0.505263 0.099488 -3.663158
v 0.505263 -1.200000 -3.663158
v 0.631579 0.073038 -3.663158
v 0.631579 -1.200000 -3.663158
v 0.757895 0.049352 -3.663158
v 0.757895 -1.200000 -3.663158
v 0.884211 0.028876 -3.663158
v 0.884211 -1.200000 -3.663158
v 1.010526 0.011981 -3.663158
v 1.010526 -1.200000 -3.663158
v 1.136842 -0.001043 -3.663158
v 1.136842 -1.200000 -3.663158
v 1.263158 -0.009993 -3.663158
v 1.263158 -1.200000 -3.663158
v 1.389474 -0.014751 -3.663158
v 1.389474 -1.200000 -3.663158
v 1.515789 -0.015291 -3.663158
v 1.515789 -1.200000 -3.663158
v 1.642105 -0.011669 -3.663158
v 1.642105 -1.200000 -3.663158
v 1.768421 -0.004029 -3.663158
v 1.768421 -1.200000 -3.663158
v 1.894737 0.007404 -3.663158
v 1.894737 -1.200000 -3.663158
v 2.021053 0.022328 -3.663158
v 2.021053 -1.200000 -3.663158
v 2.147368 0.040369 -3.663158
v 2.147368 -1.200000 -3.663158
v 2.273684 0.061086 -3.663158
v 2.273684 -1.200000 -3.663158
v 2.400000 0.083978 -3.663158
v 2.400000 -1.200000 -3.663158
v 2.526316 0.108495 -3.663158
v 2.526316 -1.200000 -3.663158
v 2.652632 0.134046 -3.663158
v 2.652632 -1.200000 -3.663158
v 2.778947 0.160010 -3.663158
v 2.778947 -1.200000 -3.663158
v 2.905263 0.185751 -3.663158
v 2.905263 -1.200000 -3.663158
v 3.031579 0.210630 -3.663158
v 3.031579 -1.200000 -3.663158
v 3.157895 0.234018 -3.663158
v 3.157895 -1.200000 -3.663158
v 3.284211 0.255315 -3.663158
v 3.284211 -1.200000 -3.663158
v 3.410526 0.273957 -3.663158
v 3.410526 -1.200000 -3.663158
v 3.536842 0.289435 -3.663158
v 3.536842 -1.200000 -3.663158
v 3.663158 0.301307 -3.663158
v 3.663158 -1.200000 -3.663158
v 3.789474 0.309206 -3.663158
v 3.789474 -1.200000 -3.663158
v 3.915789 0.312849 -3.663158
v 3.915789 -1.200000 -3.663158
v 4.042105 0.312047 -3.663158
v 4.042105 -1.200000 -3.663158
v 4.168421 0.306708 -3.663158
v 4.168421 -1.200000 -3.663158
v 4.294737 0.296837 -3.663158
v 4.294737 -1.200000 -3.663158
v 4.421053 0.282540 -3.663158
v 4.421053 -1.200000 -3.663158
v 4.547368 0.264019 -3.663158
v 4.547368 -1.200000 -3.663158
v 4.673684 0.241570 -3.663158
v 4.673684 -1.200000 -3.663158
v 4.800000 0.215575 -3.663158
v 4.800000 -1.200000 -3.663158
v -4.800000 -0.094148 -3.536842
v -4.800000 -1.200000 -3.536842
v -4.673684 -0.112003 -3.536842
v -4.673684 -1.200000 -3.536842
v -4.547368 -0.125890 -3.536842
v -4.547368 -1.200000 -3.536842
v -4.421053 -0.135424 -3.536842
v -4.421053 -1.200000 -3.536842
v -4.294737 -0.140312 -3.536842
v -4.294737 -1.200000 -3.536842
v -4.168421 -0.140356 -3.536842
v -4.168421 -1.200000 -3.536842
v -4.042105 -0.135457 -3.536842
v -4.042105 -1.200000 -3.536842
v -3.915789 -0.125620 -3.536842
v -3.915789 -1.200000 -3.536842
v -3.789474 -0.110951 -3.536842
v -3.789474 -1.200000 -3.536842
v -3.663158 -0.091659 -3.536842
v -3.663158 -1.200000 -3.536842
v -3.536842 -0.068046 -3.536842
v -3.536842 -1.200000 -3.536842
v -3.410526 -0.040507 -3.536842
v -3.410526 -1.200000 -3.536842
v -3.284211 -0.009518 -3.536842
v -3.284211 -1.200000 -3.536842
v -3.157895 0.024372 -3.536842
v -3.157895 -1.200000 -3.536842
v -3.031579 0.060553 -3.536842
v -3.031579 -1.200000 -3.536842
v -2.905263 0.098366 -3.536842
v -2.905263 -1.200000 -3.536842
v -2.778947 0.137116 -3.536842
v -2.778947 -1.200000 -3.536842
v -2.652632 0.176091 -3.536842
v -2.652632 -1.200000 -3.536842
v -2.526316 0.214567 -3.536842
v -2.526316 -1.200000 -3.536842
v -2.400000 0.251834 -3.536842
v -2.400000 -1.200000 -3.536842
v -2.273684 0.287203 -3.536842
v -2.273684 -1.200000 -3.536842
v -2.147368 0.320022 -3.536842
v -2.147368 -1.200000 -3.536842
v -2.021053 0.349692 -3.536842
v -2.021053 -1.200000 -3.536842
v -1.894737 0.375678 -3.536842
v -1.894737 -1.200000 -3.536842
v -1.768421 0.397517 -3.536842
v -1.768421 -1.200000 -3.536842
v -1.642105 0.414833 -3.536842
v -1.642105 -1.200000 -3.536842
v -1.515789 0.427342 -3.536842
v -1.515789 -1.200000 -3.536842
v -1.389474 0.434858 -3.536842
v -1.389474 -1.200000 -3.536842
v -1.263158 0.437298 -3.536842
v -1.263158 -1.200000 -3.536842
v -1.136842 0.434681 -3.536842
v -1.136842 -1.200000 -3.536842
v -1.010526 0.427133 -3.536842
v -1.010526 -1.200000 -3.536842
v -0.884211 0.414881 -3.536842
v -0.884211 -1.200000 -3.536842
v -0.757895 0.398245 -3.536842
v -0.757895 -1.200000 -3.536842
v -0.631579 0.377638 -3.536842
v -0.631579 -1.200000 -3.536842
v -0.505263 0.353553 -3.536842
v -0.505263 -1.200000 -3.536842
v -0.378947 0.326549 -3.536842
v -0.378947 -1.200000 -3.536842
v -0.252632 0.297244 -3.536842
v -0.252632 -1.200000 -3.536842
v -0.126316 0.266295 -3.536842
v -0.126316 -1.200000 -3.536842
v 0.000000 0.234388 -3.536842
v 0.000000 -1.200000 -3.536842
v 0.126316 0.202215 -3.536842
v 0.126316 -1.200000 -3.536842
v 0.252632 0.170464 -3.536842
v 0.252632 -1.200000 -3.536842
v 0.378947 0.139799 -3.536842
v 0.378947 -1.200000 -3.536842
v 0.505263 0.110848 -3.536842
v 0.505263 -1.200000 -3.536842
v 0.631579 0.084186 -3.536842
v 0.631579 -1.200000 -3.536842
v 0.757895 0.060328 -3.536842
v 0.757895 -1.200000 -3.536842
v 0.884211 0.039716 -3.536842
v 0.884211 -1.200000 -3.536842
v 1.010526 0.022715 -3.536842
v 1.010526 -1.200000 -3.536842
v 1.136842 0.009605 -3.536842
v 1.136842 -1.200000 -3.536842
v 1.263158 0.000581 -3.536842
v 1.263158 -1.200000 -3.536842
v 1.389474 -0.004248 -3.536842
v 1.389474 -1.200000 -3.536842
v 1.515789 -0.004860 -3.536842
v 1.515789 -1.200000 -3.536842
v 1.642105 -0.001317 -3.536842
v 1.642105 -1.200000 -3.536842
v 1.768421 0.006236 -3.536842
v 1.768421 -1.200000 -3.536842
v 1.894737 0.017577 -3.536842
v 1.894737 -1.200000 -3.536842
v 2.021053 0.032407 -3.536842
v 2.021053 -1.200000 -3.536842
v 2.147368 0.050356 -3.536842
v 2.147368 -1.200000 -3.536842
v 2.273684 0.070989 -3.536842
v 2.273684 -1.200000 -3.536842
v 2.400000 0.093812 -3.536842
v 2.400000 -1.200000 -3.536842
v 2.526316 0.118279 -3.536842
v 2.526316 -1.200000 -3.536842
v 2.652632 0.143800 -3.536842
v 2.652632 -1.200000 -3.536842
v 2.778947 0.169756 -3.536842
v 2.778947 -1.200000 -3.536842
v 2.905263 0.195507 -3.536842
v 2.905263 -1.200000 -3.536842
v 3.031579 0.220409 -3.536842
v 3.031579 -1.200000 -3.536842
v 3.157895 0.243825 -3.536842
v 3.157895 -1.200000 -3.536842
v 3.284211 0.265145 -3.536842
v 3.284211 -1.200000 -3.536842
v 3.410526 0.283794 -3.536842
v 3.410526 -1.200000 -3.536842
v 3.536842 0.299252 -3.536842
v 3.536842 -1.200000 -3.536842
v 3.663158 0.311064 -3.536842
v 3.663158 -1.200000 -3.536842
v 3.789474 0.318853 -3.536842
v 3.789474 -1.200000 -3.536842
v 3.915789 0.322326 -3.536842
v 3.915789 -1.200000 -3.536842
v 4.042105 0.321288 -3.536842
v 4.042105 -1.200000 -3.536842
v 4.168421 0.315641 -3.536842
v 4.168421 -1.200000 -3.536842
v 4.294737 0.305386 -3.536842
v 4.294737 -1.200000 -3.536842
v 4.421053 0.290630 -3.536842
v 4.421053 -1.200000 -3.536842
v 4.547368 0.271577 -3.536842
v 4.547368 -1.200000 -3.536842
v 4.673684 0.248526 -3.536842
v 4.673684 -1.200000 -3.536842
v 4.800000 0.221865 -3.536842
v 4.800000 -1.200000 -3.536842
v -4.800000 -0.091959 -3.410526
v -4.800000 -1.200000 -3.410526
v -4.673684 -0.109736 -3.410526
v -4.673684 -1.200000 -3.410526
v -4.547368 -0.123511 -3.410526
v -4.547368 -1.200000 -3.410526
v -4.421053 -0.132899 -3.410526
v -4.421053 -1.200000 -3.410526
v -4.294737 -0.137605 -3.410526
v -4.294737 -1.200000 -3.410526
v -4.168421 -0.137429 -3.410526
v -4.168421 -1.200000 -3.410526
v -4.042105 -0.132273 -3.410526
v -4.042105 -1.200000 -3.410526
v -3.915789 -0.122141 -3.410526
v -3.915789 -1.200000 -3.410526
v -3.789474 -0.107142 -3.410526
v -3.789474 -1.200000 -3.410526
v -3.663158 -0.087485 -3.410526
v -3.663158 -1.200000 -3.410526
v -3.536842 -0.063476 -3.410526
v -3.536842 -1.200000 -3.410526
v -3.410526 -0.035512 -3.410526
v -3.410526 -1.200000 -3.410526
v -3.284211 -0.004074 -3.410526
v -3.284211 -1.200000 -3.410526
v -3.157895 0.030285 -3.410526
v -3.157895 -1.200000 -3.410526
v -3.031579 0.066951 -3.410526
v -3.031579 -1.200000 -3.410526
v -2.905263 0.105259 -3.410526
v -2.905263 -1.200000 -3.410526
v -2.778947 0.144511 -3.410526
v -2.778947 -1.200000 -3.410526
v -2.652632 0.183986 -3.410526
v -2.652632 -1.200000 -3.410526
v -2.526316 0.222957 -3.410526
v -2.526316 -1.200000 -3.410526
v -2.400000 0.260708 -3.410526
v -2.400000 -1.200000 -3.410526
v -2.273684 0.296544 -3.410526
v -2.273684 -1.200000 -3.410526
v -2.147368 0.329809 -3.410526
v -2.147368 -1.200000 -3.410526
v -2.021053 0.359900 -3.410526
v -2.021053 -1.200000 -3.410526
v -1.894737 0.386275 -3.410526
v -1.894737 -1.200000 -3.410526
v -1.768421 0.408472 -3.410526
v -1.768421 -1.200000 -3.410526
v -1.642105 0.426109 -3.410526
v -1.642105 -1.200000 -3.410526
v -1.515789 0.438903 -3.410526
v -1.515789 -1.200000 -3.410526
v -1.389474 0.446665 -3.410526
v -1.389474 -1.200000 -3.410526
v -1.263158 0.449315 -3.410526
v -1.263158 -1.200000 -3.410526
v -1.136842 0.446873 -3.410526
v -1.136842 -1.200000 -3.410526
v -1.010526 0.439469 -3.410526
v -1.010526 -1.200000 -3.410526
v -0.884211 0.427333 -3.410526
v -0.884211 -1.200000 -3.410526
v -0.757895 0.410794 -3.410526
v -0.757895 -1.200000 -3.410526
v -0.631579 0.390271 -3.410526
v -0.631579 -1.200000 -3.410526
v -0.505263 0.366264 -3.410526
v -0.505263 -1.200000 -3.410526
v -0.378947 0.339343 -3.410526
v -0.378947 -1.200000 -3.410526
v -0.252632 0.310131 -3.410526
v -0.252632 -1.200000 -3.410526
v -0.126316 0.279296 -3.410526
v -0.126316 -1.200000 -3.410526
v 0.000000 0.247527 -3.410526
v 0.000000 -1.200000 -3.410526
v 0.126316 0.215522 -3.410526
v 0.126316 -1.200000 -3.410526
v 0.252632 0.183967 -3.410526
v 0.252632 -1.200000 -3.410526
v 0.378947 0.153526 -3.410526
v 0.378947 -1.200000 -3.410526
v 0.505263 0.124818 -3.410526
v 0.505263 -1.200000 -3.410526
v 0.631579 0.098409 -3.410526
v 0.631579 -1.200000 -3.410526
v 0.757895 0.074801 -3.410526
v 0.757895 -1.200000 -3.410526
v 0.884211 0.054421 -3.410526
v 0.884211 -1.200000 -3.410526
v 1.010526 0.037614 -3.410526
v 1.010526 -1.200000 -3.410526
v 1.136842 0.024645 -3.410526
v 1.136842 -1.200000 -3.410526
v 1.263158 0.015693 -3.410526
v 1.263158 -1.200000 -3.410526
v 1.389474 0.010854 -3.410526
v 1.389474 -1.200000 -3.410526
v 1.515789 0.010141 -3.410526
v 1.515789 -1.200000 -3.410526
v 1.642105 0.013488 -3.410526
v 1.642105 -1.200000 -3.410526
v 1.768421 0.020752 -3.410526
v 1.768421 -1.200000 -3.410526
v 1.894737 0.031716 -3.410526
v 1.894737 -1.200000 -3.410526
v 2.021053 0.046094 -3.410526
v 2.021053 -1.200000 -3.410526
v 2.147368 0.063529 -3.410526
v 2.147368 -1.200000 -3.410526
v 2.273684 0.083605 -3.410526
v 2.273684 -1.200000 -3.410526
v 2.400000 0.105844 -3.410526
v 2.400000 -1.200000 -3.410526
v 2.526316 0.129717 -3.410526
v 2.526316 -1.200000 -3.410526
v 2.652632 0.154651 -3.410526
v 2.652632 -1.200000 -3.410526
v 2.778947 0.180040 -3.410526
v 2.778947 -1.200000 -3.410526
v 2.905263 0.205254 -3.410526
v 2.905263 -1.200000 -3.410526
v 3.031579 0.229653 -3.410526
v 3.031579 -1.200000 -3.410526
v 3.157895 0.252604 -3.410526
v 3.157895 -1.200000 -3.410526
v 3.284211 0.273495 -3.410526
v 3.284211 -1.200000 -3.410526
v 3.410526 0.291749 -3.410526
v 3.410526 -1.200000 -3.410526
v 3.536842 0.306840 -3.410526
v 3.536842 -1.200000 -3.410526
v 3.663158 0.318307 -3.410526
v 3.663158 -1.200000 -3.410526
v 3.789474 0.325766 -3.410526
v 3.789474 -1.200000 -3.410526
v 3.915789 0.328918 -3.410526
v 3.915789 -1.200000 -3.410526
v 4.042105 0.327561 -3.410526
v 4.042105 -1.200000 -3.410526
v 4.168421 0.321592 -3.410526
v 4.168421 -1.200000 -3.410526
v 4.294737 0.311009 -3.410526
v 4.294737 -1.200000 -3.410526
v 4.421053 0.295916 -3.410526
v 4.421053 -1.200000 -3.410526
v 4.547368 0.276514 -3.410526
v 4.547368 -1.200000 -3.410526
v 4.673684 0.253103 -3.410526
v 4.673684 -1.200000 -3.410526
v 4.800000 0.226073 -3.410526
v 4.800000 -1.200000 -3.410526
v -4.800000 -0.087590 -3.284211
v -4.800000 -1.200000 -3.284211
v -4.673684 -0.104984 -3.284211
v -4.673684 -1.200000 -3.284211
v -4.547368 -0.118396 -3.284211
v -4.547368 -1.200000 -3.284211
v -4.421053 -0.127442 -3.284211
v -4.421053 -1.200000 -3.284211
v -4.294737 -0.131830 -3.284211
v -4.294737 -1.200000 -3.284211
v -4.168421 -0.131362 -3.284211
v -4.168421 -1.200000 -3.284211
v -4.042105 -0.125941 -3.284211
v -4.042105 -1.200000 -3.284211
v -3.915789 -0.115573 -3.284211
v -3.915789 -1.200000 -3.284211
v -3.789474 -0.100366 -3.284211
v -3.789474 -1.200000 -3.284211
v -3.663158 -0.080528 -3.284211
v -3.663158 -1.200000 -3.284211
v -3.536842 -0.056363 -3.284211
v -3.536842 -1.200000 -3.284211
v -3.410526 -0.028268 -3.284211
v -3.410526 -1.200000 -3.284211
v -3.284211 0.003280 -3.284211
v -3.284211 -1.200000 -3.284211
v -3.157895 0.037731 -3.284211
v -3.157895 -1.200000 -3.284211
v -3.031579 0.074474 -3.284211
v -3.031579 -1.200000 -3.284211
v -2.905263 0.112847 -3.284211
v -2.905263 -1.200000 -3.284211
v -2.778947 0.152157 -3.284211
v -2.778947 -1.200000 -3.284211
v -2.652632 0.191685 -3.284211
v -2.652632 -1.200000 -3.284211
v -2.526316 0.230711 -3.284211
v -2.526316 -1.200000 -3.284211
v -2.400000 0.268520 -3.284211
v -2.400000 -1.200000 -3.284211
v -2.273684 0.304422 -3.284211
v -2.273684 -1.200000 -3.284211
v -2.147368 0.337765 -3.284211
v -2.147368 -1.200000 -3.284211
v -2.021053 0.367948 -3.284211
v -2.021053 -1.200000 -3.284211
v -1.894737 0.394434 -3.284211
v -1.894737 -1.200000 -3.284211
v -1.768421 0.416762 -3.284211
v -1.768421 -1.200000 -3.284211
v -1.642105 0.434555 -3.284211
v -1.642105 -1.200000 -3.284211
v -1.515789 0.447528 -3.284211
v -1.515789 -1.200000 -3.284211
v -1.389474 0.455499 -3.284211
v -1.389474 -1.200000 -3.284211
v -1.263158 0.458387 -3.284211
v -1.263158 -1.200000 -3.284211
v -1.136842 0.456217 -3.284211
v -1.136842 -1.200000 -3.284211
v -1.010526 0.449120 -3.284211
v -1.010526 -1.200000 -3.284211
v -0.884211 0.437329 -3.284211
v -0.884211 -1.200000 -3.284211
v -0.757895 0.421175 -3.284211
v -0.757895 -1.200000 -3.284211
v -0.631579 0.401082 -3.284211
v -0.631579 -1.200000 -3.284211
v -0.505263 0.377552 -3.284211
v -0.505263 -1.200000 -3.284211
v -0.378947 0.351156 -3.284211
v -0.378947 -1.200000 -3.284211
v -0.252632 0.322522 -3.284211
v -0.252632 -1.200000 -3.284211
v -0.126316 0.292313 -3.284211
v -0.126316 -1.200000 -3.284211
v 0.000000 0.261218 -3.284211
v 0.000000 -1.200000 -3.284211
v 0.126316 0.229927 -3.284211
v 0.126316 -1.200000 -3.284211
v 0.252632 0.199119 -3.284211
v 0.252632 -1.200000 -3.284211
v 0.378947 0.169441 -3.284211
v 0.378947 -1.200000 -3.284211
v 0.505263 0.141496 -3.284211
v 0.505263 -1.200000 -3.284211
v 0.631579 0.115828 -3.284211
v 0.631579 -1.200000 -3.284211
v 0.757895 0.092912 -3.284211
v 0.757895 -1.200000 -3.284211
v 0.884211 0.073148 -3.284211
v 0.884211 -1.200000 -3.284211
v 1.010526 0.056855 -3.284211
v 1.010526 -1.200000 -3.284211
v 1.136842 0.044269 -3.284211
v 1.136842 -1.200000 -3.284211
v 1.263158 0.035547 -3.284211
v 1.263158 -1.200000 -3.284211
v 1.389474 0.030765 -3.284211
v 1.389474 -1.200000 -3.284211
v 1.515789 0.029926 -3.284211
v 1.515789 -1.200000 -3.284211
v 1.642105 0.032959 -3.284211
v 1.642105 -1.200000 -3.284211
v 1.768421 0.039724 -3.284211
v 1.768421 -1.200000 -3.284211
v 1.894737 0.050019 -3.284211
v 1.894737 -1.200000 -3.284211
v 2.021053 0.063573 -3.284211
v 2.021053 -1.200000 -3.284211
v 2.147368 0.080058 -3.284211
v 2.147368 -1.200000 -3.284211
v 2.273684 0.099083 -3.284211
v 2.273684 -1.200000 -3.284211
v 2.400000 0.120204 -3.284211
v 2.400000 -1.200000 -3.284211
v 2.526316 0.142921 -3.284211
v 2.526316 -1.200000 -3.284211
v 2.652632 0.166693 -3.284211
v 2.652632 -1.200000 -3.284211
v 2.778947 0.190937 -3.284211
v 2.778947 -1.200000 -3.284211
v 2.905263 0.215047 -3.284211
v 2.905263 -1.200000 -3.284211
v 3.031579 0.238401 -3.284211
v 3.031579 -1.200000 -3.284211
v 3.157895 0.260379 -3.284211
v 3.157895 -1.200000 -3.284211
v 3.284211 0.280377 -3.284211
v 3.284211 -1.200000 -3.284211
v 3.410526 0.297823 -3.284211
v 3.410526 -1.200000 -3.284211
v 3.536842 0.312192 -3.284211
v 3.536842 -1.200000 -3.284211
v 3.663158 0.323022 -3.284211
v 3.663158 -1.200000 -3.284211
v 3.789474 0.329925 -3.284211
v 3.789474 -1.200000 -3.284211
v 3.915789 0.332600 -3.284211
v 3.915789 -1.200000 -3.284211
v 4.042105 0.330840 -3.284211
v 4.042105 -1.200000 -3.284211
v 4.168421 0.324534 -3.284211
v 4.168421 -1.200000 -3.284211
v 4.294737 0.313679 -3.284211
v 4.294737 -1.200000 -3.284211
v 4.421053 0.298369 -3.284211
v 4.421053 -1.200000 -3.284211
v 4.547368 0.278805 -3.284211
v 4.547368 -1.200000 -3.284211
v 4.673684 0.255278 -3.284211
v 4.673684 -1.200000 -3.284211
v 4.800000 0.228175 -3.284211
v 4.800000 -1.200000 -3.284211
v -4.800000 -0.081068 -3.157895
v -4.800000 -1.200000 -3.157895
v -4.673684 -0.097778 -3.157895
v -4.673684 -1.200000 -3.157895
v -4.547368 -0.110574 -3.157895
v -4.547368 -1.200000 -3.157895
v -4.421053 -0.119084 -3.157895
v -4.421053 -1.200000 -3.157895
v -4.294737 -0.123020 -3.157895
v -4.294737 -1.200000 -3.157895
v -4.168421 -0.122190 -3.157895
v -4.168421 -1.200000 -3.157895
v -4.042105 -0.116499 -3.157895
v -4.042105 -1.200000 -3.157895
v -3.915789 -0.105954 -3.157895
v -3.915789 -1.200000 -3.157895
v -3.789474 -0.090660 -3.157895
v -3.789474 -1.200000 -3.157895
v -3.663158 -0.070824 -3.157895
v -3.663158 -1.200000 -3.157895
v -3.536842 -0.046743 -3.157895
v -3.536842 -1.200000 -3.157895
v -3.410526 -0.018808 -3.157895
v -3.410526 -1.200000 -3.157895
v -3.284211 0.012513 -3.157895
v -3.284211 -1.200000 -3.157895
v -3.157895 0.046680 -3.157895
v -3.157895 -1.200000 -3.157895
v -3.031579 0.083093 -3.157895
v -3.031579 -1.200000 -3.157895
v -2.905263 0.121104 -3.157895
v -2.905263 -1.200000 -3.157895
v -2.778947 0.160031 -3.157895
v -2.778947 -1.200000 -3.157895
v -2.652632 0.199169 -3.157895
v -2.652632 -1.200000 -3.157895
v -2.526316 0.237810 -3.157895
v -2.526316 -1.200000 -3.157895
v -2.400000 0.275254 -3.157895
v -2.400000 -1.200000 -3.157895
v -2.273684 0.310823 -3.157895
v -2.273684 -1.200000 -3.157895
v -2.147368 0.343878 -3.157895
v -2.147368 -1.200000 -3.157895
v -2.021053 0.373827 -3.157895
v -2.021053 -1.200000 -3.157895
v -1.894737 0.400146 -3.157895
v -1.894737 -1.200000 -3.157895
v -1.768421 0.422380 -3.157895
v -1.768421 -1.200000 -3.157895
v -1.642105 0.440161 -3.157895
v -1.642105 -1.200000 -3.157895
v -1.515789 0.453212 -3.157895
v -1.515789 -1.200000 -3.157895
v -1.389474 0.461353 -3.157895
v -1.389474 -1.200000 -3.157895
v -1.263158 0.464509 -3.157895
v -1.263158 -1.200000 -3.157895
v -1.136842 0.462707 -3.157895
v -1.136842 -1.200000 -3.157895
v -1.010526 0.456079 -3.157895
v -1.010526 -1.200000 -3.157895
v -0.884211 0.444860 -3.157895
v -0.884211 -1.200000 -3.157895
v -0.757895 0.429382 -3.157895
v -0.757895 -1.200000 -3.157895
v -0.631579 0.410066 -3.157895
v -0.631579 -1.200000 -3.157895
v -0.505263 0.387412 -3.157895
v -0.505263 -1.200000 -3.157895
v -0.378947 0.361990 -3.157895
v -0.378947 -1.200000 -3.157895
v -0.252632 0.334418 -3.157895
v -0.252632 -1.200000 -3.157895
v -0.126316 0.305355 -3.157895
v -0.126316 -1.200000 -3.157895
v 0.000000 0.275476 -3.157895
v 0.000000 -1.200000 -3.157895
v 0.126316 0.245457 -3.157895
v 0.126316 -1.200000 -3.157895
v 0.252632 0.215955 -3.157895
v 0.252632 -1.200000 -3.157895
v 0.378947 0.187593 -3.157895
v 0.378947 -1.200000 -3.157895
v 0.505263 0.160944 -3.157895
v 0.505263 -1.200000 -3.157895
v 0.631579 0.136517 -3.157895
v 0.631579 -1.200000 -3.157895
v 0.757895 0.114749 -3.157895
v 0.757895 -1.200000 -3.157895
v 0.884211 0.096001 -3.157895
v 0.884211 -1.200000 -3.157895
v 1.010526 0.080552 -3.157895
v 1.010526 -1.200000 -3.157895
v 1.136842 0.068602 -3.157895
v 1.136842 -1.200000 -3.157895
v 1.263158 0.060276 -3.157895
v 1.263158 -1.200000 -3.157895
v 1.389474 0.055626 -3.157895
v 1.389474 -1.200000 -3.157895
v 1.515789 0.054639 -3.157895
v 1.515789 -1.200000 -3.157895
v 1.642105 0.057240 -3.157895
v 1.642105 -1.200000 -3.157895
v 1.768421 0.063297 -3.157895
v 1.768421 -1.200000 -3.157895
v 1.894737 0.072622 -3.157895
v 1.894737 -1.200000 -3.157895
v 2.021053 0.084976 -3.157895
v 2.021053 -1.200000 -3.157895
v 2.147368 0.100063 -3.157895
v 2.147368 -1.200000 -3.157895
v 2.273684 0.117535 -3.157895
v 2.273684 -1.200000 -3.157895
v 2.400000 0.136991 -3.157895
v 2.400000 -1.200000 -3.157895
v 2.526316 0.157979 -3.157895
v 2.526316 -1.200000 -3.157895
v 2.652632 0.179999 -3.157895
v 2.652632 -1.200000 -3.157895
v 2.778947 0.202510 -3.157895
v 2.778947 -1.200000 -3.157895
v 2.905263 0.224941 -3.157895
v 2.905263 -1.200000 -3.157895
v 3.031579 0.246699 -3.157895
v 3.031579 -1.200000 -3.157895
v 3.157895 0.267188 -3.157895
v 3.157895 -1.200000 -3.157895
v 3.284211 0.285822 -3.157895
v 3.284211 -1.200000 -3.157895
v 3.410526 0.302041 -3.157895
v 3.410526 -1.200000 -3.157895
v 3.536842 0.315329 -3.157895
v 3.536842 -1.200000 -3.157895
v 3.663158 0.325226 -3.157895
v 3.663158 -1.200000 -3.157895
v 3.789474 0.331348 -3.157895
v 3.789474 -1.200000 -3.157895
v 3.915789 0.333388 -3.157895
v 3.915789 -1.200000 -3.157895
v 4.042105 0.331137 -3.157895
v 4.042105 -1.200000 -3.157895
v 4.168421 0.324481 -3.157895
v 4.168421 -1.200000 -3.157895
v 4.294737 0.313406 -3.157895
v 4.294737 -1.200000 -3.157895
v 4.421053 0.298002 -3.157895
v 4.421053 -1.200000 -3.157895
v 4.547368 0.278458 -3.157895
v 4.547368 -1.200000 -3.157895
v 4.673684 0.255059 -3.157895
v 4.673684 -1.200000 -3.157895
v 4.800000 0.228177 -3.157895
v 4.800000 -1.200000 -3.157895
v -4.800000 -0.072446 -3.031579
v -4.800000 -1.200000 -3.031579
v -4.673684 -0.088177 -3.031579
v -4.673684 -1.200000 -3.031579
v -4.547368 -0.100115 -3.031579
v -4.547368 -1.200000 -3.031579
v -4.421053 -0.107899 -3.031579
v -4.421053 -1.200000 -3.031579
v -4.294737 -0.111253 -3.031579
v -4.294737 -1.200000 -3.031579
v -4.168421 -0.109992 -3.031579
v -4.168421 -1.200000 -3.031579
v -4.042105 -0.104026 -3.031579
v -4.042105 -1.200000 -3.031579
v -3.915789 -0.093361 -3.031579
v -3.915789 -1.200000 -3.031579
v -3.789474 -0.078101 -3.031579
v -3.789474 -1.200000 -3.031579
v -3.663158 -0.058446 -3.031579
v -3.663158 -1.200000 -3.031579
v -3.536842 -0.034686 -3.031579
v -3.536842 -1.200000 -3.031579
v -3.410526 -0.007197 -3.031579
v -3.410526 -1.200000 -3.031579
v -3.284211 0.023567 -3.031579
v -3.284211 -1.200000 -3.031579
v -3.157895 0.057082 -3.031579
v -3.157895 -1.200000 -3.031579
v -3.031579 0.092767 -3.031579
v -3.031579 -1.200000 -3.031579
v -2.905263 0.129996 -3.031579
v -2.905263 -1.200000 -3.031579
v -2.778947 0.168106 -3.031579
v -2.778947 -1.200000 -3.031579
v -2.652632 0.206418 -3.031579
v -2.652632 -1.200000 -3.031579
v -2.526316 0.244245 -3.031579
v -2.526316 -1.200000 -3.031579
v -2.400000 0.280909 -3.031579
v -2.400000 -1.200000 -3.031579
v -2.273684 0.315753 -3.031579
v -2.273684 -1.200000 -3.031579
v -2.147368 0.348159 -3.031579
v -2.147368 -1.200000 -3.031579
v -2.021053 0.377556 -3.031579
v -2.021053 -1.200000 -3.031579
v -1.894737 0.403433 -3.031579
v -1.894737 -1.200000 -3.031579
v -1.768421 0.425353 -3.031579
v -1.768421 -1.200000 -3.031579
v -1.642105 0.442960 -3.031579
v -1.642105 -1.200000 -3.031579
v -1.515789 0.455986 -3.031579
v -1.515789 -1.200000 -3.031579
v -1.389474 0.464260 -3.031579
v -1.389474 -1.200000 -3.031579
v -1.263158 0.467712 -3.031579
v -1.263158 -1.200000 -3.031579
v -1.136842 0.466372 -3.031579
v -1.136842 -1.200000 -3.031579
v -1.010526 0.460375 -3.031579
v -1.010526 -1.200000 -3.031579
v -0.884211 0.449953 -3.031579
v -0.884211 -1.200000 -3.031579
v -0.757895 0.435435 -3.031579
v -0.757895 -1.200000 -3.031579
v -0.631579 0.417239 -3.031579
v -0.631579 -1.200000 -3.031579
v -0.505263 0.395858 -3.031579
v -0.505263 -1.200000 -3.031579
v -0.378947 0.371851 -3.031579
v -0.378947 -1.200000 -3.031579
v -0.252632 0.345826 -3.031579
v -0.252632 -1.200000 -3.031579
v -0.126316 0.318425 -3.031579
v -0.126316 -1.200000 -3.031579
v 0.000000 0.290304 -3.031579
v 0.000000 -1.200000 -3.031579
v 0.126316 0.262112 -3.031579
v 0.126316 -1.200000 -3.031579
v 0.252632 0.234478 -3.031579
v 0.252632 -1.200000 -3.031579
v 0.378947 0.207987 -3.031579
v 0.378947 -1.200000 -3.031579
v 0.505263 0.183170 -3.031579
v 0.505263 -1.200000 -3.031579
v 0.631579 0.160489 -3.031579
v 0.631579 -1.200000 -3.031579
v 0.757895 0.140332 -3.031579
v 0.757895 -1.200000 -3.031579
v 0.884211 0.123005 -3.031579
v 0.884211 -1.200000 -3.031579
v 1.010526 0.108739 -3.031579
v 1.010526 -1.200000 -3.031579
v 1.136842 0.097684 -3.031579
v 1.136842 -1.200000 -3.031579
v 1.263158 0.089926 -3.031579
v 1.263158 -1.200000 -3.031579
v 1.389474 0.085487 -3.031579
v 1.389474 -1.200000 -3.031579
v 1.515789 0.084334 -3.031579
v 1.515789 -1.200000 -3.031579
v 1.642105 0.086388 -3.031579
v 1.642105 -1.200000 -3.031579
v 1.768421 0.091527 -3.031579
v 1.768421 -1.200000 -3.031579
v 1.894737 0.099585 -3.031579
v 1.894737 -1.200000 -3.031579
v 2.021053 0.110358 -3.031579
v 2.021053 -1.200000 -3.031579
v 2.147368 0.123599 -3.031579
v 2.147368 -1.200000 -3.031579
v 2.273684 0.139012 -3.031579
v 2.273684 -1.200000 -3.031579
v 2.400000 0.156256 -3.031579
v 2.400000 -1.200000 -3.031579
v 2.526316 0.174938 -3.031579
v 2.526316 -1.200000 -3.031579
v 2.652632 0.194615 -3.031579
v 2.652632 -1.200000 -3.031579
v 2.778947 0.214803 -3.031579
v 2.778947 -1.200000 -3.031579
v 2.905263 0.234977 -3.031579
v 2.905263 -1.200000 -3.031579
v 3.031579 0.254588 -3.031579
v 3.031579 -1.200000 -3.031579
v 3.157895 0.273074 -3.031579
v 3.157895 -1.200000 -3.031579
v 3.284211 0.289875 -3.031579
v 3.284211 -1.200000 -3.031579
v 3.410526 0.304451 -3.031579
v 3.410526 -1.200000 -3.031579
v 3.536842 0.316300 -3.031579
v 3.536842 -1.200000 -3.031579
v 3.663158 0.324972 -3.031579
v 3.663158 -1.200000 -3.031579
v 3.789474 0.330085 -3.031579
v 3.789474 -1.200000 -3.031579
v 3.915789 0.331335 -3.031579
v 3.915789 -1.200000 -3.031579
v 4.042105 0.328508 -3.031579
v 4.042105 -1.200000 -3.031579
v 4.168421 0.321483 -3.031579
v 4.168421 -1.200000 -3.031579
v 4.294737 0.310242 -3.031579
v 4.294737 -1.200000 -3.031579
v 4.421053 0.294862 -3.031579
v 4.421053 -1.200000 -3.031579
v 4.547368 0.275519 -3.031579
v 4.547368 -1.200000 -3.031579
v 4.673684 0.252485 -3.031579
v 4.673684 -1.200000 -3.031579
v 4.800000 0.226114 -3.031579
v 4.800000 -1.200000 -3.031579
v -4.800000 -0.061809 -2.905263
v -4.800000 -1.200000 -2.905263
v -4.673684 -0.076277 -2.905263
v -4.673684 -1.200000 -2.905263
v -4.547368 -0.087120 -2.905263
v -4.547368 -1.200000 -2.905263
v -4.421053 -0.093996 -2.905263
v -4.421053 -1.200000 -2.905263
v -4.294737 -0.096644 -2.905263
v -4.294737 -1.200000 -2.905263
v -4.168421 -0.094887 -2.905263
v -4.168421 -1.200000 -2.905263
v -4.042105 -0.088641 -2.905263
v -4.042105 -1.200000 -2.905263
v -3.915789 -0.077914 -2.905263
v -3.915789 -1.200000 -2.905263
v -3.789474 -0.062805 -2.905263
v -3.789474 -1.200000 -2.905263
v -3.663158 -0.043505 -2.905263
v -3.663158 -1.200000 -2.905263
v -3.536842 -0.020293 -2.905263
v -3.536842 -1.200000 -2.905263
v -3.410526 0.006473 -2.905263
v -3.410526 -1.200000 -2.905263
v -3.284211 0.036359 -2.905263
v -3.284211 -1.200000 -2.905263
v -3.157895 0.068865 -2.905263
v -3.157895 -1.200000 -2.905263
v -3.031579 0.103438 -2.905263
v -3.031579 -1.200000 -2.905263
v -2.905263 0.139478 -2.905263
v -2.905263 -1.200000 -2.905263
v -2.778947 0.176354 -2.905263
v -2.778947 -1.200000 -2.905263
v -2.652632 0.213418 -2.905263
v -2.652632 -1.200000 -2.905263
v -2.526316 0.250015 -2.905263
v -2.526316 -1.200000 -2.905263
v -2.400000 0.285497 -2.905263
v -2.400000 -1.200000 -2.905263
v -2.273684 0.319238 -2.905263
v -2.273684 -1.200000 -2.905263
v -2.147368 0.350648 -2.905263
v -2.147368 -1.200000 -2.905263
v -2.021053 0.379182 -2.905263
v -2.021053 -1.200000 -2.905263
v -1.894737 0.404353 -2.905263
v -1.894737 -1.200000 -2.905263
v -1.768421 0.425746 -2.905263
v -1.768421 -1.200000 -2.905263
v -1.642105 0.443019 -2.905263
v -1.642105 -1.200000 -2.905263
v -1.515789 0.455922 -2.905263
v -1.515789 -1.200000 -2.905263
v -1.389474 0.464293 -2.905263
v -1.389474 -1.200000 -2.905263
v -1.263158 0.468068 -2.905263
v -1.263158 -1.200000 -2.905263
v -1.136842 0.467282 -2.905263
v -1.136842 -1.200000 -2.905263
v -1.010526 0.462069 -2.905263
v -1.010526 -1.200000 -2.905263
v -0.884211 0.452661 -2.905263
v -0.884211 -1.200000 -2.905263
v -0.757895 0.439381 -2.905263
v -0.757895 -1.200000 -2.905263
v -0.631579 0.422638 -2.905263
v -0.631579 -1.200000 -2.905263
v -0.505263 0.402914 -2.905263
v -0.505263 -1.200000 -2.905263
v -0.378947 0.380754 -2.905263
v -0.378947 -1.200000 -2.905263
v -0.252632 0.356747 -2.905263
v -0.252632 -1.200000 -2.905263
v -0.126316 0.331514 -2.905263
v -0.126316 -1.200000 -2.905263
v 0.000000 0.305680 -2.905263
v 0.000000 -1.200000 -2.905263
v 0.126316 0.279862 -2.905263
v 0.126316 -1.200000 -2.905263
v 0.252632 0.254648 -2.905263
v 0.252632 -1.200000 -2.905263
v 0.378947 0.230574 -2.905263
v 0.378947 -1.200000 -2.905263
v 0.505263 0.208119 -2.905263
v 0.505263 -1.200000 -2.905263
v 0.631579 0.187685 -2.905263
v 0.631579 -1.200000 -2.905263
v 0.757895 0.169595 -2.905263
v 0.757895 -1.200000 -2.905263
v 0.884211 0.154094 -2.905263
v 0.884211 -1.200000 -2.905263
v 1.010526 0.141345 -2.905263
v 1.010526 -1.200000 -2.905263
v 1.136842 0.131446 -2.905263
v 1.136842 -1.200000 -2.905263
v 1.263158 0.124430 -2.905263
v 1.263158 -1.200000 -2.905263
v 1.389474 0.120283 -2.905263
v 1.389474 -1.200000 -2.905263
v 1.515789 0.118950 -2.905263
v 1.515789 -1.200000 -2.905263
v 1.642105 0.120346 -2.905263
v 1.642105 -1.200000 -2.905263
v 1.768421 0.124360 -2.905263
v 1.768421 -1.200000 -2.905263
v 1.894737 0.130858 -2.905263
v 1.894737 -1.200000 -2.905263
v 2.021053 0.139679 -2.905263
v 2.021053 -1.200000 -2.905263
v 2.147368 0.150632 -2.905263
v 2.147368 -1.200000 -2.905263
v 2.273684 0.163489 -2.905263
v 2.273684 -1.200000 -2.905263
v 2.400000 0.177981 -2.905263
v 2.400000 -1.200000 -2.905263
v 2.526316 0.193788 -2.905263
v 2.526316 -1.200000 -2.905263
v 2.652632 0.210543 -2.905263
v 2.652632 -1.200000 -2.905263
v 2.778947 0.227828 -2.905263
v 2.778947 -1.200000 -2.905263
v 2.905263 0.245180 -2.905263
v 2.905263 -1.200000 -2.905263
v 3.031579 0.262104 -2.905263
v 3.031579 -1.200000 -2.905263
v 3.157895 0.278081 -2.905263
v 3.157895 -1.200000 -2.905263
v 3.284211 0.292589 -2.905263
v 3.284211 -1.200000 -2.905263
v 3.410526 0.305116 -2.905263
v 3.410526 -1.200000 -2.905263
v 3.536842 0.315178 -2.905263
v 3.536842 -1.200000 -2.905263
v 3.663158 0.322339 -2.905263
v 3.663158 -1.200000 -2.905263
v 3.789474 0.326223 -2.905263
v 3.789474 -1.200000 -2.905263
v 3.915789 0.326529 -2.905263
v 3.915789 -1.200000 -2.905263
v 4.042105 0.323041 -2.905263
v 4.042105 -1.200000 -2.905263
v 4.168421 0.315633 -2.905263
v 4.168421 -1.200000 -2.905263
v 4.294737 0.304275 -2.905263
v 4.294737 -1.200000 -2.905263
v 4.421053 0.289033 -2.905263
v 4.421053 -1.200000 -2.905263
v 4.547368 0.270066 -2.905263
v 4.547368 -1.200000 -2.905263
v 4.673684 0.247627 -2.905263
v 4.673684 -1.200000 -2.905263
v 4.800000 0.222048 -2.905263
v 4.800000 -1.200000 -2.905263
v -4.800000 -0.049266 -2.778947
v -4.800000 -1.200000 -2.778947
v -4.673684 -0.062203 -2.778947
v -4.673684 -1.200000 -2.778947
v -4.547368 -0.071729 -2.778947
v -4.547368 -1.200000 -2.778947
v -4.421053 -0.077525 -2.778947
v -4.421053 -1.200000 -2.778947
v -4.294737 -0.079347 -2.778947
v -4.294737 -1.200000 -2.778947
v -4.168421 -0.077033 -2.778947
v -4.168421 -1.200000 -2.778947
v -4.042105 -0.070504 -2.778947
v -4.042105 -1.200000 -2.778947
v -3.915789 -0.059769 -2.778947
v -3.915789 -1.200000 -2.778947
v -3.789474 -0.044923 -2.778947
v -3.789474 -1.200000 -2.778947
v -3.663158 -0.026146 -2.778947
v -3.663158 -1.200000 -2.778947
v -3.536842 -0.003698 -2.778947
v -3.536842 -1.200000 -2.778947
v -3.410526 0.022080 -2.778947
v -3.410526 -1.200000 -2.778947
v -3.284211 0.050783 -2.778947
v -3.284211 -1.200000 -2.778947
v -3.157895 0.081942 -2.778947
v -3.157895 -1.200000 -2.778947
v -3.031579 0.115034 -2.778947
v -3.031579 -1.200000 -2.778947
v -2.905263 0.149499 -2.778947
v -2.905263 -1.200000 -2.778947
v -2.778947 0.184744 -2.778947
v -2.778947 -1.200000 -2.778947
v -2.652632 0.220159 -2.778947
v -2.652632 -1.200000 -2.778947
v -2.526316 0.255129 -2.778947
v -2.526316 -1.200000 -2.778947
v -2.400000 0.289046 -2.778947
v -2.400000 -1.200000 -2.778947
v -2.273684 0.321324 -2.778947
v -2.273684 -1.200000 -2.778947
v -2.147368 0.351406 -2.778947
v -2.147368 -1.200000 -2.778947
v -2.021053 0.378782 -2.778947
v -2.021053 -1.200000 -2.778947
v -1.894737 0.402996 -2.778947
v -1.894737 -1.200000 -2.778947
v -1.768421 0.423656 -2.778947
v -1.768421 -1.200000 -2.778947
v -1.642105 0.440446 -2.778947
v -1.642105 -1.200000 -2.778947
v -1.515789 0.453130 -2.778947
v -1.515789 -1.200000 -2.778947
v -1.389474 0.461561 -2.778947
v -1.389474 -1.200000 -2.778947
v -1.263158 0.465684 -2.778947
v -1.263158 -1.200000 -2.778947
v -1.136842 0.465538 -2.778947
v -1.136842 -1.200000 -2.778947
v -1.010526 0.461257 -2.778947
v -1.010526 -1.200000 -2.778947
v -0.884211 0.453069 -2.778947
v -0.884211 -1.200000 -2.778947
v -0.757895 0.441289 -2.778947
v -0.757895 -1.200000 -2.778947
v -0.631579 0.426316 -2.778947
v -0.631579 -1.200000 -2.778947
v -0.505263 0.408615 -2.778947
v -0.505263 -1.200000 -2.778947
v -0.378947 0.388714 -2.778947
v -0.378947 -1.200000 -2.778947
v -0.252632 0.367177 -2.778947
v -0.252632 -1.200000 -2.778947
v -0.126316 0.344594 -2.778947
v -0.126316 -1.200000 -2.778947
v 0.000000 0.321555 -2.778947
v 0.000000 -1.200000 -2.778947
v 0.126316 0.298635 -2.778947
v 0.126316 -1.200000 -2.778947
v 0.252632 0.276370 -2.778947
v 0.252632 -1.200000 -2.778947
v 0.378947 0.255240 -2.778947
v 0.378947 -1.200000 -2.778947
v 0.505263 0.235656 -2.778947
v 0.505263 -1.200000 -2.778947
v 0.631579 0.217950 -2.778947
v 0.631579 -1.200000 -2.778947
v 0.757895 0.202371 -2.778947
v 0.757895 -1.200000 -2.778947
v 0.884211 0.189083 -2.778947
v 0.884211 -1.200000 -2.778947
v 1.010526 0.178179 -2.778947
v 1.010526 -1.200000 -2.778947
v 1.136842 0.169686 -2.778947
v 1.136842 -1.200000 -2.778947
v 1.263158 0.163582 -2.778947
v 1.263158 -1.200000 -2.778947
v 1.389474 0.159807 -2.778947
v 1.389474 -1.200000 -2.778947
v 1.515789 0.158282 -2.778947
v 1.515789 -1.200000 -2.778947
v 1.642105 0.158915 -2.778947
v 1.642105 -1.200000 -2.778947
v 1.768421 0.161610 -2.778947
v 1.768421 -1.200000 -2.778947
v 1.894737 0.166267 -2.778947
v 1.894737 -1.200000 -2.778947
v 2.021053 0.172778 -2.778947
v 2.021053 -1.200000 -2.778947
v 2.147368 0.181019 -2.778947
v 2.147368 -1.200000 -2.778947
v 2.273684 0.190843 -2.778947
v 2.273684 -1.200000 -2.778947
v 2.400000 0.202064 -2.778947
v 2.400000 -1.200000 -2.778947
v 2.526316 0.214453 -2.778947
v 2.526316 -1.200000 -2.778947
v 2.652632 0.227729 -2.778947
v 2.652632 -1.200000 -2.778947
v 2.778947 0.241554 -2.778947
v 2.778947 -1.200000 -2.778947
v 2.905263 0.255542 -2.778947
v 2.905263 -1.200000 -2.778947
v 3.031579 0.269261 -2.778947
v 3.031579 -1.200000 -2.778947
v 3.157895 0.282248 -2.778947
v 3.157895 -1.200000 -2.778947
v 3.284211 0.294024 -2.778947
v 3.284211 -1.200000 -2.778947
v 3.410526 0.304111 -2.778947
v 3.410526 -1.200000 -2.778947
v 3.536842 0.312053 -2.778947
v 3.536842 -1.200000 -2.778947
v 3.663158 0.317429 -2.778947
v 3.663158 -1.200000 -2.778947
v 3.789474 0.319875 -2.778947
v 3.789474 -1.200000 -2.778947
v 3.915789 0.319092 -2.778947
v 3.915789 -1.200000 -2.778947
v 4.042105 0.314864 -2.778947
v 4.042105 -1.200000 -2.778947
v 4.168421 0.307057 -2.778947
v 4.168421 -1.200000 -2.778947
v 4.294737 0.295630 -2.778947
v 4.294737 -1.200000 -2.778947
v 4.421053 0.280635 -2.778947
v 4.421053 -1.200000 -2.778947
v 4.547368 0.262211 -2.778947
v 4.547368 -1.200000 -2.778947
v 4.673684 0.240585 -2.778947
v 4.673684 -1.200000 -2.778947
v 4.800000 0.216064 -2.778947
v 4.800000 -1.200000 -2.778947
v -4.800000 -0.034956 -2.652632
v -4.800000 -1.200000 -2.652632
v -4.673684 -0.046110 -2.652632
v -4.673684 -1.200000 -2.652632
v -4.547368 -0.054112 -2.652632
v -4.547368 -1.200000 -2.652632
v -4.421053 -0.058667 -2.652632
v -4.421053 -1.200000 -2.652632
v -4.294737 -0.059555 -2.652632
v -4.294737 -1.200000 -2.652632
v -4.168421 -0.056627 -2.652632
v -4.168421 -1.200000 -2.652632
v -4.042105 -0.049813 -2.652632
v -4.042105 -1.200000 -2.652632
v -3.915789 -0.039123 -2.652632
v -3.915789 -1.200000 -2.652632
v -3.789474 -0.024644 -2.652632
v -3.789474 -1.200000 -2.652632
v -3.663158 -0.006545 -2.652632
v -3.663158 -1.200000 -2.652632
v -3.536842 0.014933 -2.652632
v -3.536842 -1.200000 -2.652632
v -3.410526 0.039477 -2.652632
v -3.410526 -1.200000 -2.652632
v -3.284211 0.066712 -2.652632
v -3.284211 -1.200000 -2.652632
v -3.157895 0.096204 -2.652632
v -3.157895 -1.200000 -2.652632
v -3.031579 0.127474 -2.652632
v -3.031579 -1.200000 -2.652632
v -2.905263 0.160002 -2.652632
v -2.905263 -1.200000 -2.652632
v -2.778947 0.193242 -2.652632
v -2.778947 -1.200000 -2.652632
v -2.652632 0.226632 -2.652632
v -2.652632 -1.200000 -2.652632
v -2.526316 0.259605 -2.652632
v -2.526316 -1.200000 -2.652632
v -2.400000 0.291600 -2.652632
v -2.400000 -1.200000 -2.652632
v -2.273684 0.322076 -2.652632
v -2.273684 -1.200000 -2.652632
v -2.147368 0.350521 -2.652632
v -2.147368 -1.200000 -2.652632
v -2.021053 0.376462 -2.652632
v -2.021053 -1.200000 -2.652632
v -1.894737 0.399481 -2.652632
v -1.894737 -1.200000 -2.652632
v -1.768421 0.419217 -2.652632
v -1.768421 -1.200000 -2.652632
v -1.642105 0.435380 -2.652632
v -1.642105 -1.200000 -2.652632
v -1.515789 0.447756 -2.652632
v -1.515789 -1.200000 -2.652632
v -1.389474 0.456212 -2.652632
v -1.389474 -1.200000 -2.652632
v -1.263158 0.460704 -2.652632
v -1.263158 -1.200000 -2.652632
v -1.136842 0.461276 -2.652632
v -1.136842 -1.200000 -2.652632
v -1.010526 0.458062 -2.652632
v -1.010526 -1.200000 -2.652632
v -0.884211 0.451284 -2.652632
v -0.884211 -1.200000 -2.652632
v -0.757895 0.441248 -2.652632
v -0.757895 -1.200000 -2.652632
v -0.631579 0.428338 -2.652632
v -0.631579 -1.200000 -2.652632
v -0.505263 0.413003 -2.652632
v -0.505263 -1.200000 -2.652632
v -0.378947 0.395743 -2.652632
v -0.378947 -1.200000 -2.652632
v -0.252632 0.377095 -2.652632
v -0.252632 -1.200000 -2.652632
v -0.126316 0.357612 -2.652632
v -0.126316 -1.200000 -2.652632
v 0.000000 0.337842 -2.652632
v 0.000000 -1.200000 -2.652632
v 0.126316 0.318309 -2.652632
v 0.126316 -1.200000 -2.652632
v 0.252632 0.299488 -2.652632
v 0.252632 -1.200000 -2.652632
v 0.378947 0.281792 -2.652632
v 0.378947 -1.200000 -2.652632
v 0.505263 0.265555 -2.652632
v 0.505263 -1.200000 -2.652632
v 0.631579 0.251028 -2.652632
v 0.631579 -1.200000 -2.652632
v 0.757895 0.238370 -2.652632
v 0.757895 -1.200000 -2.652632
v 0.884211 0.227660 -2.652632
v 0.884211 -1.200000 -2.652632
v 1.010526 0.218905 -2.652632
v 1.010526 -1.200000 -2.652632
v 1.136842 0.212054 -2.652632
v 1.136842 -1.200000 -2.652632
v 1.263158 0.207018 -2.652632
v 1.263158 -1.200000 -2.652632
v 1.389474 0.203691 -2.652632
v 1.389474 -1.200000 -2.652632
v 1.515789 0.201963 -2.652632
v 1.515789 -1.200000 -2.652632
v 1.642105 0.201737 -2.652632
v 1.642105 -1.200000 -2.652632
v 1.768421 0.202931 -2.652632
v 1.768421 -1.200000 -2.652632
v 1.894737 0.205487 -2.652632
v 1.894737 -1.200000 -2.652632
v 2.021053 0.209355 -2.652632
v 2.021053 -1.200000 -2.652632
v 2.147368 0.214492 -2.652632
v 2.147368 -1.200000 -2.652632
v 2.273684 0.220837 -2.652632
v 2.273684 -1.200000 -2.652632
v 2.400000 0.228307 -2.652632
v 2.400000 -1.200000 -2.652632
v 2.526316 0.236772 -2.652632
v 2.526316 -1.200000 -2.652632
v 2.652632 0.246049 -2.652632
v 2.652632 -1.200000 -2.652632
v 2.778947 0.255899 -2.652632
v 2.778947 -1.200000 -2.652632
v 2.905263 0.266018 -2.652632
v 2.905263 -1.200000 -2.652632
v 3.031579 0.276051 -2.652632
v 3.031579 -1.200000 -2.652632
v 3.157895 0.285598 -2.652632
v 3.157895 -1.200000 -2.652632
v 3.284211 0.294234 -2.652632
v 3.284211 -1.200000 -2.652632
v 3.410526 0.301521 -2.652632
v 3.410526 -1.200000 -2.652632
v 3.536842 0.307032 -2.652632
v 3.536842 -1.200000 -2.652632
v 3.663158 0.310370 -2.652632
v 3.663158 -1.200000 -2.652632
v 3.789474 0.311182 -2.652632
v 3.789474 -1.200000 -2.652632
v 3.915789 0.309176 -2.652632
v 3.915789 -1.200000 -2.652632
v 4.042105 0.304133 -2.652632
v 4.042105 -1.200000 -2.652632
v 4.168421 0.295915 -2.652632
v 4.168421 -1.200000 -2.652632
v 4.294737 0.284467 -2.652632
v 4.294737 -1.200000 -2.652632
v 4.421053 0.269821 -2.652632
v 4.421053 -1.200000 -2.652632
v 4.547368 0.252096 -2.652632
v 4.547368 -1.200000 -2.652632
v 4.673684 0.231490 -2.652632
v 4.673684 -1.200000 -2.652632
v 4.800000 0.208277 -2.652632
v 4.800000 -1.200000 -2.652632
v -4.800000 -0.019040 -2.526316
v -4.800000 -1.200000 -2.526316
v -4.673684 -0.028183 -2.526316
v -4.673684 -1.200000 -2.526316
v -4.547368 -0.034470 -2.526316
v -4.547368 -1.200000 -2.526316
v -4.421053 -0.037639 -2.526316
v -4.421053 -1.200000 -2.526316
v -4.294737 -0.037493 -2.526316
v -4.294737 -1.200000 -2.526316
v -4.168421 -0.033900 -2.526316
v -4.168421 -1.200000 -2.526316
v -4.042105 -0.026800 -2.526316
v -4.042105 -1.200000 -2.526316
v -3.915789 -0.016202 -2.526316
v -3.915789 -1.200000 -2.526316
v -3.789474 -0.002189 -2.526316
v -3.789474 -1.200000 -2.526316
v -3.663158 0.015088 -2.526316
v -3.663158 -1.200000 -2.526316
v -3.536842 0.035410 -2.526316
v -3.536842 -1.200000 -2.526316
v -3.410526 0.058492 -2.526316
v -3.410526 -1.200000 -2.526316
v -3.284211 0.083997 -2.526316
v -3.284211 -1.200000 -2.526316
v -3.157895 0.111531 -2.526316
v -3.157895 -1.200000 -2.526316
v -3.031579 0.140662 -2.526316
v -3.031579 -1.200000 -2.526316
v -2.905263 0.170921 -2.526316
v -2.905263 -1.200000 -2.526316
v -2.778947 0.201815 -2.526316
v -2.778947 -1.200000 -2.526316
v -2.652632 0.232836 -2.526316
v -2.652632 -1.200000 -2.526316
v -2.526316 0.263472 -2.526316
v -2.526316 -1.200000 -2.526316
v -2.400000 0.293217 -2.526316
v -2.400000 -1.200000 -2.526316
v -2.273684 0.321580 -2.526316
v -2.273684 -1.200000 -2.526316
v -2.147368 0.348101 -2.526316
v -2.147368 -1.200000 -2.526316
v -2.021053 0.372354 -2.526316
v -2.021053 -1.200000 -2.526316
v -1.894737 0.393959 -2.526316
v -1.894737 -1.200000 -2.526316
v -1.768421 0.412594 -2.526316
v -1.768421 -1.200000 -2.526316
v -1.642105 0.427998 -2.526316
v -1.642105 -1.200000 -2.526316
v -1.515789 0.439980 -2.526316
v -1.515789 -1.200000 -2.526316
v -1.389474 0.448427 -2.526316
v -1.389474 -1.200000 -2.526316
v -1.263158 0.453305 -2.526316
v -1.263158 -1.200000 -2.526316
v -1.136842 0.454663 -2.526316
v -1.136842 -1.200000 -2.526316
v -1.010526 0.452635 -2.526316
v -1.010526 -1.200000 -2.526316
v -0.884211 0.447437 -2.526316
v -0.884211 -1.200000 -2.526316
v -0.757895 0.439363 -2.526316
v -0.757895 -1.200000 -2.526316
v -0.631579 0.428781 -2.526316
v -0.631579 -1.200000 -2.526316
v -0.505263 0.416116 -2.526316
v -0.505263 -1.200000 -2.526316
v -0.378947 0.401842 -2.526316
v -0.378947 -1.200000 -2.526316
v -0.252632 0.386461 -2.526316
v -0.252632 -1.200000 -2.526316
v -0.126316 0.370485 -2.526316
v -0.126316 -1.200000 -2.526316
v 0.000000 0.354411 -2.526316
v 0.000000 -1.200000 -2.526316
v 0.126316 0.338704 -2.526316
v 0.126316 -1.200000 -2.526316
v 0.252632 0.323772 -2.526316
v 0.252632 -1.200000 -2.526316
v 0.378947 0.309951 -2.526316
v 0.378947 -1.200000 -2.526316
v 0.505263 0.297489 -2.526316
v 0.505263 -1.200000 -2.526316
v 0.631579 0.286543 -2.526316
v 0.631579 -1.200000 -2.526316
v 0.757895 0.277176 -2.526316
v 0.757895 -1.200000 -2.526316
v 0.884211 0.269369 -2.526316
v 0.884211 -1.200000 -2.526316
v 1.010526 0.263033 -2.526316
v 1.010526 -1.200000 -2.526316
v 1.136842 0.258032 -2.526316
v 1.136842 -1.200000 -2.526316
v 1.263158 0.254205 -2.526316
v 1.263158 -1.200000 -2.526316
v 1.389474 0.251392 -2.526316
v 1.389474 -1.200000 -2.526316
v 1.515789 0.249451 -2.526316
v 1.515789 -1.200000 -2.526316
v 1.642105 0.248276 -2.526316
v 1.642105 -1.200000 -2.526316
v 1.768421 0.247808 -2.526316
v 1.768421 -1.200000 -2.526316
v 1.894737 0.248030 -2.526316
v 1.894737 -1.200000 -2.526316
v 2.021053 0.248961 -2.526316
v 2.021053 -1.200000 -2.526316
v 2.147368 0.250641 -2.526316
v 2.147368 -1.200000 -2.526316
v 2.273684 0.253113 -2.526316
v 2.273684 -1.200000 -2.526316
v 2.400000 0.256401 -2.526316
v 2.400000 -1.200000 -2.526316
v 2.526316 0.260489 -2.526316
v 2.526316 -1.200000 -2.526316
v 2.652632 0.265307 -2.526316
v 2.652632 -1.200000 -2.526316
v 2.778947 0.270718 -2.526316
v 2.778947 -1.200000 -2.526316
v 2.905263 0.276517 -2.526316
v 2.905263 -1.200000 -2.526316
v 3.031579 0.282433 -2.526316
v 3.031579 -1.200000 -2.526316
v 3.157895 0.288139 -2.526316
v 3.157895 -1.200000 -2.526316
v 3.284211 0.293267 -2.526316
v 3.284211 -1.200000 -2.526316
v 3.410526 0.297429 -2.526316
v 3.410526 -1.200000 -2.526316
v 3.536842 0.300233 -2.526316
v 3.536842 -1.200000 -2.526316
v 3.663158 0.301305 -2.526316
v 3.663158 -1.200000 -2.526316
v 3.789474 0.300309 -2.526316
v 3.789474 -1.200000 -2.526316
v 3.915789 0.296960 -2.526316
v 3.915789 -1.200000 -2.526316
v 4.042105 0.291039 -2.526316
v 4.042105 -1.200000 -2.526316
v 4.168421 0.282399 -2.526316
v 4.168421 -1.200000 -2.526316
v 4.294737 0.270973 -2.526316
v 4.294737 -1.200000 -2.526316
v 4.421053 0.256774 -2.526316
v 4.421053 -1.200000 -2.526316
v 4.547368 0.239892 -2.526316
v 4.547368 -1.200000 -2.526316
v 4.673684 0.220496 -2.526316
v 4.673684 -1.200000 -2.526316
v 4.800000 0.198822 -2.526316
v 4.800000 -1.200000 -2.526316
v -4.800000 -0.001701 -2.400000
v -4.800000 -1.200000 -2.400000
v -4.673684 -0.008630 -2.400000
v -4.673684 -1.200000 -2.400000
v -4.547368 -0.013034 -2.400000
v -4.547368 -1.200000 -2.400000
v -4.421053 -0.014687 -2.400000
v -4.421053 -1.200000 -2.400000
v -4.294737 -0.013418 -2.400000
v -4.294737 -1.200000 -2.400000
v -4.168421 -0.009116 -2.400000
v -4.168421 -1.200000 -2.400000
v -4.042105 -0.001729 -2.400000
v -4.042105 -1.200000 -2.400000
v -3.915789 0.008732 -2.400000
v -3.915789 -1.200000 -2.400000
v -3.789474 0.022193 -2.400000
v -3.789474 -1.200000 -2.400000
v -3.663158 0.038519 -2.400000
v -3.663158 -1.200000 -2.400000
v -3.536842 0.057515 -2.400000
v -3.536842 -1.200000 -2.400000
v -3.410526 0.078933 -2.400000
v -3.410526 -1.200000 -2.400000
v -3.284211 0.102471 -2.400000
v -3.284211 -1.200000 -2.400000
v -3.157895 0.127787 -2.400000
v -3.157895 -1.200000 -2.400000
v -3.031579 0.154497 -2.400000
v -3.031579 -1.200000 -2.400000
v -2.905263 0.182190 -2.400000
v -2.905263 -1.200000 -2.400000
v -2.778947 0.210431 -2.400000
v -2.778947 -1.200000 -2.400000
v -2.652632 0.238774 -2.400000
v -2.652632 -1.200000 -2.400000
v -2.526316 0.266768 -2.400000
v -2.526316 -1.200000 -2.400000
v -2.400000 0.293967 -2.400000
v -2.400000 -1.200000 -2.400000
v -2.273684 0.319940 -2.400000
v -2.273684 -1.200000 -2.400000
v -2.147368 0.344281 -2.400000
v -2.147368 -1.200000 -2.400000
v -2.021053 0.366615 -2.400000
v -2.021053 -1.200000 -2.400000
v -1.894737 0.386611 -2.400000
v -1.894737 -1.200000 -2.400000
v -1.768421 0.403984 -2.400000
v -1.768421 -1.200000 -2.400000
v -1.642105 0.418507 -2.400000
v -1.642105 -1.200000 -2.400000
v -1.515789 0.430017 -2.400000
v -1.515789 -1.200000 -2.400000
v -1.389474 0.438419 -2.400000
v -1.389474 -1.200000 -2.400000
v -1.263158 0.443692 -2.400000
v -1.263158 -1.200000 -2.400000
v -1.136842 0.445891 -2.400000
v -1.136842 -1.200000 -2.400000
v -1.010526 0.445149 -2.400000
v -1.010526 -1.200000 -2.400000
v -0.884211 0.441674 -2.400000
v -0.884211 -1.200000 -2.400000
v -0.757895 0.435749 -2.400000
v -0.757895 -1.200000 -2.400000
v -0.631579 0.427720 -2.400000
v -0.631579 -1.200000 -2.400000
v -0.505263 0.417990 -2.400000
v -0.505263 -1.200000 -2.400000
v -0.378947 0.406999 -2.400000
v -0.378947 -1.200000 -2.400000
v -0.252632 0.395211 -2.400000
v -0.252632 -1.200000 -2.400000
v -0.126316 0.383091 -2.400000
v -0.126316 -1.200000 -2.400000
v 0.000000 0.371080 -2.400000
v 0.000000 -1.200000 -2.400000
v 0.126316 0.359579 -2.400000
v 0.126316 -1.200000 -2.400000
v 0.252632 0.348919 -2.400000
v 0.252632 -1.200000 -2.400000
v 0.378947 0.339350 -2.400000
v 0.378947 -1.200000 -2.400000
v 0.505263 0.331027 -2.400000
v 0.505263 -1.200000 -2.400000
v 0.631579 0.324003 -2.400000
v 0.631579 -1.200000 -2.400000
v 0.757895 0.318238 -2.400000
v 0.757895 -1.200000 -2.400000
v 0.884211 0.313605 -2.400000
v 0.884211 -1.200000 -2.400000
v 1.010526 0.309913 -2.400000
v 1.010526 -1.200000 -2.400000
v 1.136842 0.306935 -2.400000
v 1.136842 -1.200000 -2.400000
v 1.263158 0.304432 -2.400000
v 1.263158 -1.200000 -2.400000
v 1.389474 0.302184 -2.400000
v 1.389474 -1.200000 -2.400000
v 1.515789 0.300018 -2.400000
v 1.515789 -1.200000 -2.400000
v 1.642105 0.297820 -2.400000
v 1.642105 -1.200000 -2.400000
v 1.768421 0.295552 -2.400000
v 1.768421 -1.200000 -2.400000
v 1.894737 0.293243 -2.400000
v 1.894737 -1.200000 -2.400000
v 2.021053 0.290986 -2.400000
v 2.021053 -1.200000 -2.400000
v 2.147368 0.288915 -2.400000
v 2.147368 -1.200000 -2.400000
v 2.273684 0.287181 -2.400000
v 2.273684 -1.200000 -2.400000
v 2.400000 0.285926 -2.400000
v 2.400000 -1.200000 -2.400000
v 2.526316 0.285256 -2.400000
v 2.526316 -1.200000 -2.400000
v 2.652632 0.285223 -2.400000
v 2.652632 -1.200000 -2.400000
v 2.778947 0.285805 -2.400000
v 2.778947 -1.200000 -2.400000
v 2.905263 0.286901 -2.400000
v 2.905263 -1.200000 -2.400000
v 3.031579 0.288333 -2.400000
v 3.031579 -1.200000 -2.400000
v 3.157895 0.289855 -2.400000
v 3.157895 -1.200000 -2.400000
v 3.284211 0.291164 -2.400000
v 3.284211 -1.200000 -2.400000
v 3.410526 0.291923 -2.400000
v 3.410526 -1.200000 -2.400000
v 3.536842 0.291781 -2.400000
v 3.536842 -1.200000 -2.400000
v 3.663158 0.290393 -2.400000
v 3.663158 -1.200000 -2.400000
v 3.789474 0.287440 -2.400000
v 3.789474 -1.200000 -2.400000
v 3.915789 0.282647 -2.400000
v 3.915789 -1.200000 -2.400000
v 4.042105 0.275795 -2.400000
v 4.042105 -1.200000 -2.400000
v 4.168421 0.266730 -2.400000
v 4.168421 -1.200000 -2.400000
v 4.294737 0.255369 -2.400000
v 4.294737 -1.200000 -2.400000
v 4.421053 0.241704 -2.400000
v 4.421053 -1.200000 -2.400000
v 4.547368 0.225798 -2.400000
v 4.547368 -1.200000 -2.400000
v 4.673684 0.207784 -2.400000
v 4.673684 -1.200000 -2.400000
v 4.800000 0.187857 -2.400000
v 4.800000 -1.200000 -2.400000
v -4.800000 0.016856 -2.273684
v -4.800000 -1.200000 -2.273684
v -4.673684 0.012318 -2.273684
v -4.673684 -1.200000 -2.273684
v -4.547368 0.009943 -2.273684
v -4.547368 -1.200000 -2.273684
v -4.421053 0.009919 -2.273684
v -4.421053 -1.200000 -2.273684
v -4.294737 0.012385 -2.273684
v -4.294737 -1.200000 -2.273684
v -4.168421 0.017435 -2.273684
v -4.168421 -1.200000 -2.273684
v -4.042105 0.025108 -2.273684
v -4.042105 -1.200000 -2.273684
v -3.915789 0.035394 -2.273684
v -3.915789 -1.200000 -2.273684
v -3.789474 0.048225 -2.273684
v -3.789474 -1.200000 -2.273684
v -3.663158 0.063487 -2.273684
v -3.663158 -1.200000 -2.273684
v -3.536842 0.081011 -2.273684
v -3.536842 -1.200000 -2.273684
v -3.410526 0.100586 -2.273684
v -3.410526 -1.200000 -2.273684
v -3.284211 0.121955 -2.273684
v -3.284211 -1.200000 -2.273684
v -3.157895 0.144824 -2.273684
v -3.157895 -1.200000 -2.273684
v -3.031579 0.168868 -2.273684
v -3.031579 -1.200000 -2.273684
v -2.905263 0.193736 -2.273684
v -2.905263 -1.200000 -2.273684
v -2.778947 0.219059 -2.273684
v -2.778947 -1.200000 -2.273684
v -2.652632 0.244455 -2.273684
v -2.652632 -1.200000 -2.273684
v -2.526316 0.269542 -2.273684
v -2.526316 -1.200000 -2.273684
v -2.400000 0.293938 -2.273684
v -2.400000 -1.200000 -2.273684
v -2.273684 0.317278 -2.273684
v -2.273684 -1.200000 -2.273684
v -2.147368 0.339216 -2.273684
v -2.147368 -1.200000 -2.273684
v -2.021053 0.359431 -2.273684
v -2.021053 -1.200000 -2.273684
v -1.894737 0.377643 -2.273684
v -1.894737 -1.200000 -2.273684
v -1.768421 0.393611 -2.273684
v -1.768421 -1.200000 -2.273684
v -1.642105 0.407145 -2.273684
v -1.642105 -1.200000 -2.273684
v -1.515789 0.418108 -2.273684
v -1.515789 -1.200000 -2.273684
v -1.389474 0.426429 -2.273684
v -1.389474 -1.200000 -2.273684
v -1.263158 0.432098 -2.273684
v -1.263158 -1.200000 -2.273684
v -1.136842 0.435176 -2.273684
v -1.136842 -1.200000 -2.273684
v -1.010526 0.435794 -2.273684
v -1.010526 -1.200000 -2.273684
v -0.884211 0.434154 -2.273684
v -0.884211 -1.200000 -2.273684
v -0.757895 0.430524 -2.273684
v -0.757895 -1.200000 -2.273684
v -0.631579 0.425229 -2.273684
v -0.631579 -1.200000 -2.273684
v -0.505263 0.418644 -2.273684
v -0.505263 -1.200000 -2.273684
v -0.378947 0.411175 -2.273684
v -0.378947 -1.200000 -2.273684
v -0.252632 0.403245 -2.273684
v -0.252632 -1.200000 -2.273684
v -0.126316 0.395265 -2.273684
v -0.126316 -1.200000 -2.273684
v 0.000000 0.387616 -2.273684
v 0.000000 -1.200000 -2.273684
v 0.126316 0.380627 -2.273684
v 0.126316 -1.200000 -2.273684
v 0.252632 0.374546 -2.273684
v 0.252632 -1.200000 -2.273684
v 0.378947 0.369530 -2.273684
v 0.378947 -1.200000 -2.273684
v 0.505263 0.365633 -2.273684
v 0.505263 -1.200000 -2.273684
v 0.631579 0.362800 -2.273684
v 0.631579 -1.200000 -2.273684
v 0.757895 0.360877 -2.273684
v 0.757895 -1.200000 -2.273684
v 0.884211 0.359625 -2.273684
v 0.884211 -1.200000 -2.273684
v 1.010526 0.358747 -2.273684
v 1.010526 -1.200000 -2.273684
v 1.136842 0.357919 -2.273684
v 1.136842 -1.200000 -2.273684
v 1.263158 0.356820 -2.273684
v 1.263158 -1.200000 -2.273684
v 1.389474 0.355173 -2.273684
v 1.389474 -1.200000 -2.273684
v 1.515789 0.352767 -2.273684
v 1.515789 -1.200000 -2.273684
v 1.642105 0.349483 -2.273684
v 1.642105 -1.200000 -2.273684
v 1.768421 0.345304 -2.273684
v 1.768421 -1.200000 -2.273684
v 1.894737 0.340312 -2.273684
v 1.894737 -1.200000 -2.273684
v 2.021053 0.334675 -2.273684
v 2.021053 -1.200000 -2.273684
v 2.147368 0.328626 -2.273684
v 2.147368 -1.200000 -2.273684
v 2.273684 0.322429 -2.273684
v 2.273684 -1.200000 -2.273684
v 2.400000 0.316352 -2.273684
v 2.400000 -1.200000 -2.273684
v 2.526316 0.310631 -2.273684
v 2.526316 -1.200000 -2.273684
v 2.652632 0.305444 -2.273684
v 2.652632 -1.200000 -2.273684
v 2.778947 0.300892 -2.273684
v 2.778947 -1.200000 -2.273684
v 2.905263 0.296985 -2.273684
v 2.905263 -1.200000 -2.273684
v 3.031579 0.293645 -2.273684
v 3.031579 -1.200000 -2.273684
v 3.157895 0.290711 -2.273684
v 3.157895 -1.200000 -2.273684
v 3.284211 0.287951 -2.273684
v 3.284211 -1.200000 -2.273684
v 3.410526 0.285086 -2.273684
v 3.410526 -1.200000 -2.273684
v 3.536842 0.281809 -2.273684
v 3.536842 -1.200000 -2.273684
v 3.663158 0.277805 -2.273684
v 3.663158 -1.200000 -2.273684
v 3.789474 0.272778 -2.273684
v 3.789474 -1.200000 -2.273684
v 3.915789 0.266462 -2.273684
v 3.915789 -1.200000 -2.273684
v 4.042105 0.258640 -2.273684
v 4.042105 -1.200000 -2.273684
v 4.168421 0.249151 -2.273684
v 4.168421 -1.200000 -2.273684
v 4.294737 0.237898 -2.273684
v 4.294737 -1.200000 -2.273684
v 4.421053 0.224849 -2.273684
v 4.421053 -1.200000 -2.273684
v 4.547368 0.210036 -2.273684
v 4.547368 -1.200000 -2.273684
v 4.673684 0.193556 -2.273684
v 4.673684 -1.200000 -2.273684
v 4.800000 0.175559 -2.273684
v 4.800000 -1.200000 -2.273684
v -4.800000 0.036411 -2.147368
v -4.800000 -1.200000 -2.147368
v -4.673684 0.034410 -2.147368
v -4.673684 -1.200000 -2.147368
v -4.547368 0.034185 -2.147368
v -4.547368 -1.200000 -2.147368
v -4.421053 0.035881 -2.147368
v -4.421053 -1.200000 -2.147368
v -4.294737 0.039608 -2.147368
v -4.294737 -1.200000 -2.147368
v -4.168421 0.045436 -2.147368
v -4.168421 -1.200000 -2.147368
v -4.042105 0.053395 -2.147368
v -4.042105 -1.200000 -2.147368
v -3.915789 0.063471 -2.147368
v -3.915789 -1.200000 -2.147368
v -3.789474 0.075609 -2.147368
v -3.789474 -1.200000 -2.147368
v -3.663158 0.089712 -2.147368
v -3.663158 -1.200000 -2.147368
v -3.536842 0.105642 -2.147368
v -3.536842 -1.200000 -2.147368
v -3.410526 0.123225 -2.147368
v -3.410526 -1.200000 -2.147368
v -3.284211 0.142253 -2.147368
v -3.284211 -1.200000 -2.147368
v -3.157895 0.162486 -2.147368
v -3.157895 -1.200000 -2.147368
v -3.031579 0.183660 -2.147368
v -3.031579 -1.200000 -2.147368
v -2.905263 0.205488 -2.147368
v -2.905263 -1.200000 -2.147368
v -2.778947 0.227670 -2.147368
v -2.778947 -1.200000 -2.147368
v -2.652632 0.249895 -2.147368
v -2.652632 -1.200000 -2.147368
v -2.526316 0.271853 -2.147368
v -2.526316 -1.200000 -2.147368
v -2.400000 0.293232 -2.147368
v -2.400000 -1.200000 -2.147368
v -2.273684 0.313736 -2.147368
v -2.273684 -1.200000 -2.147368
v -2.147368 0.333081 -2.147368
v -2.147368 -1.200000 -2.147368
v -2.021053 0.351009 -2.147368
v -2.021053 -1.200000 -2.147368
v -1.894737 0.367289 -2.147368
v -1.894737 -1.200000 -2.147368
v -1.768421 0.381729 -2.147368
v -1.768421 -1.200000 -2.147368
v -1.642105 0.394176 -2.147368
v -1.642105 -1.200000 -2.147368
v -1.515789 0.404524 -2.147368
v -1.515789 -1.200000 -2.147368
v -1.389474 0.412721 -2.147368
v -1.389474 -1.200000 -2.147368
v -1.263158 0.418774 -2.147368
v -1.263158 -1.200000 -2.147368
v -1.136842 0.422747 -2.147368
v -1.136842 -1.200000 -2.147368
v -1.010526 0.424771 -2.147368
v -1.010526 -1.200000 -2.147368
v -0.884211 0.425038 -2.147368
v -0.884211 -1.200000 -2.147368
v -0.757895 0.423802 -2.147368
v -0.757895 -1.200000 -2.147368
v -0.631579 0.421366 -2.147368
v -0.631579 -1.200000 -2.147368
v -0.505263 0.418076 -2.147368
v -0.505263 -1.200000 -2.147368
v -0.378947 0.414304 -2.147368
v -0.378947 -1.200000 -2.147368
v -0.252632 0.410423 -2.147368
v -0.252632 -1.200000 -2.147368
v -0.126316 0.406792 -2.147368
v -0.126316 -1.200000 -2.147368
v 0.000000 0.403725 -2.147368
v 0.000000 -1.200000 -2.147368
v 0.126316 0.401472 -2.147368
v 0.126316 -1.200000 -2.147368
v 0.252632 0.400194 -2.147368
v 0.252632 -1.200000 -2.147368
v 0.378947 0.399948 -2.147368
v 0.378947 -1.200000 -2.147368
v 0.505263 0.400679 -2.147368
v 0.505263 -1.200000 -2.147368
v 0.631579 0.402219 -2.147368
v 0.631579 -1.200000 -2.147368
v 0.757895 0.404298 -2.147368
v 0.757895 -1.200000 -2.147368
v 0.884211 0.406562 -2.147368
v 0.884211 -1.200000 -2.147368
v 1.010526 0.408603 -2.147368
v 1.010526 -1.200000 -2.147368
v 1.136842 0.409999 -2.147368
v 1.136842 -1.200000 -2.147368
v 1.263158 0.410349 -2.147368
v 1.263158 -1.200000 -2.147368
v 1.389474 0.409313 -2.147368
v 1.389474 -1.200000 -2.147368
v 1.515789 0.406649 -2.147368
v 1.515789 -1.200000 -2.147368
v 1.642105 0.402232 -2.147368
v 1.642105 -1.200000 -2.147368
v 1.768421 0.396067 -2.147368
v 1.768421 -1.200000 -2.147368
v 1.894737 0.388289 -2.147368
v 1.894737 -1.200000 -2.147368
v 2.021053 0.379145 -2.147368
v 2.021053 -1.200000 -2.147368
v 2.147368 0.368968 -2.147368
v 2.147368 -1.200000 -2.147368
v 2.273684 0.358141 -2.147368
v 2.273684 -1.200000 -2.147368
v 2.400000 0.347059 -2.147368
v 2.400000 -1.200000 -2.147368
v 2.526316 0.336092 -2.147368
v 2.526316 -1.200000 -2.147368
v 2.652632 0.325550 -2.147368
v 2.652632 -1.200000 -2.147368
v 2.778947 0.315657 -2.147368
v 2.778947 -1.200000 -2.147368
v 2.905263 0.306543 -2.147368
v 2.905263 -1.200000 -2.147368
v 3.031579 0.298233 -2.147368
v 3.031579 -1.200000 -2.147368
v 3.157895 0.290653 -2.147368
v 3.157895 -1.200000 -2.147368
v 3.284211 0.283650 -2.147368
v 3.284211 -1.200000 -2.147368
v 3.410526 0.277004 -2.147368
v 3.410526 -1.200000 -2.147368
v 3.536842 0.270455 -2.147368
v 3.536842 -1.200000 -2.147368
v 3.663158 0.263726 -2.147368
v 3.663158 -1.200000 -2.147368
v 3.789474 0.256541 -2.147368
v 3.789474 -1.200000 -2.147368
v 3.915789 0.248649 -2.147368
v 3.915789 -1.200000 -2.147368
v 4.042105 0.239834 -2.147368
v 4.042105 -1.200000 -2.147368
v 4.168421 0.229931 -2.147368
v 4.168421 -1.200000 -2.147368
v 4.294737 0.218827 -2.147368
v 4.294737 -1.200000 -2.147368
v 4.421053 0.206465 -2.147368
v 4.421053 -1.200000 -2.147368
v 4.547368 0.192848 -2.147368
v 4.547368 -1.200000 -2.147368
v 4.673684 0.178031 -2.147368
v 4.673684 -1.200000 -2.147368
v 4.800000 0.162120 -2.147368
v 4.800000 -1.200000 -2.147368
v -4.800000 0.056728 -2.021053
v -4.800000 -1.200000 -2.021053
v -4.673684 0.057380 -2.021053
v -4.673684 -1.200000 -2.021053
v -4.547368 0.059397 -2.021053
v -4.547368 -1.200000 -2.021053
v -4.421053 0.062886 -2.021053
v -4.421053 -1.200000 -2.021053
v -4.294737 0.067922 -2.021053
v -4.294737 -1.200000 -2.021053
v -4.168421 0.074552 -2.021053
v -4.168421 -1.200000 -2.021053
v -4.042105 0.082795 -2.021053
v -4.042105 -1.200000 -2.021053
v -3.915789 0.092635 -2.021053
v -3.915789 -1.200000 -2.021053
v -3.789474 0.104028 -2.021053
v -3.789474 -1.200000 -2.021053
v -3.663158 0.116897 -2.021053
v -3.663158 -1.200000 -2.021053
v -3.536842 0.131136 -2.021053
v -3.536842 -1.200000 -2.021053
v -3.410526 0.146612 -2.021053
v -3.410526 -1.200000 -2.021053
v -3.284211 0.163165 -2.021053
v -3.284211 -1.200000 -2.021053
v -3.157895 0.180613 -2.021053
v -3.157895 -1.200000 -2.021053
v -3.031579 0.198755 -2.021053
v -3.031579 -1.200000 -2.021053
v -2.905263 0.217373 -2.021053
v -2.905263 -1.200000 -2.021053
v -2.778947 0.236239 -2.021053
v -2.778947 -1.200000 -2.021053
v -2.652632 0.255118 -2.021053
v -2.652632 -1.200000 -2.021053
v -2.526316 0.273772 -2.021053
v -2.526316 -1.200000 -2.021053
v -2.400000 0.291966 -2.021053
v -2.400000 -1.200000 -2.021053
v -2.273684 0.309471 -2.021053
v -2.273684 -1.200000 -2.021053
v -2.147368 0.326074 -2.021053
v -2.147368 -1.200000 -2.021053
v -2.021053 0.341577 -2.021053
v -2.021053 -1.200000 -2.021053
v -1.894737 0.355806 -2.021053
v -1.894737 -1.200000 -2.021053
v -1.768421 0.368614 -2.021053
v -1.768421 -1.200000 -2.021053
v -1.642105 0.379889 -2.021053
v -1.642105 -1.200000 -2.021053
v -1.515789 0.389555 -2.021053
v -1.515789 -1.200000 -2.021053
v -1.389474 0.397582 -2.021053
v -1.389474 -1.200000 -2.021053
v -1.263158 0.403989 -2.021053
v -1.263158 -1.200000 -2.021053
v -1.136842 0.408846 -2.021053
v -1.136842 -1.200000 -2.021053
v -1.010526 0.412283 -2.021053
v -1.010526 -1.200000 -2.021053
v -0.884211 0.414482 -2.021053
v -0.884211 -1.200000 -2.021053
v -0.757895 0.415683 -2.021053
v -0.757895 -1.200000 -2.021053
v -0.631579 0.416167 -2.021053
v -0.631579 -1.200000 -2.021053
v -0.505263 0.416253 -2.021053
v -0.505263 -1.200000 -2.021053
v -0.378947 0.416274 -2.021053
v -0.378947 -1.200000 -2.021053
v -0.252632 0.416558 -2.021053
v -0.252632 -1.200000 -2.021053
v -0.126316 0.417403 -2.021053
v -0.126316 -1.200000 -2.021053
v 0.000000 0.419053 -2.021053
v 0.000000 -1.200000 -2.021053
v 0.126316 0.421675 -2.021053
v 0.126316 -1.200000 -2.021053
v 0.252632 0.425335 -2.021053
v 0.252632 -1.200000 -2.021053
v 0.378947 0.429984 -2.021053
v 0.378947 -1.200000 -2.021053
v 0.505263 0.435456 -2.021053
v 0.505263 -1.200000 -2.021053
v 0.631579 0.441465 -2.021053
v 0.631579 -1.200000 -2.021053
v 0.757895 0.447620 -2.021053
v 0.757895 -1.200000 -2.021053
v 0.884211 0.453453 -2.021053
v 0.884211 -1.200000 -2.021053
v 1.010526 0.458448 -2.021053
v 1.010526 -1.200000 -2.021053
v 1.136842 0.462086 -2.021053
v 1.136842 -1.200000 -2.021053
v 1.263158 0.463886 -2.021053
v 1.263158 -1.200000 -2.021053
v 1.389474 0.463452 -2.021053
v 1.389474 -1.200000 -2.021053
v 1.515789 0.460508 -2.021053
v 1.515789 -1.200000 -2.021053
v 1.642105 0.454926 -2.021053
v 1.642105 -1.200000 -2.021053
v 1.768421 0.446735 -2.021053
v 1.768421 -1.200000 -2.021053
v 1.894737 0.436123 -2.021053
v 1.894737 -1.200000 -2.021053
v 2.021053 0.423417 -2.021053
v 2.021053 -1.200000 -2.021053
v 2.147368 0.409050 -2.021053
v 2.147368 -1.200000 -2.021053
v 2.273684 0.393523 -2.021053
v 2.273684 -1.200000 -2.021053
v 2.400000 0.377360 -2.021053
v 2.400000 -1.200000 -2.021053
v 2.526316 0.361062 -2.021053
v 2.526316 -1.200000 -2.021053
v 2.652632 0.345072 -2.021053
v 2.652632 -1.200000 -2.021053
v 2.778947 0.329744 -2.021053
v 2.778947 -1.200000 -2.021053
v 2.905263 0.315323 -2.021053
v 2.905263 -1.200000 -2.021053
v 3.031579 0.301941 -2.021053
v 3.031579 -1.200000 -2.021053
v 3.157895 0.289617 -2.021053
v 3.157895 -1.200000 -2.021053
v 3.284211 0.278275 -2.021053
v 3.284211 -1.200000 -2.021053
v 3.410526 0.267761 -2.021053
v 3.410526 -1.200000 -2.021053
v 3.536842 0.257866 -2.021053
v 3.536842 -1.200000 -2.021053
v 3.663158 0.248348 -2.021053
v 3.663158 -1.200000 -2.021053
v 3.789474 0.238961 -2.021053
v 3.789474 -1.200000 -2.021053
v 3.915789 0.229466 -2.021053
v 3.915789 -1.200000 -2.021053
v 4.042105 0.219655 -2.021053
v 4.042105 -1.200000 -2.021053
v 4.168421 0.209355 -2.021053
v 4.168421 -1.200000 -2.021053
v 4.294737 0.198439 -2.021053
v 4.294737 -1.200000 -2.021053
v 4.421053 0.186829 -2.021053
v 4.421053 -1.200000 -2.021053
v 4.547368 0.174494 -2.021053
v 4.547368 -1.200000 -2.021053
v 4.673684 0.161448 -2.021053
v 4.673684 -1.200000 -2.021053
v 4.800000 0.147748 -2.021053
v 4.800000 -1.200000 -2.021053
v -4.800000 0.077562 -1.894737
v -4.800000 -1.200000 -1.894737
v -4.673684 0.080946 -1.894737
v -4.673684 -1.200000 -1.894737
v -4.547368 0.085274 -1.894737
v -4.547368 -1.200000 -1.894737
v -4.421053 0.090605 -1.894737
v -4.421053 -1.200000 -1.894737
v -4.294737 0.096984 -1.894737
v -4.294737 -1.200000 -1.894737
v -4.168421 0.104433 -1.894737
v -4.168421 -1.200000 -1.894737
v -4.042105 0.112957 -1.894737
v -4.042105 -1.200000 -1.894737
v -3.915789 0.122542 -1.894737
v -3.915789 -1.200000 -1.894737
v -3.789474 0.133152 -1.894737
v -3.789474 -1.200000 -1.894737
v -3.663158 0.144734 -1.894737
v -3.663158 -1.200000 -1.894737
v -3.536842 0.157213 -1.894737
v -3.536842 -1.200000 -1.894737
v -3.410526 0.170498 -1.894737
v -3.410526 -1.200000 -1.894737
v -3.284211 0.184481 -1.894737
v -3.284211 -1.200000 -1.894737
v -3.157895 0.199039 -1.894737
v -3.157895 -1.200000 -1.894737
v -3.031579 0.214035 -1.894737
v -3.031579 -1.200000 -1.894737
v -2.905263 0.229323 -1.894737
v -2.905263 -1.200000 -1.894737
v -2.778947 0.244751 -1.894737
v -2.778947 -1.200000 -1.894737
v -2.652632 0.260157 -1.894737
v -2.652632 -1.200000 -1.894737
v -2.526316 0.275383 -1.894737
v -2.526316 -1.200000 -1.894737
v -2.400000 0.290268 -1.894737
v -2.400000 -1.200000 -1.894737
v -2.273684 0.304659 -1.894737
v -2.273684 -1.200000 -1.894737
v -2.147368 0.318410 -1.894737
v -2.147368 -1.200000 -1.894737
v -2.021053 0.331386 -1.894737
v -2.021053 -1.200000 -1.894737
v -1.894737 0.343470 -1.894737
v -1.894737 -1.200000 -1.894737
v -1.768421 0.354564 -1.894737
v -1.768421 -1.200000 -1.894737
v -1.642105 0.364592 -1.894737
v -1.642105 -1.200000 -1.894737
v -1.515789 0.373511 -1.894737
v -1.515789 -1.200000 -1.894737
v -1.389474 0.381311 -1.894737
v -1.389474 -1.200000 -1.894737
v -1.263158 0.388021 -1.894737
v -1.263158 -1.200000 -1.894737
v -1.136842 0.393718 -1.894737
v -1.136842 -1.200000 -1.894737
v -1.010526 0.398529 -1.894737
v -1.010526 -1.200000 -1.894737
v -0.884211 0.402629 -1.894737
v -0.884211 -1.200000 -1.894737
v -0.757895 0.406243 -1.894737
v -0.757895 -1.200000 -1.894737
v -0.631579 0.409636 -1.894737
v -0.631579 -1.200000 -1.894737
v -0.505263 0.413099 -1.894737
v -0.505263 -1.200000 -1.894737
v -0.378947 0.416929 -1.894737
v -0.378947 -1.200000 -1.894737
v -0.252632 0.421406 -1.894737
v -0.252632 -1.200000 -1.894737
v -0.126316 0.426769 -1.894737
v -0.126316 -1.200000 -1.894737
v 0.000000 0.433187 -1.894737
v 0.000000 -1.200000 -1.894737
v 0.126316 0.440735 -1.894737
v 0.126316 -1.200000 -1.894737
v 0.252632 0.449381 -1.894737
v 0.252632 -1.200000 -1.894737
v 0.378947 0.458964 -1.894737
v 0.378947 -1.200000 -1.894737
v 0.505263 0.469199 -1.894737
v 0.505263 -1.200000 -1.894737
v 0.631579 0.479683 -1.894737
v 0.631579 -1.200000 -1.894737
v 0.757895 0.489905 -1.894737
v 0.757895 -1.200000 -1.894737
v 0.884211 0.499283 -1.894737
v 0.884211 -1.200000 -1.894737
v 1.010526 0.507197 -1.894737
v 1.010526 -1.200000 -1.894737
v 1.136842 0.513036 -1.894737
v 1.136842 -1.200000 -1.894737
v 1.263158 0.516246 -1.894737
v 1.263158 -1.200000 -1.894737
v 1.389474 0.516378 -1.894737
v 1.389474 -1.200000 -1.894737
v 1.515789 0.513129 -1.894737
v 1.515789 -1.200000 -1.894737
v 1.642105 0.506366 -1.894737
v 1.642105 -1.200000 -1.894737
v 1.768421 0.496147 -1.894737
v 1.768421 -1.200000 -1.894737
v 1.894737 0.482713 -1.894737
v 1.894737 -1.200000 -1.894737
v 2.021053 0.466466 -1.894737
v 2.021053 -1.200000 -1.894737
v 2.147368 0.447938 -1.894737
v 2.147368 -1.200000 -1.894737
v 2.273684 0.427744 -1.894737
v 2.273684 -1.200000 -1.894737
v 2.400000 0.406532 -1.894737
v 2.400000 -1.200000 -1.894737
v 2.526316 0.384934 -1.894737
v 2.526316 -1.200000 -1.894737
v 2.652632 0.363523 -1.894737
v 2.652632 -1.200000 -1.894737
v 2.778947 0.342778 -1.894737
v 2.778947 -1.200000 -1.894737
v 2.905263 0.323060 -1.894737
v 2.905263 -1.200000 -1.894737
v 3.031579 0.304608 -1.894737
v 3.031579 -1.200000 -1.894737
v 3.157895 0.287535 -1.894737
v 3.157895 -1.200000 -1.894737
v 3.284211 0.271845 -1.894737
v 3.284211 -1.200000 -1.894737
v 3.410526 0.257449 -1.894737
v 3.410526 -1.200000 -1.894737
v 3.536842 0.244193 -1.894737
v 3.536842 -1.200000 -1.894737
v 3.663158 0.231877 -1.894737
v 3.663158 -1.200000 -1.894737
v 3.789474 0.220282 -1.894737
v 3.789474 -1.200000 -1.894737
v 3.915789 0.209188 -1.894737
v 3.915789 -1.200000 -1.894737
v 4.042105 0.198394 -1.894737
v 4.042105 -1.200000 -1.894737
v 4.168421 0.187724 -1.894737
v 4.168421 -1.200000 -1.894737
v 4.294737 0.177037 -1.894737
v 4.294737 -1.200000 -1.894737
v 4.421053 0.166233 -1.894737
v 4.421053 -1.200000 -1.894737
v 4.547368 0.155248 -1.894737
v 4.547368 -1.200000 -1.894737
v 4.673684 0.144055 -1.894737
v 4.673684 -1.200000 -1.894737
v 4.800000 0.132662 -1.894737
v 4.800000 -1.200000 -1.894737
v -4.800000 0.098658 -1.768421
v -4.800000 -1.200000 -1.768421
v -4.673684 0.104821 -1.768421
v -4.673684 -1.200000 -1.768421
v -4.547368 0.111496 -1.768421
v -4.547368 -1.200000 -1.768421
v -4.421053 0.118700 -1.768421
v -4.421053 -1.200000 -1.768421
v -4.294737 0.126439 -1.768421
v -4.294737 -1.200000 -1.768421
v -4.168421 0.134715 -1.768421
v -4.168421 -1.200000 -1.768421
v -4.042105 0.143520 -1.768421
v -4.042105 -1.200000 -1.768421
v -3.915789 0.152837 -1.768421
v -3.915789 -1.200000 -1.768421
v -3.789474 0.162644 -1.768421
v -3.789474 -1.200000 -1.768421
v -3.663158 0.172907 -1.768421
v -3.663158 -1.200000 -1.768421
v -3.536842 0.183587 -1.768421
v -3.536842 -1.200000 -1.768421
v -3.410526 0.194633 -1.768421
v -3.410526 -1.200000 -1.768421
v -3.284211 0.205992 -1.768421
v -3.284211 -1.200000 -1.768421
v -3.157895 0.217598 -1.768421
v -3.157895 -1.200000 -1.768421
v -3.031579 0.229384 -1.768421
v -3.031579 -1.200000 -1.768421
v -2.905263 0.241275 -1.768421
v -2.905263 -1.200000 -1.768421
v -2.778947 0.253192 -1.768421
v -2.778947 -1.200000 -1.768421
v -2.652632 0.265054 -1.768421
v -2.652632 -1.200000 -1.768421
v -2.526316 0.276779 -1.768421
v -2.526316 -1.200000 -1.768421
v -2.400000 0.288285 -1.768421
v -2.400000 -1.200000 -1.768421
v -2.273684 0.299491 -1.768421
v -2.273684 -1.200000 -1.768421
v -2.147368 0.310321 -1.768421
v -2.147368 -1.200000 -1.768421
v -2.021053 0.320705 -1.768421
v -2.021053 -1.200000 -1.768421
v -1.894737 0.330580 -1.768421
v -1.894737 -1.200000 -1.768421
v -1.768421 0.339895 -1.768421
v -1.768421 -1.200000 -1.768421
v -1.642105 0.348613 -1.768421
v -1.642105 -1.200000 -1.768421
v -1.515789 0.356718 -1.768421
v -1.515789 -1.200000 -1.768421
v -1.389474 0.364218 -1.768421
v -1.389474 -1.200000 -1.768421
v -1.263158 0.371154 -1.768421
v -1.263158 -1.200000 -1.768421
v -1.136842 0.377605 -1.768421
v -1.136842 -1.200000 -1.768421
v -1.010526 0.383697 -1.768421
v -1.010526 -1.200000 -1.768421
v -0.884211 0.389600 -1.768421
v -0.884211 -1.200000 -1.768421
v -0.757895 0.395530 -1.768421
v -0.757895 -1.200000 -1.768421
v -0.631579 0.401737 -1.768421
v -0.631579 -1.200000 -1.768421
v -0.505263 0.408490 -1.768421
v -0.505263 -1.200000 -1.768421
v -0.378947 0.416056 -1.768421
v -0.378947 -1.200000 -1.768421
v -0.252632 0.424670 -1.768421
v -0.252632 -1.200000 -1.768421
v -0.126316 0.434508 -1.768421
v -0.126316 -1.200000 -1.768421
v 0.000000 0.445659 -1.768421
v 0.000000 -1.200000 -1.768421
v 0.126316 0.458105 -1.768421
v 0.126316 -1.200000 -1.768421
v 0.252632 0.471702 -1.768421
v 0.252632 -1.200000 -1.768421
v 0.378947 0.486176 -1.768421
v 0.378947 -1.200000 -1.768421
v 0.505263 0.501118 -1.768421
v 0.505263 -1.200000 -1.768421
v 0.631579 0.516001 -1.768421
v 0.631579 -1.200000 -1.768421
v 0.757895 0.530201 -1.768421
v 0.757895 -1.200000 -1.768421
v 0.884211 0.543025 -1.768421
v 0.884211 -1.200000 -1.768421
v 1.010526 0.553756 -1.768421
v 1.010526 -1.200000 -1.768421
v 1.136842 0.561701 -1.768421
v 1.136842 -1.200000 -1.768421
v 1.263158 0.566242 -1.768421
v 1.263158 -1.200000 -1.768421
v 1.389474 0.566883 -1.768421
v 1.389474 -1.200000 -1.768421
v 1.515789 0.563299 -1.768421
v 1.515789 -1.200000 -1.768421
v 1.642105 0.555361 -1.768421
v 1.642105 -1.200000 -1.768421
v 1.768421 0.543152 -1.768421
v 1.768421 -1.200000 -1.768421
v 1.894737 0.526963 -1.768421
v 1.894737 -1.200000 -1.768421
v 2.021053 0.507272 -1.768421
v 2.021053 -1.200000 -1.768421
v 2.147368 0.484703 -1.768421
v 2.147368 -1.200000 -1.768421
v 2.273684 0.459977 -1.768421
v 2.273684 -1.200000 -1.768421
v 2.400000 0.433861 -1.768421
v 2.400000 -1.200000 -1.768421
v 2.526316 0.407110 -1.768421
v 2.526316 -1.200000 -1.768421
v 2.652632 0.380421 -1.768421
v 2.652632 -1.200000 -1.768421
v 2.778947 0.354392 -1.768421
v 2.778947 -1.200000 -1.768421
v 2.905263 0.329498 -1.768421
v 2.905263 -1.200000 -1.768421
v 3.031579 0.306082 -1.768421
v 3.031579 -1.200000 -1.768421
v 3.157895 0.284350 -1.768421
v 3.157895 -1.200000 -1.768421
v 3.284211 0.264386 -1.768421
v 3.284211 -1.200000 -1.768421
v 3.410526 0.246171 -1.768421
v 3.410526 -1.200000 -1.768421
v 3.536842 0.229604 -1.768421
v 3.536842 -1.200000 -1.768421
v 3.663158 0.214530 -1.768421
v 3.663158 -1.200000 -1.768421
v 3.789474 0.200762 -1.768421
v 3.789474 -1.200000 -1.768421
v 3.915789 0.188102 -1.768421
v 3.915789 -1.200000 -1.768421
v 4.042105 0.176357 -1.768421
v 4.042105 -1.200000 -1.768421
v 4.168421 0.165351 -1.768421
v 4.168421 -1.200000 -1.768421
v 4.294737 0.154932 -1.768421
v 4.294737 -1.200000 -1.768421
v 4.421053 0.144978 -1.768421
v 4.421053 -1.200000 -1.768421
v 4.547368 0.135393 -1.768421
v 4.547368 -1.200000 -1.768421
v 4.673684 0.126111 -1.768421
v 4.673684 -1.200000 -1.768421
v 4.800000 0.117089 -1.768421
v 4.800000 -1.200000 -1.768421
v -4.800000 0.119759 -1.642105
v -4.800000 -1.200000 -1.642105
v -4.673684 0.128711 -1.642105
v -4.673684 -1.200000 -1.642105
v -4.547368 0.137743 -1.642105
v -4.547368 -1.200000 -1.642105
v -4.421053 0.146825 -1.642105
v -4.421053 -1.200000 -1.642105
v -4.294737 0.155929 -1.642105
v -4.294737 -1.200000 -1.642105
v -4.168421 0.165033 -1.642105
v -4.168421 -1.200000 -1.642105
v -4.042105 0.174116 -1.642105
v -4.042105 -1.200000 -1.642105
v -3.915789 0.183163 -1.642105
v -3.915789 -1.200000 -1.642105
v -3.789474 0.192160 -1.642105
v -3.789474 -1.200000 -1.642105
v -3.663158 0.201097 -1.642105
v -3.663158 -1.200000 -1.642105
v -3.536842 0.209967 -1.642105
v -3.536842 -1.200000 -1.642105
v -3.410526 0.218765 -1.642105
v -3.410526 -1.200000 -1.642105
v -3.284211 0.227487 -1.642105
v -3.284211 -1.200000 -1.642105
v -3.157895 0.236130 -1.642105
v -3.157895 -1.200000 -1.642105
v -3.031579 0.244691 -1.642105
v -3.031579 -1.200000 -1.642105
v -2.905263 0.253169 -1.642105
v -2.905263 -1.200000 -1.642105
v -2.778947 0.261560 -1.642105
v -2.778947 -1.200000 -1.642105
v -2.652632 0.269861 -1.642105
v -2.652632 -1.200000 -1.642105
v -2.526316 0.278067 -1.642105
v -2.526316 -1.200000 -1.642105
v -2.400000 0.286173 -1.642105
v -2.400000 -1.200000 -1.642105
v -2.273684 0.294173 -1.642105
v -2.273684 -1.200000 -1.642105
v -2.147368 0.302058 -1.642105
v -2.147368 -1.200000 -1.642105
v -2.021053 0.309819 -1.642105
v -2.021053 -1.200000 -1.642105
v -1.894737 0.317449 -1.642105
v -1.894737 -1.200000 -1.642105
v -1.768421 0.324941 -1.642105
v -1.768421 -1.200000 -1.642105
v -1.642105 0.332293 -1.642105
v -1.642105 -1.200000 -1.642105
v -1.515789 0.339512 -1.642105
v -1.515789 -1.200000 -1.642105
v -1.389474 0.346622 -1.642105
v -1.389474 -1.200000 -1.642105
v -1.263158 0.353672 -1.642105
v -1.263158 -1.200000 -1.642105
v -1.136842 0.360745 -1.642105
v -1.136842 -1.200000 -1.642105
v -1.010526 0.367963 -1.642105
v -1.010526 -1.200000 -1.642105
v -0.884211 0.375498 -1.642105
v -0.884211 -1.200000 -1.642105
v -0.757895 0.383561 -1.642105
v -0.757895 -1.200000 -1.642105
v -0.631579 0.392397 -1.642105
v -0.631579 -1.200000 -1.642105
v -0.505263 0.402264 -1.642105
v -0.505263 -1.200000 -1.642105
v -0.378947 0.413402 -1.642105
v -0.378947 -1.200000 -1.642105
v -0.252632 0.426007 -1.642105
v -0.252632 -1.200000 -1.642105
v -0.126316 0.440193 -1.642105
v -0.126316 -1.200000 -1.642105
v 0.000000 0.455967 -1.642105
v 0.000000 -1.200000 -1.642105
v 0.126316 0.473208 -1.642105
v 0.126316 -1.200000 -1.642105
v 0.252632 0.491656 -1.642105
v 0.252632 -1.200000 -1.642105
v 0.378947 0.510909 -1.642105
v 0.378947 -1.200000 -1.642105
v 0.505263 0.530430 -1.642105
v 0.505263 -1.200000 -1.642105
v 0.631579 0.549571 -1.642105
v 0.631579 -1.200000 -1.642105
v 0.757895 0.567592 -1.642105
v 0.757895 -1.200000 -1.642105
v 0.884211 0.583699 -1.642105
v 0.884211 -1.200000 -1.642105
v 1.010526 0.597089 -1.642105
v 1.010526 -1.200000 -1.642105
v 1.136842 0.606997 -1.642105
v 1.136842 -1.200000 -1.642105
v 1.263158 0.612753 -1.642105
v 1.263158 -1.200000 -1.642105
v 1.389474 0.613828 -1.642105
v 1.389474 -1.200000 -1.642105
v 1.515789 0.609880 -1.642105
v 1.515789 -1.200000 -1.642105
v 1.642105 0.600788 -1.642105
v 1.642105 -1.200000 -1.642105
v 1.768421 0.586664 -1.642105
v 1.768421 -1.200000 -1.642105
v 1.894737 0.567847 -1.642105
v 1.894737 -1.200000 -1.642105
v 2.021053 0.544881 -1.642105
v 2.021053 -1.200000 -1.642105
v 2.147368 0.518476 -1.642105
v 2.147368 -1.200000 -1.642105
v 2.273684 0.489453 -1.642105
v 2.273684 -1.200000 -1.642105
v 2.400000 0.458683 -1.642105
v 2.400000 -1.200000 -1.642105
v 2.526316 0.427037 -1.642105
v 2.526316 -1.200000 -1.642105
v 2.652632 0.395323 -1.642105
v 2.652632 -1.200000 -1.642105
v 2.778947 0.364254 -1.642105
v 2.778947 -1.200000 -1.642105
v 2.905263 0.334412 -1.642105
v 2.905263 -1.200000 -1.642105
v 3.031579 0.306238 -1.642105
v 3.031579 -1.200000 -1.642105
v 3.157895 0.280028 -1.642105
v 3.157895 -1.200000 -1.642105
v 3.284211 0.255947 -1.642105
v 3.284211 -1.200000 -1.642105
v 3.410526 0.234044 -1.642105
v 3.410526 -1.200000 -1.642105
v 3.536842 0.214277 -1.642105
v 3.536842 -1.200000 -1.642105
v 3.663158 0.196537 -1.642105
v 3.663158 -1.200000 -1.642105
v 3.789474 0.180671 -1.642105
v 3.789474 -1.200000 -1.642105
v 3.915789 0.166505 -1.642105
v 3.915789 -1.200000 -1.642105
v 4.042105 0.153860 -1.642105
v 4.042105 -1.200000 -1.642105
v 4.168421 0.142560 -1.642105
v 4.168421 -1.200000 -1.642105
v 4.294737 0.132446 -1.642105
v 4.294737 -1.200000 -1.642105
v 4.421053 0.123376 -1.642105
v 4.421053 -1.200000 -1.642105
v 4.547368 0.115223 -1.642105
v 4.547368 -1.200000 -1.642105
v 4.673684 0.107883 -1.642105
v 4.673684 -1.200000 -1.642105
v 4.800000 0.101262 -1.642105
v 4.800000 -1.200000 -1.642105
v -4.800000 0.140604 -1.515789
v -4.800000 -1.200000 -1.515789
v -4.673684 0.152322 -1.515789
v -4.673684 -1.200000 -1.515789
v -4.547368 0.163690 -1.515789
v -4.547368 -1.200000 -1.515789
v -4.421053 0.174634 -1.515789
v -4.421053 -1.200000 -1.515789
v -4.294737 0.185092 -1.515789
v -4.294737 -1.200000 -1.515789
v -4.168421 0.195018 -1.515789
v -4.168421 -1.200000 -1.515789
v -4.042105 0.204379 -1.515789
v -4.042105 -1.200000 -1.515789
v -3.915789 0.213160 -1.515789
v -3.915789 -1.200000 -1.515789
v -3.789474 0.221358 -1.515789
v -3.789474 -1.200000 -1.515789
v -3.663158 0.228986 -1.515789
v -3.663158 -1.200000 -1.515789
v -3.536842 0.236070 -1.515789
v -3.536842 -1.200000 -1.515789
v -3.410526 0.242646 -1.515789
v -3.410526 -1.200000 -1.515789
v -3.284211 0.248763 -1.515789
v -3.284211 -1.200000 -1.515789
v -3.157895 0.254477 -1.515789
v -3.157895 -1.200000 -1.515789
v -3.031579 0.259852 -1.515789
v -3.031579 -1.200000 -1.515789
v -2.905263 0.264956 -1.515789
v -2.905263 -1.200000 -1.515789
v -2.778947 0.269862 -1.515789
v -2.778947 -1.200000 -1.515789
v -2.652632 0.274641 -1.515789
v -2.652632 -1.200000 -1.515789
v -2.526316 0.279365 -1.515789
v -2.526316 -1.200000 -1.515789
v -2.400000 0.284105 -1.515789
v -2.400000 -1.200000 -1.515789
v -2.273684 0.288924 -1.515789
v -2.273684 -1.200000 -1.515789
v -2.147368 0.293881 -1.515789
v -2.147368 -1.200000 -1.515789
v -2.021053 0.299028 -1.515789
v -2.021053 -1.200000 -1.515789
v -1.894737 0.304405 -1.515789
v -1.894737 -1.200000 -1.515789
v -1.768421 0.310048 -1.515789
v -1.768421 -1.200000 -1.515789
v -1.642105 0.315983 -1.515789
v -1.642105 -1.200000 -1.515789
v -1.515789 0.322239 -1.515789
v -1.515789 -1.200000 -1.515789
v -1.389474 0.328849 -1.515789
v -1.389474 -1.200000 -1.515789
v -1.263158 0.335867 -1.515789
v -1.263158 -1.200000 -1.515789
v -1.136842 0.343375 -1.515789
v -1.136842 -1.200000 -1.515789
v -1.010526 0.351500 -1.515789
v -1.010526 -1.200000 -1.515789
v -0.884211 0.360415 -1.515789
v -0.884211 -1.200000 -1.515789
v -0.757895 0.370341 -1.515789
v -0.757895 -1.200000 -1.515789
v -0.631579 0.381528 -1.515789
v -0.631579 -1.200000 -1.515789
v -0.505263 0.394235 -1.515789
v -0.505263 -1.200000 -1.515789
v -0.378947 0.408691 -1.515789
v -0.378947 -1.200000 -1.515789
v -0.252632 0.425057 -1.515789
v -0.252632 -1.200000 -1.515789
v -0.126316 0.443389 -1.515789
v -0.126316 -1.200000 -1.515789
v 0.000000 0.463608 -1.515789
v 0.000000 -1.200000 -1.515789
v 0.126316 0.485482 -1.515789
v 0.126316 -1.200000 -1.515789
v 0.252632 0.508622 -1.515789
v 0.252632 -1.200000 -1.515789
v 0.378947 0.532488 -1.515789
v 0.378947 -1.200000 -1.515789
v 0.505263 0.556411 -1.515789
v 0.505263 -1.200000 -1.515789
v 0.631579 0.579614 -1.515789
v 0.631579 -1.200000 -1.515789
v 0.757895 0.601246 -1.515789
v 0.757895 -1.200000 -1.515789
v 0.884211 0.620423 -1.515789
v 0.884211 -1.200000 -1.515789
v 1.010526 0.636267 -1.515789
v 1.010526 -1.200000 -1.515789
v 1.136842 0.647958 -1.515789
v 1.136842 -1.200000 -1.515789
v 1.263158 0.654787 -1.515789
v 1.263158 -1.200000 -1.515789
v 1.389474 0.656205 -1.515789
v 1.389474 -1.200000 -1.515789
v 1.515789 0.651867 -1.515789
v 1.515789 -1.200000 -1.515789
v 1.642105 0.641662 -1.515789
v 1.642105 -1.200000 -1.515789
v 1.768421 0.625732 -1.515789
v 1.768421 -1.200000 -1.515789
v 1.894737 0.604462 -1.515789
v 1.894737 -1.200000 -1.515789
v 2.021053 0.578458 -1.515789
v 2.021053 -1.200000 -1.515789
v 2.147368 0.548503 -1.515789
v 2.147368 -1.200000 -1.515789
v 2.273684 0.515503 -1.515789
v 2.273684 -1.200000 -1.515789
v 2.400000 0.480426 -1.515789
v 2.400000 -1.200000 -1.515789
v 2.526316 0.444241 -1.515789
v 2.526316 -1.200000 -1.515789
v 2.652632 0.407860 -1.515789
v 2.652632 -1.200000 -1.515789
v 2.778947 0.372094 -1.515789
v 2.778947 -1.200000 -1.515789
v 2.905263 0.337627 -1.515789
v 2.905263 -1.200000 -1.515789
v 3.031579 0.304991 -1.515789
v 3.031579 -1.200000 -1.515789
v 3.157895 0.274569 -1.515789
v 3.157895 -1.200000 -1.515789
v 3.284211 0.246604 -1.515789
v 3.284211 -1.200000 -1.515789
v 3.410526 0.221212 -1.515789
v 3.410526 -1.200000 -1.515789
v 3.536842 0.198412 -1.515789
v 3.536842 -1.200000 -1.515789
v 3.663158 0.178142 -1.515789
v 3.663158 -1.200000 -1.515789
v 3.789474 0.160288 -1.515789
v 3.789474 -1.200000 -1.515789
v 3.915789 0.144703 -1.515789
v 3.915789 -1.200000 -1.515789
v 4.042105 0.131224 -1.515789
v 4.042105 -1.200000 -1.515789
v 4.168421 0.119680 -1.515789
v 4.168421 -1.200000 -1.515789
v 4.294737 0.109905 -1.515789
v 4.294737 -1.200000 -1.515789
v 4.421053 0.101740 -1.515789
v 4.421053 -1.200000 -1.515789
v 4.547368 0.095032 -1.515789
v 4.547368 -1.200000 -1.515789
v 4.673684 0.089637 -1.515789
v 4.673684 -1.200000 -1.515789
v 4.800000 0.085416 -1.515789
v 4.800000 -1.200000 -1.515789
v -4.800000 0.160936 -1.389474
v -4.800000 -1.200000 -1.389474
v -4.673684 0.175362 -1.389474
v -4.673684 -1.200000 -1.389474
v -4.547368 0.189018 -1.389474
v -4.547368 -1.200000 -1.389474
v -4.421053 0.201786 -1.389474
v -4.421053 -1.200000 -1.389474
v -4.294737 0.213572 -1.389474
v -4.294737 -1.200000 -1.389474
v -4.168421 0.224307 -1.389474
v -4.168421 -1.200000 -1.389474
v -4.042105 0.233947 -1.389474
v -4.042105 -1.200000 -1.389474
v -3.915789 0.242477 -1.389474
v -3.915789 -1.200000 -1.389474
v -3.789474 0.249904 -1.389474
v -3.789474 -1.200000 -1.389474
v -3.663158 0.256264 -1.389474
v -3.663158 -1.200000 -1.389474
v -3.536842 0.261614 -1.389474
v -3.536842 -1.200000 -1.389474
v -3.410526 0.266034 -1.389474
v -3.410526 -1.200000 -1.389474
v -3.284211 0.269621 -1.389474
v -3.284211 -1.200000 -1.389474
v -3.157895 0.272491 -1.389474
v -3.157895 -1.200000 -1.389474
v -3.031579 0.274770 -1.389474
v -3.031579 -1.200000 -1.389474
v -2.905263 0.276597 -1.389474
v -2.905263 -1.200000 -1.389474
v -2.778947 0.278113 -1.389474
v -2.778947 -1.200000 -1.389474
v -2.652632 0.279466 -1.389474
v -2.652632 -1.200000 -1.389474
v -2.526316 0.280802 -1.389474
v -2.526316 -1.200000 -1.389474
v -2.400000 0.282260 -1.389474
v -2.400000 -1.200000 -1.389474
v -2.273684 0.283974 -1.389474
v -2.273684 -1.200000 -1.389474
v -2.147368 0.286066 -1.389474
v -2.147368 -1.200000 -1.389474
v -2.021053 0.288641 -1.389474
v -2.021053 -1.200000 -1.389474
v -1.894737 0.291787 -1.389474
v -1.894737 -1.200000 -1.389474
v -1.768421 0.295573 -1.389474
v -1.768421 -1.200000 -1.389474
v -1.642105 0.300050 -1.389474
v -1.642105 -1.200000 -1.389474
v -1.515789 0.305258 -1.389474
v -1.515789 -1.200000 -1.389474
v -1.389474 0.311237 -1.389474
v -1.389474 -1.200000 -1.389474
v -1.263158 0.318038 -1.389474
v -1.263158 -1.200000 -1.389474
v -1.136842 0.325746 -1.389474
v -1.136842 -1.200000 -1.389474
v -1.010526 0.334490 -1.389474
v -1.010526 -1.200000 -1.389474
v -0.884211 0.344458 -1.389474
v -0.884211 -1.200000 -1.389474
v -0.757895 0.355888 -1.389474
v -0.757895 -1.200000 -1.389474
v -0.631579 0.369057 -1.389474
v -0.631579 -1.200000 -1.389474
v -0.505263 0.384241 -1.389474
v -0.505263 -1.200000 -1.389474
v -0.378947 0.401674 -1.389474
v -0.378947 -1.200000 -1.389474
v -0.252632 0.421494 -1.389474
v -0.252632 -1.200000 -1.389474
v -0.126316 0.443703 -1.389474
v -0.126316 -1.200000 -1.389474
v 0.000000 0.468131 -1.389474
v 0.000000 -1.200000 -1.389474
v 0.126316 0.494425 -1.389474
v 0.126316 -1.200000 -1.389474
v 0.252632 0.522055 -1.389474
v 0.252632 -1.200000 -1.389474
v 0.378947 0.550332 -1.389474
v 0.378947 -1.200000 -1.389474
v 0.505263 0.578439 -1.389474
v 0.505263 -1.200000 -1.389474
v 0.631579 0.605470 -1.389474
v 0.631579 -1.200000 -1.389474
v 0.757895 0.630469 -1.389474
v 0.757895 -1.200000 -1.389474
v 0.884211 0.652466 -1.389474
v 0.884211 -1.200000 -1.389474
v 1.010526 0.670526 -1.389474
v 1.010526 -1.200000 -1.389474
v 1.136842 0.683792 -1.389474
v 1.136842 -1.200000 -1.389474
v 1.263158 0.691535 -1.389474
v 1.263158 -1.200000 -1.389474
v 1.389474 0.693198 -1.389474
v 1.389474 -1.200000 -1.389474
v 1.515789 0.688446 -1.389474
v 1.515789 -1.200000 -1.389474
v 1.642105 0.677186 -1.389474
v 1.642105 -1.200000 -1.389474
v 1.768421 0.659592 -1.389474
v 1.768421 -1.200000 -1.389474
v 1.894737 0.636089 -1.389474
v 1.894737 -1.200000 -1.389474
v 2.021053 0.607337 -1.389474
v 2.021053 -1.200000 -1.389474
v 2.147368 0.574182 -1.389474
v 2.147368 -1.200000 -1.389474
v 2.273684 0.537603 -1.389474
v 2.273684 -1.200000 -1.389474
v 2.400000 0.498645 -1.389474
v 2.400000 -1.200000 -1.389474
v 2.526316 0.458362 -1.389474
v 2.526316 -1.200000 -1.389474
v 2.652632 0.417754 -1.389474
v 2.652632 -1.200000 -1.389474
v 2.778947 0.377723 -1.389474
v 2.778947 -1.200000 -1.389474
v 2.905263 0.339036 -1.389474
v 2.905263 -1.200000 -1.389474
v 3.031579 0.302312 -1.389474
v 3.031579 -1.200000 -1.389474
v 3.157895 0.268017 -1.389474
v 3.157895 -1.200000 -1.389474
v 3.284211 0.236465 -1.389474
v 3.284211 -1.200000 -1.389474
v 3.410526 0.207843 -1.389474
v 3.410526 -1.200000 -1.389474
v 3.536842 0.182226 -1.389474
v 3.536842 -1.200000 -1.389474
v 3.663158 0.159604 -1.389474
v 3.663158 -1.200000 -1.389474
v 3.789474 0.139905 -1.389474
v 3.789474 -1.200000 -1.389474
v 3.915789 0.123011 -1.389474
v 3.915789 -1.200000 -1.389474
v 4.042105 0.108776 -1.389474
v 4.042105 -1.200000 -1.389474
v 4.168421 0.097041 -1.389474
v 4.168421 -1.200000 -1.389474
v 4.294737 0.087636 -1.389474
v 4.294737 -1.200000 -1.389474
v 4.421053 0.080386 -1.389474
v 4.421053 -1.200000 -1.389474
v 4.547368 0.075115 -1.389474
v 4.547368 -1.200000 -1.389474
v 4.673684 0.071643 -1.389474
v 4.673684 -1.200000 -1.389474
v 4.800000 0.069785 -1.389474
v 4.800000 -1.200000 -1.389474
v -4.800000 0.180506 -1.263158
v -4.800000 -1.200000 -1.263158
v -4.673684 0.197546 -1.263158
v -4.673684 -1.200000 -1.263158
v -4.547368 0.213413 -1.263158
v -4.547368 -1.200000 -1.263158
v -4.421053 0.227947 -1.263158
v -4.421053 -1.200000 -1.263158
v -4.294737 0.241021 -1.263158
v -4.294737 -1.200000 -1.263158
v -4.168421 0.252546 -1.263158
v -4.168421 -1.200000 -1.263158
v -4.042105 0.262468 -1.263158
v -4.042105 -1.200000 -1.263158
v -3.915789 0.270769 -1.263158
v -3.915789 -1.200000 -1.263158
v -3.789474 0.277471 -1.263158
v -3.789474 -1.200000 -1.263158
v -3.663158 0.282628 -1.263158
v -3.663158 -1.200000 -1.263158
v -3.536842 0.286331 -1.263158
v -3.536842 -1.200000 -1.263158
v -3.410526 0.288697 -1.263158
v -3.410526 -1.200000 -1.263158
v -3.284211 0.289875 -1.263158
v -3.284211 -1.200000 -1.263158
v -3.157895 0.290033 -1.263158
v -3.157895 -1.200000 -1.263158
v -3.031579 0.289360 -1.263158
v -3.031579 -1.200000 -1.263158
v -2.905263 0.288058 -1.263158
v -2.905263 -1.200000 -1.263158
v -2.778947 0.286340 -1.263158
v -2.778947 -1.200000 -1.263158
v -2.652632 0.284420 -1.263158
v -2.652632 -1.200000 -1.263158
v -2.526316 0.282513 -1.263158
v -2.526316 -1.200000 -1.263158
v -2.400000 0.280829 -1.263158
v -2.400000 -1.200000 -1.263158
v -2.273684 0.279563 -1.263158
v -2.273684 -1.200000 -1.263158
v -2.147368 0.278895 -1.263158
v -2.147368 -1.200000 -1.263158
v -2.021053 0.278979 -1.263158
v -2.021053 -1.200000 -1.263158
v -1.894737 0.279943 -1.263158
v -1.894737 -1.200000 -1.263158
v -1.768421 0.281884 -1.263158
v -1.768421 -1.200000 -1.263158
v -1.642105 0.284868 -1.263158
v -1.642105 -1.200000 -1.263158
v -1.515789 0.288942 -1.263158
v -1.515789 -1.200000 -1.263158
v -1.389474 0.294141 -1.263158
v -1.389474 -1.200000 -1.263158
v -1.263158 0.300512 -1.263158
v -1.263158 -1.200000 -1.263158
v -1.136842 0.308139 -1.263158
v -1.136842 -1.200000 -1.263158
v -1.010526 0.317160 -1.263158
v -1.010526 -1.200000 -1.263158
v -0.884211 0.327784 -1.263158
v -0.884211 -1.200000 -1.263158
v -0.757895 0.340288 -1.263158
v -0.757895 -1.200000 -1.263158
v -0.631579 0.354991 -1.263158
v -0.631579 -1.200000 -1.263158
v -0.505263 0.372211 -1.263158
v -0.505263 -1.200000 -1.263158
v -0.378947 0.392205 -1.263158
v -0.378947 -1.200000 -1.263158
v -0.252632 0.415105 -1.263158
v -0.252632 -1.200000 -1.263158
v -0.126316 0.440861 -1.263158
v -0.126316 -1.200000 -1.263158
v 0.000000 0.469213 -1.263158
v 0.000000 -1.200000 -1.263158
v 0.126316 0.499674 -1.263158
v 0.126316 -1.200000 -1.263158
v 0.252632 0.531558 -1.263158
v 0.252632 -1.200000 -1.263158
v 0.378947 0.564009 -1.263158
v 0.378947 -1.200000 -1.263158
v 0.505263 0.596055 -1.263158
v 0.505263 -1.200000 -1.263158
v 0.631579 0.626656 -1.263158
v 0.631579 -1.200000 -1.263158
v 0.757895 0.654749 -1.263158
v 0.757895 -1.200000 -1.263158
v 0.884211 0.679294 -1.263158
v 0.884211 -1.200000 -1.263158
v 1.010526 0.699312 -1.263158
v 1.010526 -1.200000 -1.263158
v 1.136842 0.713928 -1.263158
v 1.136842 -1.200000 -1.263158
v 1.263158 0.722412 -1.263158
v 1.263158 -1.200000 -1.263158
v 1.389474 0.724221 -1.263158
v 1.389474 -1.200000 -1.263158
v 1.515789 0.719037 -1.263158
v 1.515789 -1.200000 -1.263158
v 1.642105 0.706797 -1.263158
v 1.642105 -1.200000 -1.263158
v 1.768421 0.687704 -1.263158
v 1.768421 -1.200000 -1.263158
v 1.894737 0.662223 -1.263158
v 1.894737 -1.200000 -1.263158
v 2.021053 0.631058 -1.263158
v 2.021053 -1.200000 -1.263158
v 2.147368 0.595106 -1.263158
v 2.147368 -1.200000 -1.263158
v 2.273684 0.555400 -1.263158
v 2.273684 -1.200000 -1.263158
v 2.400000 0.513050 -1.263158
v 2.400000 -1.200000 -1.263158
v 2.526316 0.469176 -1.263158
v 2.526316 -1.200000 -1.263158
v 2.652632 0.424850 -1.263158
v 2.652632 -1.200000 -1.263158
v 2.778947 0.381047 -1.263158
v 2.778947 -1.200000 -1.263158
v 2.905263 0.338612 -1.263158
v 2.905263 -1.200000 -1.263158
v 3.031579 0.298239 -1.263158
v 3.031579 -1.200000 -1.263158
v 3.157895 0.260466 -1.263158
v 3.157895 -1.200000 -1.263158
v 3.284211 0.225680 -1.263158
v 3.284211 -1.200000 -1.263158
v 3.410526 0.194132 -1.263158
v 3.410526 -1.200000 -1.263158
v 3.536842 0.165957 -1.263158
v 3.536842 -1.200000 -1.263158
v 3.663158 0.141196 -1.263158
v 3.663158 -1.200000 -1.263158
v 3.789474 0.119820 -1.263158
v 3.789474 -1.200000 -1.263158
v 3.915789 0.101743 -1.263158
v 3.915789 -1.200000 -1.263158
v 4.042105 0.086844 -1.263158
v 4.042105 -1.200000 -1.263158
v 4.168421 0.074973 -1.263158
v 4.168421 -1.200000 -1.263158
v 4.294737 0.065962 -1.263158
v 4.294737 -1.200000 -1.263158
v 4.421053 0.059624 -1.263158
v 4.421053 -1.200000 -1.263158
v 4.547368 0.055762 -1.263158
v 4.547368 -1.200000 -1.263158
v 4.673684 0.054163 -1.263158
v 4.673684 -1.200000 -1.263158
v 4.800000 0.054599 -1.263158
v 4.800000 -1.200000 -1.263158
v -4.800000 0.199071 -1.136842
v -4.800000 -1.200000 -1.136842
v -4.673684 0.218601 -1.136842
v -4.673684 -1.200000 -1.136842
v -4.547368 0.236575 -1.136842
v -4.547368 -1.200000 -1.136842
v -4.421053 0.252795 -1.136842
v -4.421053 -1.200000 -1.136842
v -4.294737 0.267105 -1.136842
v -4.294737 -1.200000 -1.136842
v -4.168421 0.279395 -1.136842
v -4.168421 -1.200000 -1.136842
v -4.042105 0.289602 -1.136842
v -4.042105 -1.200000 -1.136842
v -3.915789 0.297709 -1.136842
v -3.915789 -1.200000 -1.136842
v -3.789474 0.303747 -1.136842
v -3.789474 -1.200000 -1.136842
v -3.663158 0.307792 -1.136842
v -3.663158 -1.200000 -1.136842
v -3.536842 0.309964 -1.136842
v -3.536842 -1.200000 -1.136842
v -3.410526 0.310419 -1.136842
v -3.410526 -1.200000 -1.136842
v -3.284211 0.309349 -1.136842
v -3.284211 -1.200000 -1.136842
v -3.157895 0.306976 -1.136842
v -3.157895 -1.200000 -1.136842
v -3.031579 0.303545 -1.136842
v -3.031579 -1.200000 -1.136842
v -2.905263 0.299319 -1.136842
v -2.905263 -1.200000 -1.136842
v -2.778947 0.294574 -1.136842
v -2.778947 -1.200000 -1.136842
v -2.652632 0.289589 -1.136842
v -2.652632 -1.200000 -1.136842
v -2.526316 0.284643 -1.136842
v -2.526316 -1.200000 -1.136842
v -2.400000 0.280006 -1.136842
v -2.400000 -1.200000 -1.136842
v -2.273684 0.275932 -1.136842
v -2.273684 -1.200000 -1.136842
v -2.147368 0.272652 -1.136842
v -2.147368 -1.200000 -1.136842
v -2.021053 0.270363 -1.136842
v -2.021053 -1.200000 -1.136842
v -1.894737 0.269225 -1.136842
v -1.894737 -1.200000 -1.136842
v -1.768421 0.269354 -1.136842
v -1.768421 -1.200000 -1.136842
v -1.642105 0.270826 -1.136842
v -1.642105 -1.200000 -1.136842
v -1.515789 0.273681 -1.136842
v -1.515789 -1.200000 -1.136842
v -1.389474 0.277945 -1.136842
v -1.389474 -1.200000 -1.136842
v -1.263158 0.283657 -1.136842
v -1.263158 -1.200000 -1.136842
v -1.136842 0.290895 -1.136842
v -1.136842 -1.200000 -1.136842
v -1.010526 0.299814 -1.136842
v -1.010526 -1.200000 -1.136842
v -0.884211 0.310655 -1.136842
v -0.884211 -1.200000 -1.136842
v -0.757895 0.323750 -1.136842
v -0.757895 -1.200000 -1.136842
v -0.631579 0.339485 -1.136842
v -0.631579 -1.200000 -1.136842
v -0.505263 0.358244 -1.136842
v -0.505263 -1.200000 -1.136842
v -0.378947 0.380329 -1.136842
v -0.378947 -1.200000 -1.136842
v -0.252632 0.405880 -1.136842
v -0.252632 -1.200000 -1.136842
v -0.126316 0.434807 -1.136842
v -0.126316 -1.200000 -1.136842
v 0.000000 0.466750 -1.136842
v 0.000000 -1.200000 -1.136842
v 0.126316 0.501084 -1.136842
v 0.126316 -1.200000 -1.136842
v 0.252632 0.536949 -1.136842
v 0.252632 -1.200000 -1.136842
v 0.378947 0.573308 -1.136842
v 0.378947 -1.200000 -1.136842
v 0.505263 0.609020 -1.136842
v 0.505263 -1.200000 -1.136842
v 0.631579 0.642905 -1.136842
v 0.631579 -1.200000 -1.136842
v 0.757895 0.673799 -1.136842
v 0.757895 -1.200000 -1.136842
v 0.884211 0.700601 -1.136842
v 0.884211 -1.200000 -1.136842
v 1.010526 0.722305 -1.136842
v 1.010526 -1.200000 -1.136842
v 1.136842 0.738038 -1.136842
v 1.136842 -1.200000 -1.136842
v 1.263158 0.747089 -1.136842
v 1.263158 -1.200000 -1.136842
v 1.389474 0.748944 -1.136842
v 1.389474 -1.200000 -1.136842
v 1.515789 0.743319 -1.136842
v 1.515789 -1.200000 -1.136842
v 1.642105 0.730184 -1.136842
v 1.642105 -1.200000 -1.136842
v 1.768421 0.709777 -1.136842
v 1.768421 -1.200000 -1.136842
v 1.894737 0.682598 -1.136842
v 1.894737 -1.200000 -1.136842
v 2.021053 0.649384 -1.136842
v 2.021053 -1.200000 -1.136842
v 2.147368 0.611069 -1.136842
v 2.147368 -1.200000 -1.136842
v 2.273684 0.568728 -1.136842
v 2.273684 -1.200000 -1.136842
v 2.400000 0.523516 -1.136842
v 2.400000 -1.200000 -1.136842
v 2.526316 0.476601 -1.136842
v 2.526316 -1.200000 -1.136842
v 2.652632 0.429111 -1.136842
v 2.652632 -1.200000 -1.136842
v 2.778947 0.382080 -1.136842
v 2.778947 -1.200000 -1.136842
v 2.905263 0.336415 -1.136842
v 2.905263 -1.200000 -1.136842
v 3.031579 0.292876 -1.136842
v 3.031579 -1.200000 -1.136842
v 3.157895 0.252066 -1.136842
v 3.157895 -1.200000 -1.136842
v 3.284211 0.214437 -1.136842
v 3.284211 -1.200000 -1.136842
v 3.410526 0.180305 -1.136842
v 3.410526 -1.200000 -1.136842
v 3.536842 0.149861 -1.136842
v 3.536842 -1.200000 -1.136842
v 3.663158 0.123200 -1.136842
v 3.663158 -1.200000 -1.136842
v 3.789474 0.100335 -1.136842
v 3.789474 -1.200000 -1.136842
v 3.915789 0.081218 -1.136842
v 3.915789 -1.200000 -1.136842
v 4.042105 0.065751 -1.136842
v 4.042105 -1.200000 -1.136842
v 4.168421 0.053800 -1.136842
v 4.168421 -1.200000 -1.136842
v 4.294737 0.045200 -1.136842
v 4.294737 -1.200000 -1.136842
v 4.421053 0.039758 -1.136842
v 4.421053 -1.200000 -1.136842
v 4.547368 0.037256 -1.136842
v 4.547368 -1.200000 -1.136842
v 4.673684 0.037452 -1.136842
v 4.673684 -1.200000 -1.136842
v 4.800000 0.040083 -1.136842
v 4.800000 -1.200000 -1.136842
v -4.800000 0.216401 -1.010526
v -4.800000 -1.200000 -1.010526
v -4.673684 0.238264 -1.010526
v -4.673684 -1.200000 -1.010526
v -4.547368 0.258217 -1.010526
v -4.547368 -1.200000 -1.010526
v -4.421053 0.276025 -1.010526
v -4.421053 -1.200000 -1.010526
v -4.294737 0.291506 -1.010526
v -4.294737 -1.200000 -1.010526
v -4.168421 0.304532 -1.010526
v -4.168421 -1.200000 -1.010526
v -4.042105 0.315029 -1.010526
v -4.042105 -1.200000 -1.010526
v -3.915789 0.322984 -1.010526
v -3.915789 -1.200000 -1.010526
v -3.789474 0.328438 -1.010526
v -3.789474 -1.200000 -1.010526
v -3.663158 0.331485 -1.010526
v -3.663158 -1.200000 -1.010526
v -3.536842 0.332273 -1.010526
v -3.536842 -1.200000 -1.010526
v -3.410526 0.330993 -1.010526
v -3.410526 -1.200000 -1.010526
v -3.284211 0.327880 -1.010526
v -3.284211 -1.200000 -1.010526
v -3.157895 0.323203 -1.010526
v -3.157895 -1.200000 -1.010526
v -3.031579 0.317258 -1.010526
v -3.031579 -1.200000 -1.010526
v -2.905263 0.310365 -1.010526
v -2.905263 -1.200000 -1.010526
v -2.778947 0.302855 -1.010526
v -2.778947 -1.200000 -1.010526
v -2.652632 0.295066 -1.010526
v -2.652632 -1.200000 -1.010526
v -2.526316 0.287334 -1.010526
v -2.526316 -1.200000 -1.010526
v -2.400000 0.279986 -1.010526
v -2.400000 -1.200000 -1.010526
v -2.273684 0.273323 -1.010526
v -2.273684 -1.200000 -1.010526
v -2.147368 0.267622 -1.010526
v -2.147368 -1.200000 -1.010526
v -2.021053 0.263116 -1.010526
v -2.021053 -1.200000 -1.010526
v -1.894737 0.259987 -1.010526
v -1.894737 -1.200000 -1.010526
v -1.768421 0.258364 -1.010526
v -1.768421 -1.200000 -1.010526
v -1.642105 0.258321 -1.010526
v -1.642105 -1.200000 -1.010526
v -1.515789 0.259888 -1.010526
v -1.515789 -1.200000 -1.010526
v -1.389474 0.263073 -1.010526
v -1.389474 -1.200000 -1.010526
v -1.263158 0.267898 -1.010526
v -1.263158 -1.200000 -1.010526
v -1.136842 0.274442 -1.010526
v -1.136842 -1.200000 -1.010526
v -1.010526 0.282874 -1.010526
v -1.010526 -1.200000 -1.010526
v -0.884211 0.293484 -1.010526
v -0.884211 -1.200000 -1.010526
v -0.757895 0.306676 -1.010526
v -0.757895 -1.200000 -1.010526
v -0.631579 0.322923 -1.010526
v -0.631579 -1.200000 -1.010526
v -0.505263 0.342699 -1.010526
v -0.505263 -1.200000 -1.010526
v -0.378947 0.366374 -1.010526
v -0.378947 -1.200000 -1.010526
v -0.252632 0.394111 -1.010526
v -0.252632 -1.200000 -1.010526
v -0.126316 0.425786 -1.010526
v -0.126316 -1.200000 -1.010526
v 0.000000 0.460945 -1.010526
v 0.000000 -1.200000 -1.010526
v 0.126316 0.498810 -1.010526
v 0.126316 -1.200000 -1.010526
v 0.252632 0.538335 -1.010526
v 0.252632 -1.200000 -1.010526
v 0.378947 0.578291 -1.010526
v 0.378947 -1.200000 -1.010526
v 0.505263 0.617356 -1.010526
v 0.505263 -1.200000 -1.010526
v 0.631579 0.654207 -1.010526
v 0.631579 -1.200000 -1.010526
v 0.757895 0.687583 -1.010526
v 0.757895 -1.200000 -1.010526
v 0.884211 0.716331 -1.010526
v 0.884211 -1.200000 -1.010526
v 1.010526 0.739438 -1.010526
v 1.010526 -1.200000 -1.010526
v 1.136842 0.756049 -1.010526
v 1.136842 -1.200000 -1.010526
v 1.263158 0.765491 -1.010526
v 1.263158 -1.200000 -1.010526
v 1.389474 0.767296 -1.010526
v 1.389474 -1.200000 -1.010526
v 1.515789 0.761227 -1.010526
v 1.515789 -1.200000 -1.010526
v 1.642105 0.747293 -1.010526
v 1.642105 -1.200000 -1.010526
v 1.768421 0.725770 -1.010526
v 1.768421 -1.200000 -1.010526
v 1.894737 0.697185 -1.010526
v 1.894737 -1.200000 -1.010526
v 2.021053 0.662301 -1.010526
v 2.021053 -1.200000 -1.010526
v 2.147368 0.622076 -1.010526
v 2.147368 -1.200000 -1.010526
v 2.273684 0.577611 -1.010526
v 2.273684 -1.200000 -1.010526
v 2.400000 0.530087 -1.010526
v 2.400000 -1.200000 -1.010526
v 2.526316 0.480705 -1.010526
v 2.526316 -1.200000 -1.010526
v 2.652632 0.430629 -1.010526
v 2.652632 -1.200000 -1.010526
v 2.778947 0.380938 -1.010526
v 2.778947 -1.200000 -1.010526
v 2.905263 0.332588 -1.010526
v 2.905263 -1.200000 -1.010526
v 3.031579 0.286392 -1.010526
v 3.031579 -1.200000 -1.010526
v 3.157895 0.243013 -1.010526
v 3.157895 -1.200000 -1.010526
v 3.284211 0.202961 -1.010526
v 3.284211 -1.200000 -1.010526
v 3.410526 0.166610 -1.010526
v 3.410526 -1.200000 -1.010526
v 3.536842 0.134209 -1.010526
v 3.536842 -1.200000 -1.010526
v 3.663158 0.105904 -1.010526
v 3.663158 -1.200000 -1.010526
v 3.789474 0.081754 -1.010526
v 3.789474 -1.200000 -1.010526
v 3.915789 0.061746 -1.010526
v 3.915789 -1.200000 -1.010526
v 4.042105 0.045813 -1.010526
v 4.042105 -1.200000 -1.010526
v 4.168421 0.033835 -1.010526
v 4.168421 -1.200000 -1.010526
v 4.294737 0.025655 -1.010526
v 4.294737 -1.200000 -1.010526
v 4.421053 0.021076 -1.010526
v 4.421053 -1.200000 -1.010526
v 4.547368 0.019866 -1.010526
v 4.547368 -1.200000 -1.010526
v 4.673684 0.021756 -1.010526
v 4.673684 -1.200000 -1.010526
v 4.800000 0.026448 -1.010526
v 4.800000 -1.200000 -1.010526
v -4.800000 0.232284 -0.884211
v -4.800000 -1.200000 -0.884211
v -4.673684 0.256294 -0.884211
v -4.673684 -1.200000 -0.884211
v -4.547368 0.278073 -0.884211
v -4.547368 -1.200000 -0.884211
v -4.421053 0.297354 -0.884211
v -4.421053 -1.200000 -0.884211
v -4.294737 0.313929 -0.884211
v -4.294737 -1.200000 -0.884211
v -4.168421 0.327655 -0.884211
v -4.168421 -1.200000 -0.884211
v -4.042105 0.338452 -0.884211
v -4.042105 -1.200000 -0.884211
v -3.915789 0.346307 -0.884211
v -3.915789 -1.200000 -0.884211
v -3.789474 0.351270 -0.884211
v -3.789474 -1.200000 -0.884211
v -3.663158 0.353456 -0.884211
v -3.663158 -1.200000 -0.884211
v -3.536842 0.353035 -0.884211
v -3.536842 -1.200000 -0.884211
v -3.410526 0.350233 -0.884211
v -3.410526 -1.200000 -0.884211
v -3.284211 0.345320 -0.884211
v -3.284211 -1.200000 -0.884211
v -3.157895 0.338609 -0.884211
v -3.157895 -1.200000 -0.884211
v -3.031579 0.330441 -0.884211
v -3.031579 -1.200000 -0.884211
v -2.905263 0.321185 -0.884211
v -2.905263 -1.200000 -0.884211
v -2.778947 0.311223 -0.884211
v -2.778947 -1.200000 -0.884211
v -2.652632 0.300942 -0.884211
v -2.652632 -1.200000 -0.884211
v -2.526316 0.290729 -0.884211
v -2.526316 -1.200000 -0.884211
v -2.400000 0.280956 -0.884211
v -2.400000 -1.200000 -0.884211
v -2.273684 0.271969 -0.884211
v -2.273684 -1.200000 -0.884211
v -2.147368 0.264080 -0.884211
v -2.147368 -1.200000 -0.884211
v -2.021053 0.257548 -0.884211
v -2.021053 -1.200000 -0.884211
v -1.894737 0.252574 -0.884211
v -1.894737 -1.200000 -0.884211
v -1.768421 0.249290 -0.884211
v -1.768421 -1.200000 -0.884211
v -1.642105 0.247761 -0.884211
v -1.642105 -1.200000 -0.884211
v -1.515789 0.247998 -0.884211
v -1.515789 -1.200000 -0.884211
v -1.389474 0.249987 -0.884211
v -1.389474 -1.200000 -0.884211
v -1.263158 0.253732 -0.884211
v -1.263158 -1.200000 -0.884211
v -1.136842 0.259307 -0.884211
v -1.136842 -1.200000 -0.884211
v -1.010526 0.266906 -0.884211
v -1.010526 -1.200000 -0.884211
v -0.884211 0.276874 -0.884211
v -0.884211 -1.200000 -0.884211
v -0.757895 0.289700 -0.884211
v -0.757895 -1.200000 -0.884211
v -0.631579 0.305965 -0.884211
v -0.631579 -1.200000 -0.884211
v -0.505263 0.326251 -0.884211
v -0.505263 -1.200000 -0.884211
v -0.378947 0.351013 -0.884211
v -0.378947 -1.200000 -0.884211
v -0.252632 0.380454 -0.884211
v -0.252632 -1.200000 -0.884211
v -0.126316 0.414421 -0.884211
v -0.126316 -1.200000 -0.884211
v 0.000000 0.452366 -0.884211
v 0.000000 -1.200000 -0.884211
v 0.126316 0.493356 -0.884211
v 0.126316 -1.200000 -0.884211
v 0.252632 0.536154 -0.884211
v 0.252632 -1.200000 -0.884211
v 0.378947 0.579327 -0.884211
v 0.378947 -1.200000 -0.884211
v 0.505263 0.621371 -0.884211
v 0.505263 -1.200000 -0.884211
v 0.631579 0.660819 -0.884211
v 0.631579 -1.200000 -0.884211
v 0.757895 0.696318 -0.884211
v 0.757895 -1.200000 -0.884211
v 0.884211 0.726676 -0.884211
v 0.884211 -1.200000 -0.884211
v 1.010526 0.750885 -0.884211
v 1.010526 -1.200000 -0.884211
v 1.136842 0.768128 -0.884211
v 1.136842 -1.200000 -0.884211
v 1.263158 0.777785 -0.884211
v 1.263158 -1.200000 -0.884211
v 1.389474 0.779450 -0.884211
v 1.389474 -1.200000 -0.884211
v 1.515789 0.772938 -0.884211
v 1.515789 -1.200000 -0.884211
v 1.642105 0.758308 -0.884211
v 1.642105 -1.200000 -0.884211
v 1.768421 0.735868 -0.884211
v 1.768421 -1.200000 -0.884211
v 1.894737 0.706172 -0.884211
v 1.894737 -1.200000 -0.884211
v 2.021053 0.670000 -0.884211
v 2.021053 -1.200000 -0.884211
v 2.147368 0.628320 -0.884211
v 2.147368 -1.200000 -0.884211
v 2.273684 0.582241 -0.884211
v 2.273684 -1.200000 -0.884211
v 2.400000 0.532957 -0.884211
v 2.400000 -1.200000 -0.884211
v 2.526316 0.481684 -0.884211
v 2.526316 -1.200000 -0.884211
v 2.652632 0.429605 -0.884211
v 2.652632 -1.200000 -0.884211
v 2.778947 0.377829 -0.884211
v 2.778947 -1.200000 -0.884211
v 2.905263 0.327347 -0.884211
v 2.905263 -1.200000 -0.884211
v 3.031579 0.279017 -0.884211
v 3.031579 -1.200000 -0.884211
v 3.157895 0.233548 -0.884211
v 3.157895 -1.200000 -0.884211
v 3.284211 0.191505 -0.884211
v 3.284211 -1.200000 -0.884211
v 3.410526 0.153314 -0.884211
v 3.410526 -1.200000 -0.884211
v 3.536842 0.119280 -0.884211
v 3.536842 -1.200000 -0.884211
v 3.663158 0.089599 -0.884211
v 3.663158 -1.200000 -0.884211
v 3.789474 0.064374 -0.884211
v 3.789474 -1.200000 -0.884211
v 3.915789 0.043631 -0.884211
v 3.915789 -1.200000 -0.884211
v 4.042105 0.027331 -0.884211
v 4.042105 -1.200000 -0.884211
v 4.168421 0.015376 -0.884211
v 4.168421 -1.200000 -0.884211
v 4.294737 0.007617 -0.884211
v 4.294737 -1.200000 -0.884211
v 4.421053 0.003855 -0.884211
v 4.421053 -1.200000 -0.884211
v 4.547368 0.003847 -0.884211
v 4.547368 -1.200000 -0.884211
v 4.673684 0.007304 -0.884211
v 4.673684 -1.200000 -0.884211
v 4.800000 0.013895 -0.884211
v 4.800000 -1.200000 -0.884211
v -4.800000 0.246521 -0.757895
v -4.800000 -1.200000 -0.757895
v -4.673684 0.272469 -0.757895
v -4.673684 -1.200000 -0.757895
v -4.547368 0.295900 -0.757895
v -4.547368 -1.200000 -0.757895
v -4.421053 0.316521 -0.757895
v -4.421053 -1.200000 -0.757895
v -4.294737 0.334104 -0.757895
v -4.294737 -1.200000 -0.757895
v -4.168421 0.348490 -0.757895
v -4.168421 -1.200000 -0.757895
v -4.042105 0.359597 -0.757895
v -4.042105 -1.200000 -0.757895
v -3.915789 0.367411 -0.757895
v -3.915789 -1.200000 -0.757895
v -3.789474 0.371993 -0.757895
v -3.789474 -1.200000 -0.757895
v -3.663158 0.373474 -0.757895
v -3.663158 -1.200000 -0.757895
v -3.536842 0.372047 -0.757895
v -3.536842 -1.200000 -0.757895
v -3.410526 0.367966 -0.757895
v -3.410526 -1.200000 -0.757895
v -3.284211 0.361533 -0.757895
v -3.284211 -1.200000 -0.757895
v -3.157895 0.353097 -0.757895
v -3.157895 -1.200000 -0.757895
v -3.031579 0.343041 -0.757895
v -3.031579 -1.200000 -0.757895
v -2.905263 0.331773 -0.757895
v -2.905263 -1.200000 -0.757895
v -2.778947 0.319717 -0.757895
v -2.778947 -1.200000 -0.757895
v -2.652632 0.307303 -0.757895
v -2.652632 -1.200000 -0.757895
v -2.526316 0.294958 -0.757895
v -2.526316 -1.200000 -0.757895
v -2.400000 0.283092 -0.757895
v -2.400000 -1.200000 -0.757895
v -2.273684 0.272087 -0.757895
v -2.273684 -1.200000 -0.757895
v -2.147368 0.262281 -0.757895
v -2.147368 -1.200000 -0.757895
v -2.021053 0.253954 -0.757895
v -2.021053 -1.200000 -0.757895
v -1.894737 0.247317 -0.757895
v -1.894737 -1.200000 -0.757895
v -1.768421 0.242499 -0.757895
v -1.768421 -1.200000 -0.757895
v -1.642105 0.239550 -0.757895
v -1.642105 -1.200000 -0.757895
v -1.515789 0.238459 -0.757895
v -1.515789 -1.200000 -0.757895
v -1.389474 0.239186 -0.757895
v -1.389474 -1.200000 -0.757895
v -1.263158 0.241716 -0.757895
v -1.263158 -1.200000 -0.757895
v -1.136842 0.246119 -0.757895
v -1.136842 -1.200000 -0.757895
v -1.010526 0.252618 -0.757895
v -1.010526 -1.200000 -0.757895
v -0.884211 0.261616 -0.757895
v -0.884211 -1.200000 -0.757895
v -0.757895 0.273696 -0.757895
v -0.757895 -1.200000 -0.757895
v -0.631579 0.289559 -0.757895
v -0.631579 -1.200000 -0.757895
v -0.505263 0.309903 -0.757895
v -0.505263 -1.200000 -0.757895
v -0.378947 0.335281 -0.757895
v -0.378947 -1.200000 -0.757895
v -0.252632 0.365941 -0.757895
v -0.252632 -1.200000 -0.757895
v -0.126316 0.401712 -0.757895
v -0.126316 -1.200000 -0.757895
v 0.000000 0.441954 -0.757895
v 0.000000 -1.200000 -0.757895
v 0.126316 0.485584 -0.757895
v 0.126316 -1.200000 -0.757895
v 0.252632 0.531173 -0.757895
v 0.252632 -1.200000 -0.757895
v 0.378947 0.577089 -0.757895
v 0.378947 -1.200000 -0.757895
v 0.505263 0.621649 -0.757895
v 0.505263 -1.200000 -0.757895
v 0.631579 0.663249 -0.757895
v 0.631579 -1.200000 -0.757895
v 0.757895 0.700455 -0.757895
v 0.757895 -1.200000 -0.757895
v 0.884211 0.732047 -0.757895
v 0.884211 -1.200000 -0.757895
v 1.010526 0.757035 -0.757895
v 1.010526 -1.200000 -0.757895
v 1.136842 0.774653 -0.757895
v 1.136842 -1.200000 -0.757895
v 1.263158 0.784348 -0.757895
v 1.263158 -1.200000 -0.757895
v 1.389474 0.785781 -0.757895
v 1.389474 -1.200000 -0.757895
v 1.515789 0.778832 -0.757895
v 1.515789 -1.200000 -0.757895
v 1.642105 0.763608 -0.757895
v 1.642105 -1.200000 -0.757895
v 1.768421 0.740452 -0.757895
v 1.768421 -1.200000 -0.757895
v 1.894737 0.709935 -0.757895
v 1.894737 -1.200000 -0.757895
v 2.021053 0.672845 -0.757895
v 2.021053 -1.200000 -0.757895
v 2.147368 0.630150 -0.757895
v 2.147368 -1.200000 -0.757895
v 2.273684 0.582955 -0.757895
v 2.273684 -1.200000 -0.757895
v 2.400000 0.532448 -0.757895
v 2.400000 -1.200000 -0.757895
v 2.526316 0.479843 -0.757895
v 2.526316 -1.200000 -0.757895
v 2.652632 0.426333 -0.757895
v 2.652632 -1.200000 -0.757895
v 2.778947 0.373036 -0.757895
v 2.778947 -1.200000 -0.757895
v 2.905263 0.320969 -0.757895
v 2.905263 -1.200000 -0.757895
v 3.031579 0.271021 -0.757895
v 3.031579 -1.200000 -0.757895
v 3.157895 0.223941 -0.757895
v 3.157895 -1.200000 -0.757895
v 3.284211 0.180340 -0.757895
v 3.284211 -1.200000 -0.757895
v 3.410526 0.140693 -0.757895
v 3.410526 -1.200000 -0.757895
v 3.536842 0.105354 -0.757895
v 3.536842 -1.200000 -0.757895
v 3.663158 0.074568 -0.757895
v 3.663158 -1.200000 -0.757895
v 3.789474 0.048481 -0.757895
v 3.789474 -1.200000 -0.757895
v 3.915789 0.027159 -0.757895
v 3.915789 -1.200000 -0.757895
v 4.042105 0.010591 -0.757895
v 4.042105 -1.200000 -0.757895
v 4.168421 -0.001298 -0.757895
v 4.168421 -1.200000 -0.757895
v 4.294737 -0.008647 -0.757895
v 4.294737 -1.200000 -0.757895
v 4.421053 -0.011653 -0.757895
v 4.421053 -1.200000 -0.757895
v 4.547368 -0.010566 -0.757895
v 4.547368 -1.200000 -0.757895
v 4.673684 -0.005694 -0.757895
v 4.673684 -1.200000 -0.757895
v 4.800000 0.002609 -0.757895
v 4.800000 -1.200000 -0.757895
v -4.800000 0.258939 -0.631579
v -4.800000 -1.200000 -0.631579
v -4.673684 0.286587 -0.631579
v -4.673684 -1.200000 -0.631579
v -4.547368 0.311478 -0.631579
v -4.547368 -1.200000 -0.631579
v -4.421053 0.333292 -0.631579
v -4.421053 -1.200000 -0.631579
v -4.294737 0.351786 -0.631579
v -4.294737 -1.200000 -0.631579
v -4.168421 0.366791 -0.631579
v -4.168421 -1.200000 -0.631579
v -4.042105 0.378218 -0.631579
v -4.042105 -1.200000 -0.631579
v -3.915789 0.386059 -0.631579
v -3.915789 -1.200000 -0.631579
v -3.789474 0.390382 -0.631579
v -3.789474 -1.200000 -0.631579
v -3.663158 0.391334 -0.631579
v -3.663158 -1.200000 -0.631579
v -3.536842 0.389126 -0.631579
v -3.536842 -1.200000 -0.631579
v -3.410526 0.384036 -0.631579
v -3.410526 -1.200000 -0.631579
v -3.284211 0.376395 -0.631579
v -3.284211 -1.200000 -0.631579
v -3.157895 0.366581 -0.631579
v -3.157895 -1.200000 -0.631579
v -3.031579 0.355008 -0.631579
v -3.031579 -1.200000 -0.631579
v -2.905263 0.342118 -0.631579
v -2.905263 -1.200000 -0.631579
v -2.778947 0.328367 -0.631579
v -2.778947 -1.200000 -0.631579
v -2.652632 0.314220 -0.631579
v -2.652632 -1.200000 -0.631579
v -2.526316 0.300133 -0.631579
v -2.526316 -1.200000 -0.631579
v -2.400000 0.286547 -0.631579
v -2.400000 -1.200000 -0.631579
v -2.273684 0.273867 -0.631579
v -2.273684 -1.200000 -0.631579
v -2.147368 0.262453 -0.631579
v -2.147368 -1.200000 -0.631579
v -2.021053 0.252597 -0.631579
v -2.021053 -1.200000 -0.631579
v -1.894737 0.244515 -0.631579
v -1.894737 -1.200000 -0.631579
v -1.768421 0.238329 -0.631579
v -1.768421 -1.200000 -0.631579
v -1.642105 0.234073 -0.631579
v -1.642105 -1.200000 -0.631579
v -1.515789 0.231712 -0.631579
v -1.515789 -1.200000 -0.631579
v -1.389474 0.231181 -0.631579
v -1.389474 -1.200000 -0.631579
v -1.263158 0.232445 -0.631579
v -1.263158 -1.200000 -0.631579
v -1.136842 0.235576 -0.631579
v -1.136842 -1.200000 -0.631579
v -1.010526 0.240821 -0.631579
v -1.010526 -1.200000 -0.631579
v -0.884211 0.248646 -0.631579
v -0.884211 -1.200000 -0.631579
v -0.757895 0.259728 -0.631579
v -0.757895 -1.200000 -0.631579
v -0.631579 0.274881 -0.631579
v -0.631579 -1.200000 -0.631579
v -0.505263 0.294923 -0.631579
v -0.505263 -1.200000 -0.631579
v -0.378947 0.320500 -0.631579
v -0.378947 -1.200000 -0.631579
v -0.252632 0.351911 -0.631579
v -0.252632 -1.200000 -0.631579
v -0.126316 0.388970 -0.631579
v -0.126316 -1.200000 -0.631579
v 0.000000 0.430955 -0.631579
v 0.000000 -1.200000 -0.631579
v 0.126316 0.476642 -0.631579
v 0.126316 -1.200000 -0.631579
v 0.252632 0.524426 -0.631579
v 0.252632 -1.200000 -0.631579
v 0.378947 0.572491 -0.631579
v 0.378947 -1.200000 -0.631579
v 0.505263 0.618993 -0.631579
v 0.505263 -1.200000 -0.631579
v 0.631579 0.662206 -0.631579
v 0.631579 -1.200000 -0.631579
v 0.757895 0.700628 -0.631579
v 0.757895 -1.200000 -0.631579
v 0.884211 0.733026 -0.631579
v 0.884211 -1.200000 -0.631579
v 1.010526 0.758439 -0.631579
v 1.010526 -1.200000 -0.631579
v 1.136842 0.776159 -0.631579
v 1.136842 -1.200000 -0.631579
v 1.263158 0.785708 -0.631579
v 1.263158 -1.200000 -0.631579
v 1.389474 0.786821 -0.631579
v 1.389474 -1.200000 -0.631579
v 1.515789 0.779441 -0.631579
v 1.515789 -1.200000 -0.631579
v 1.642105 0.763724 -0.631579
v 1.642105 -1.200000 -0.631579
v 1.768421 0.740042 -0.631579
v 1.768421 -1.200000 -0.631579
v 1.894737 0.708981 -0.631579
v 1.894737 -1.200000 -0.631579
v 2.021053 0.671326 -0.631579
v 2.021053 -1.200000 -0.631579
v 2.147368 0.628034 -0.631579
v 2.147368 -1.200000 -0.631579
v 2.273684 0.580191 -0.631579
v 2.273684 -1.200000 -0.631579
v 2.400000 0.528969 -0.631579
v 2.400000 -1.200000 -0.631579
v 2.526316 0.475567 -0.631579
v 2.526316 -1.200000 -0.631579
v 2.652632 0.421167 -0.631579
v 2.652632 -1.200000 -0.631579
v 2.778947 0.366892 -0.631579
v 2.778947 -1.200000 -0.631579
v 2.905263 0.313767 -0.631579
v 2.905263 -1.200000 -0.631579
v 3.031579 0.262703 -0.631579
v 3.031579 -1.200000 -0.631579
v 3.157895 0.214480 -0.631579
v 3.157895 -1.200000 -0.631579
v 3.284211 0.169746 -0.631579
v 3.284211 -1.200000 -0.631579
v 3.410526 0.129020 -0.631579
v 3.410526 -1.200000 -0.631579
v 3.536842 0.092702 -0.631579
v 3.536842 -1.200000 -0.631579
v 3.663158 0.061080 -0.631579
v 3.663158 -1.200000 -0.631579
v 3.789474 0.034344 -0.631579
v 3.789474 -1.200000 -0.631579
v 3.915789 0.012595 -0.631579
v 3.915789 -1.200000 -0.631579
v 4.042105 -0.004146 -0.631579
v 4.042105 -1.200000 -0.631579
v 4.168421 -0.015935 -0.631579
v 4.168421 -1.200000 -0.631579
v 4.294737 -0.022894 -0.631579
v 4.294737 -1.200000 -0.631579
v 4.421053 -0.025218 -0.631579
v 4.421053 -1.200000 -0.631579
v 4.547368 -0.023162 -0.631579
v 4.547368 -1.200000 -0.631579
v 4.673684 -0.017045 -0.631579
v 4.673684 -1.200000 -0.631579
v 4.800000 -0.007245 -0.631579
v 4.800000 -1.200000 -0.631579
v -4.800000 0.269382 -0.505263
v -4.800000 -1.200000 -0.505263
v -4.673684 0.298476 -0.505263
v -4.673684 -1.200000 -0.505263
v -4.547368 0.324615 -0.505263
v -4.547368 -1.200000 -0.505263
v -4.421053 0.347464 -0.505263
v -4.421053 -1.200000 -0.505263
v -4.294737 0.366764 -0.505263
v -4.294737 -1.200000 -0.505263
v -4.168421 0.382339 -0.505263
v -4.168421 -1.200000 -0.505263
v -4.042105 0.394100 -0.505263
v -4.042105 -1.200000 -0.505263
v -3.915789 0.402040 -0.505263
v -3.915789 -1.200000 -0.505263
v -3.789474 0.406238 -0.505263
v -3.789474 -1.200000 -0.505263
v -3.663158 0.406850 -0.505263
v -3.663158 -1.200000 -0.505263
v -3.536842 0.404106 -0.505263
v -3.536842 -1.200000 -0.505263
v -3.410526 0.398302 -0.505263
v -3.410526 -1.200000 -0.505263
v -3.284211 0.389791 -0.505263
v -3.284211 -1.200000 -0.505263
v -3.157895 0.378974 -0.505263
v -3.157895 -1.200000 -0.505263
v -3.031579 0.366289 -0.505263
v -3.031579 -1.200000 -0.505263
v -2.905263 0.352201 -0.505263
v -2.905263 -1.200000 -0.505263
v -2.778947 0.337190 -0.505263
v -2.778947 -1.200000 -0.505263
v -2.652632 0.321744 -0.505263
v -2.652632 -1.200000 -0.505263
v -2.526316 0.306341 -0.505263
v -2.526316 -1.200000 -0.505263
v -2.400000 0.291439 -0.505263
v -2.400000 -1.200000 -0.505263
v -2.273684 0.277462 -0.505263
v -2.273684 -1.200000 -0.505263
v -2.147368 0.264781 -0.505263
v -2.147368 -1.200000 -0.505263
v -2.021053 0.253696 -0.505263
v -2.021053 -1.200000 -0.505263
v -1.894737 0.244423 -0.505263
v -1.894737 -1.200000 -0.505263
v -1.768421 0.237076 -0.505263
v -1.768421 -1.200000 -0.505263
v -1.642105 0.231675 -0.505263
v -1.642105 -1.200000 -0.505263
v -1.515789 0.228164 -0.505263
v -1.515789 -1.200000 -0.505263
v -1.389474 0.226457 -0.505263
v -1.389474 -1.200000 -0.505263
v -1.263158 0.226505 -0.505263
v -1.263158 -1.200000 -0.505263
v -1.136842 0.228381 -0.505263
v -1.136842 -1.200000 -0.505263
v -1.010526 0.232358 -0.505263
v -1.010526 -1.200000 -0.505263
v -0.884211 0.238956 -0.505263
v -0.884211 -1.200000 -0.505263
v -0.757895 0.248935 -0.505263
v -0.757895 -1.200000 -0.505263
v -0.631579 0.263210 -0.505263
v -0.631579 -1.200000 -0.505263
v -0.505263 0.282700 -0.505263
v -0.505263 -1.200000 -0.505263
v -0.378947 0.308136 -0.505263
v -0.378947 -1.200000 -0.505263
v -0.252632 0.339856 -0.505263
v -0.252632 -1.200000 -0.505263
v -0.126316 0.377665 -0.505263
v -0.126316 -1.200000 -0.505263
v 0.000000 0.420771 -0.505263
v 0.000000 -1.200000 -0.505263
v 0.126316 0.467830 -0.505263
v 0.126316 -1.200000 -0.505263
v 0.252632 0.517090 -0.505263
v 0.252632 -1.200000 -0.505263
v 0.378947 0.566582 -0.505263
v 0.378947 -1.200000 -0.505263
v 0.505263 0.614329 -0.505263
v 0.505263 -1.200000 -0.505263
v 0.631579 0.658511 -0.505263
v 0.631579 -1.200000 -0.505263
v 0.757895 0.697578 -0.505263
v 0.757895 -1.200000 -0.505263
v 0.884211 0.730297 -0.505263
v 0.884211 -1.200000 -0.505263
v 1.010526 0.755746 -0.505263
v 1.010526 -1.200000 -0.505263
v 1.136842 0.773279 -0.505263
v 1.136842 -1.200000 -0.505263
v 1.263158 0.782493 -0.505263
v 1.263158 -1.200000 -0.505263
v 1.389474 0.783194 -0.505263
v 1.389474 -1.200000 -0.505263
v 1.515789 0.775388 -0.505263
v 1.515789 -1.200000 -0.505263
v 1.642105 0.759273 -0.505263
v 1.642105 -1.200000 -0.505263
v 1.768421 0.735247 -0.505263
v 1.768421 -1.200000 -0.505263
v 1.894737 0.703899 -0.505263
v 1.894737 -1.200000 -0.505263
v 2.021053 0.666007 -0.505263
v 2.021053 -1.200000 -0.505263
v 2.147368 0.622504 -0.505263
v 2.147368 -1.200000 -0.505263
v 2.273684 0.574449 -0.505263
v 2.273684 -1.200000 -0.505263
v 2.400000 0.522984 -0.505263
v 2.400000 -1.200000 -0.505263
v 2.526316 0.469280 -0.505263
v 2.526316 -1.200000 -0.505263
v 2.652632 0.414500 -0.505263
v 2.652632 -1.200000 -0.505263
v 2.778947 0.359754 -0.505263
v 2.778947 -1.200000 -0.505263
v 2.905263 0.306070 -0.505263
v 2.905263 -1.200000 -0.505263
v 3.031579 0.254368 -0.505263
v 3.031579 -1.200000 -0.505263
v 3.157895 0.205450 -0.505263
v 3.157895 -1.200000 -0.505263
v 3.284211 0.159995 -0.505263
v 3.284211 -1.200000 -0.505263
v 3.410526 0.118557 -0.505263
v 3.410526 -1.200000 -0.505263
v 3.536842 0.081577 -0.505263
v 3.536842 -1.200000 -0.505263
v 3.663158 0.049383 -0.505263
v 3.663158 -1.200000 -0.505263
v 3.789474 0.022204 -0.505263
v 3.789474 -1.200000 -0.505263
v 3.915789 0.000177 -0.505263
v 3.915789 -1.200000 -0.505263
v 4.042105 -0.016650 -0.505263
v 4.042105 -1.200000 -0.505263
v 4.168421 -0.028309 -0.505263
v 4.168421 -1.200000 -0.505263
v 4.294737 -0.034910 -0.505263
v 4.294737 -1.200000 -0.505263
v 4.421053 -0.036639 -0.505263
v 4.421053 -1.200000 -0.505263
v 4.547368 -0.033755 -0.505263
v 4.547368 -1.200000 -0.505263
v 4.673684 -0.026584 -0.505263
v 4.673684 -1.200000 -0.505263
v 4.800000 -0.015522 -0.505263
v 4.800000 -1.200000 -0.505263
v -4.800000 0.277723 -0.378947
v -4.800000 -1.200000 -0.378947
v -4.673684 0.307989 -0.378947
v -4.673684 -1.200000 -0.378947
v -4.547368 0.335152 -0.378947
v -4.547368 -1.200000 -0.378947
v -4.421053 0.358863 -0.378947
v -4.421053 -1.200000 -0.378947
v -4.294737 0.378856 -0.378947
v -4.294737 -1.200000 -0.378947
v -4.168421 0.394952 -0.378947
v -4.168421 -1.200000 -0.378947
v -4.042105 0.407059 -0.378947
v -4.042105 -1.200000 -0.378947
v -3.915789 0.415175 -0.378947
v -3.915789 -1.200000 -0.378947
v -3.789474 0.419387 -0.378947
v -3.789474 -1.200000 -0.378947
v -3.663158 0.419862 -0.378947
v -3.663158 -1.200000 -0.378947
v -3.536842 0.416841 -0.378947
v -3.536842 -1.200000 -0.378947
v -3.410526 0.410636 -0.378947
v -3.410526 -1.200000 -0.378947
v -3.284211 0.401615 -0.378947
v -3.284211 -1.200000 -0.378947
v -3.157895 0.390193 -0.378947
v -3.157895 -1.200000 -0.378947
v -3.031579 0.376825 -0.378947
v -3.031579 -1.200000 -0.378947
v -2.905263 0.361989 -0.378947
v -2.905263 -1.200000 -0.378947
v -2.778947 0.346181 -0.378947
v -2.778947 -1.200000 -0.378947
v -2.652632 0.329898 -0.378947
v -2.652632 -1.200000 -0.378947
v -2.526316 0.313630 -0.378947
v -2.526316 -1.200000 -0.378947
v -2.400000 0.297846 -0.378947
v -2.400000 -1.200000 -0.378947
v -2.273684 0.282975 -0.378947
v -2.273684 -1.200000 -0.378947
v -2.147368 0.269396 -0.378947
v -2.147368 -1.200000 -0.378947
v -2.021053 0.257411 -0.378947
v -2.021053 -1.200000 -0.378947
v -1.894737 0.247232 -0.378947
v -1.894737 -1.200000 -0.378947
v -1.768421 0.238969 -0.378947
v -1.768421 -1.200000 -0.378947
v -1.642105 0.232632 -0.378947
v -1.642105 -1.200000 -0.378947
v -1.515789 0.228151 -0.378947
v -1.515789 -1.200000 -0.378947
v -1.389474 0.225428 -0.378947
v -1.389474 -1.200000 -0.378947
v -1.263158 0.224405 -0.378947
v -1.263158 -1.200000 -0.378947
v -1.136842 0.225162 -0.378947
v -1.136842 -1.200000 -0.378947
v -1.010526 0.227993 -0.378947
v -1.010526 -1.200000 -0.378947
v -0.884211 0.233459 -0.378947
v -0.884211 -1.200000 -0.378947
v -0.757895 0.242381 -0.378947
v -0.757895 -1.200000 -0.378947
v -0.631579 0.255747 -0.378947
v -0.631579 -1.200000 -0.378947
v -0.505263 0.274552 -0.378947
v -0.505263 -1.200000 -0.378947
v -0.378947 0.299581 -0.378947
v -0.378947 -1.200000 -0.378947
v -0.252632 0.331203 -0.378947
v -0.252632 -1.200000 -0.378947
v -0.126316 0.369211 -0.378947
v -0.126316 -1.200000 -0.378947
v 0.000000 0.412757 -0.378947
v 0.000000 -1.200000 -0.378947
v 0.126316 0.460412 -0.378947
v 0.126316 -1.200000 -0.378947
v 0.252632 0.510316 -0.378947
v 0.252632 -1.200000 -0.378947
v 0.378947 0.560395 -0.378947
v 0.378947 -1.200000 -0.378947
v 0.505263 0.608578 -0.378947
v 0.505263 -1.200000 -0.378947
v 0.631579 0.652990 -0.378947
v 0.631579 -1.200000 -0.378947
v 0.757895 0.692058 -0.378947
v 0.757895 -1.200000 -0.378947
v 0.884211 0.724563 -0.378947
v 0.884211 -1.200000 -0.378947
v 1.010526 0.749629 -0.378947
v 1.010526 -1.200000 -0.378947
v 1.136842 0.766671 -0.378947
v 1.136842 -1.200000 -0.378947
v 1.263158 0.775356 -0.378947
v 1.263158 -1.200000 -0.378947
v 1.389474 0.775556 -0.378947
v 1.389474 -1.200000 -0.378947
v 1.515789 0.767327 -0.378947
v 1.515789 -1.200000 -0.378947
v 1.642105 0.750905 -0.378947
v 1.642105 -1.200000 -0.378947
v 1.768421 0.726701 -0.378947
v 1.768421 -1.200000 -0.378947
v 1.894737 0.695306 -0.378947
v 1.894737 -1.200000 -0.378947
v 2.021053 0.657476 -0.378947
v 2.021053 -1.200000 -0.378947
v 2.147368 0.614115 -0.378947
v 2.147368 -1.200000 -0.378947
v 2.273684 0.566245 -0.378947
v 2.273684 -1.200000 -0.378947
v 2.400000 0.514966 -0.378947
v 2.400000 -1.200000 -0.378947
v 2.526316 0.461415 -0.378947
v 2.526316 -1.200000 -0.378947
v 2.652632 0.406723 -0.378947
v 2.652632 -1.200000 -0.378947
v 2.778947 0.351979 -0.378947
v 2.778947 -1.200000 -0.378947
v 2.905263 0.298200 -0.378947
v 2.905263 -1.200000 -0.378947
v 3.031579 0.246310 -0.378947
v 3.031579 -1.200000 -0.378947
v 3.157895 0.197122 -0.378947
v 3.157895 -1.200000 -0.378947
v 3.284211 0.151338 -0.378947
v 3.284211 -1.200000 -0.378947
v 3.410526 0.109542 -0.378947
v 3.410526 -1.200000 -0.378947
v 3.536842 0.072206 -0.378947
v 3.536842 -1.200000 -0.378947
v 3.663158 0.039696 -0.378947
v 3.663158 -1.200000 -0.378947
v 3.789474 0.012274 -0.378947
v 3.789474 -1.200000 -0.378947
v 3.915789 -0.009891 -0.378947
v 3.915789 -1.200000 -0.378947
v 4.042105 -0.026722 -0.378947
v 4.042105 -1.200000 -0.378947
v 4.168421 -0.038231 -0.378947
v 4.168421 -1.200000 -0.378947
v 4.294737 -0.044514 -0.378947
v 4.294737 -1.200000 -0.378947
v 4.421053 -0.045747 -0.378947
v 4.421053 -1.200000 -0.378947
v 4.547368 -0.042189 -0.378947
v 4.547368 -1.200000 -0.378947
v 4.673684 -0.034172 -0.378947
v 4.673684 -1.200000 -0.378947
v 4.800000 -0.022102 -0.378947
v 4.800000 -1.200000 -0.378947
v -4.800000 0.283858 -0.252632
v -4.800000 -1.200000 -0.252632
v -4.673684 0.315007 -0.252632
v -4.673684 -1.200000 -0.252632
v -4.547368 0.342957 -0.252632
v -4.547368 -1.200000 -0.252632
v -4.421053 0.367351 -0.252632
v -4.421053 -1.200000 -0.252632
v -4.294737 0.387918 -0.252632
v -4.294737 -1.200000 -0.252632
v -4.168421 0.404479 -0.252632
v -4.168421 -1.200000 -0.252632
v -4.042105 0.416943 -0.252632
v -4.042105 -1.200000 -0.252632
v -3.915789 0.425315 -0.252632
v -3.915789 -1.200000 -0.252632
v -3.789474 0.429686 -0.252632
v -3.789474 -1.200000 -0.252632
v -3.663158 0.430232 -0.252632
v -3.663158 -1.200000 -0.252632
v -3.536842 0.427204 -0.252632
v -3.536842 -1.200000 -0.252632
v -3.410526 0.420922 -0.252632
v -3.410526 -1.200000 -0.252632
v -3.284211 0.411763 -0.252632
v -3.284211 -1.200000 -0.252632
v -3.157895 0.400152 -0.252632
v -3.157895 -1.200000 -0.252632
v -3.031579 0.386547 -0.252632
v -3.031579 -1.200000 -0.252632
v -2.905263 0.371432 -0.252632
v -2.905263 -1.200000 -0.252632
v -2.778947 0.355306 -0.252632
v -2.778947 -1.200000 -0.252632
v -2.652632 0.338668 -0.252632
v -2.652632 -1.200000 -0.252632
v -2.526316 0.322007 -0.252632
v -2.526316 -1.200000 -0.252632
v -2.400000 0.305792 -0.252632
v -2.400000 -1.200000 -0.252632
v -2.273684 0.290452 -0.252632
v -2.273684 -1.200000 -0.252632
v -2.147368 0.276363 -0.252632
v -2.147368 -1.200000 -0.252632
v -2.021053 0.263826 -0.252632
v -2.021053 -1.200000 -0.252632
v -1.894737 0.253052 -0.252632
v -1.894737 -1.200000 -0.252632
v -1.768421 0.244148 -0.252632
v -1.768421 -1.200000 -0.252632
v -1.642105 0.237120 -0.252632
v -1.642105 -1.200000 -0.252632
v -1.515789 0.231898 -0.252632
v -1.515789 -1.200000 -0.252632
v -1.389474 0.228380 -0.252632
v -1.389474 -1.200000 -0.252632
v -1.263158 0.226513 -0.252632
v -1.263158 -1.200000 -0.252632
v -1.136842 0.226383 -0.252632
v -1.136842 -1.200000 -0.252632
v -1.010526 0.228298 -0.252632
v -1.010526 -1.200000 -0.252632
v -0.884211 0.232846 -0.252632
v -0.884211 -1.200000 -0.252632
v -0.757895 0.240880 -0.252632
v -0.757895 -1.200000 -0.252632
v -0.631579 0.253422 -0.252632
v -0.631579 -1.200000 -0.252632
v -0.505263 0.271501 -0.252632
v -0.505263 -1.200000 -0.252632
v -0.378947 0.295927 -0.252632
v -0.378947 -1.200000 -0.252632
v -0.252632 0.327076 -0.252632
v -0.252632 -1.200000 -0.252632
v -0.126316 0.364725 -0.252632
v -0.126316 -1.200000 -0.252632
v 0.000000 0.407995 -0.252632
v 0.000000 -1.200000 -0.252632
v 0.126316 0.455407 -0.252632
v 0.126316 -1.200000 -0.252632
v 0.252632 0.505047 -0.252632
v 0.252632 -1.200000 -0.252632
v 0.378947 0.554787 -0.252632
v 0.378947 -1.200000 -0.252632
v 0.505263 0.602523 -0.252632
v 0.505263 -1.200000 -0.252632
v 0.631579 0.646360 -0.252632
v 0.631579 -1.200000 -0.252632
v 0.757895 0.684737 -0.252632
v 0.757895 -1.200000 -0.252632
v 0.884211 0.716465 -0.252632
v 0.884211 -1.200000 -0.252632
v 1.010526 0.740714 -0.252632
v 1.010526 -1.200000 -0.252632
v 1.136842 0.756959 -0.252632
v 1.136842 -1.200000 -0.252632
v 1.263158 0.764924 -0.252632
v 1.263158 -1.200000 -0.252632
v 1.389474 0.764535 -0.252632
v 1.389474 -1.200000 -0.252632
v 1.515789 0.755888 -0.252632
v 1.515789 -1.200000 -0.252632
v 1.642105 0.739243 -0.252632
v 1.642105 -1.200000 -0.252632
v 1.768421 0.715019 -0.252632
v 1.768421 -1.200000 -0.252632
v 1.894737 0.683793 -0.252632
v 1.894737 -1.200000 -0.252632
v 2.021053 0.646297 -0.252632
v 2.021053 -1.200000 -0.252632
v 2.147368 0.603397 -0.252632
v 2.147368 -1.200000 -0.252632
v 2.273684 0.556069 -0.252632
v 2.273684 -1.200000 -0.252632
v 2.400000 0.505367 -0.252632
v 2.400000 -1.200000 -0.252632
v 2.526316 0.452381 -0.252632
v 2.526316 -1.200000 -0.252632
v 2.652632 0.398204 -0.252632
v 2.652632 -1.200000 -0.252632
v 2.778947 0.343896 -0.252632
v 2.778947 -1.200000 -0.252632
v 2.905263 0.290454 -0.252632
v 2.905263 -1.200000 -0.252632
v 3.031579 0.238796 -0.252632
v 3.031579 -1.200000 -0.252632
v 3.157895 0.189739 -0.252632
v 3.157895 -1.200000 -0.252632
v 3.284211 0.143998 -0.252632
v 3.284211 -1.200000 -0.252632
v 3.410526 0.102179 -0.252632
v 3.410526 -1.200000 -0.252632
v 3.536842 0.064782 -0.252632
v 3.536842 -1.200000 -0.252632
v 3.663158 0.032201 -0.252632
v 3.663158 -1.200000 -0.252632
v 3.789474 0.004728 -0.252632
v 3.789474 -1.200000 -0.252632
v 3.915789 -0.017439 -0.252632
v 3.915789 -1.200000 -0.252632
v 4.042105 -0.034201 -0.252632
v 4.042105 -1.200000 -0.252632
v 4.168421 -0.045547 -0.252632
v 4.168421 -1.200000 -0.252632
v 4.294737 -0.051559 -0.252632
v 4.294737 -1.200000 -0.252632
v 4.421053 -0.052406 -0.252632
v 4.421053 -1.200000 -0.252632
v 4.547368 -0.048339 -0.252632
v 4.547368 -1.200000 -0.252632
v 4.673684 -0.039696 -0.252632
v 4.673684 -1.200000 -0.252632
v 4.800000 -0.026886 -0.252632
v 4.800000 -1.200000 -0.252632
v -4.800000 0.287711 -0.126316
v -4.800000 -1.200000 -0.126316
v -4.673684 0.319444 -0.126316
v -4.673684 -1.200000 -0.126316
v -4.547368 0.347934 -0.126316
v -4.547368 -1.200000 -0.126316
v -4.421053 0.372822 -0.126316
v -4.421053 -1.200000 -0.126316
v -4.294737 0.393839 -0.126316
v -4.294737 -1.200000 -0.126316
v -4.168421 0.410804 -0.126316
v -4.168421 -1.200000 -0.126316
v -4.042105 0.423635 -0.126316
v -4.042105 -1.200000 -0.126316
v -3.915789 0.432340 -0.126316
v -3.915789 -1.200000 -0.126316
v -3.789474 0.437015 -0.126316
v -3.789474 -1.200000 -0.126316
v -3.663158 0.437844 -0.126316
v -3.663158 -1.200000 -0.126316
v -3.536842 0.435082 -0.126316
v -3.536842 -1.200000 -0.126316
v -3.410526 0.429053 -0.126316
v -3.410526 -1.200000 -0.126316
v -3.284211 0.420137 -0.126316
v -3.284211 -1.200000 -0.126316
v -3.157895 0.408756 -0.126316
v -3.157895 -1.200000 -0.126316
v -3.031579 0.395369 -0.126316
v -3.031579 -1.200000 -0.126316
v -2.905263 0.380453 -0.126316
v -2.905263 -1.200000 -0.126316
v -2.778947 0.364499 -0.126316
v -2.778947 -1.200000 -0.126316
v -2.652632 0.347996 -0.126316
v -2.652632 -1.200000 -0.126316
v -2.526316 0.331424 -0.126316
v -2.526316 -1.200000 -0.126316
v -2.400000 0.315241 -0.126316
v -2.400000 -1.200000 -0.126316
v -2.273684 0.299866 -0.126316
v -2.273684 -1.200000 -0.126316
v -2.147368 0.285666 -0.126316
v -2.147368 -1.200000 -0.126316
v -2.021053 0.272940 -0.126316
v -2.021053 -1.200000 -0.126316
v -1.894737 0.261895 -0.126316
v -1.894737 -1.200000 -0.126316
v -1.768421 0.252642 -0.126316
v -1.768421 -1.200000 -0.126316
v -1.642105 0.245194 -0.126316
v -1.642105 -1.200000 -0.126316
v -1.515789 0.239488 -0.126316
v -1.515789 -1.200000 -0.126316
v -1.389474 0.235435 -0.126316
v -1.389474 -1.200000 -0.126316
v -1.263158 0.232994 -0.126316
v -1.263158 -1.200000 -0.126316
v -1.136842 0.232262 -0.126316
v -1.136842 -1.200000 -0.126316
v -1.010526 0.233558 -0.126316
v -1.010526 -1.200000 -0.126316
v -0.884211 0.237471 -0.126316
v -0.884211 -1.200000 -0.126316
v -0.757895 0.244854 -0.126316
v -0.757895 -1.200000 -0.126316
v -0.631579 0.256724 -0.126316
v -0.631579 -1.200000 -0.126316
v -0.505263 0.274097 -0.126316
v -0.505263 -1.200000 -0.126316
v -0.378947 0.297767 -0.126316
v -0.378947 -1.200000 -0.126316
v -0.252632 0.328093 -0.126316
v -0.252632 -1.200000 -0.126316
v -0.126316 0.364837 -0.126316
v -0.126316 -1.200000 -0.126316
v 0.000000 0.407108 -0.126316
v 0.000000 -1.200000 -0.126316
v 0.126316 0.453419 -0.126316
v 0.126316 -1.200000 -0.126316
v 0.252632 0.501859 -0.126316
v 0.252632 -1.200000 -0.126316
v 0.378947 0.550311 -0.126316
v 0.378947 -1.200000 -0.126316
v 0.505263 0.596691 -0.126316
v 0.505263 -1.200000 -0.126316
v 0.631579 0.639137 -0.126316
v 0.631579 -1.200000 -0.126316
v 0.757895 0.676125 -0.126316
v 0.757895 -1.200000 -0.126316
v 0.884211 0.706514 -0.126316
v 0.884211 -1.200000 -0.126316
v 1.010526 0.729522 -0.126316
v 1.010526 -1.200000 -0.126316
v 1.136842 0.744675 -0.126316
v 1.136842 -1.200000 -0.126316
v 1.263158 0.751743 -0.126316
v 1.263158 -1.200000 -0.126316
v 1.389474 0.750688 -0.126316
v 1.389474 -1.200000 -0.126316
v 1.515789 0.741632 -0.126316
v 1.515789 -1.200000 -0.126316
v 1.642105 0.724848 -0.126316
v 1.642105 -1.200000 -0.126316
v 1.768421 0.700748 -0.126316
v 1.768421 -1.200000 -0.126316
v 1.894737 0.669892 -0.126316
v 1.894737 -1.200000 -0.126316
v 2.021053 0.632976 -0.126316
v 2.021053 -1.200000 -0.126316
v 2.147368 0.590824 -0.126316
v 2.147368 -1.200000 -0.126316
v 2.273684 0.544361 -0.126316
v 2.273684 -1.200000 -0.126316
v 2.400000 0.494585 -0.126316
v 2.400000 -1.200000 -0.126316
v 2.526316 0.442538 -0.126316
v 2.526316 -1.200000 -0.126316
v 2.652632 0.389266 -0.126316
v 2.652632 -1.200000 -0.126316
v 2.778947 0.335791 -0.126316
v 2.778947 -1.200000 -0.126316
v 2.905263 0.283086 -0.126316
v 2.905263 -1.200000 -0.126316
v 3.031579 0.232050 -0.126316
v 3.031579 -1.200000 -0.126316
v 3.157895 0.183500 -0.126316
v 3.157895 -1.200000 -0.126316
v 3.284211 0.138154 -0.126316
v 3.284211 -1.200000 -0.126316
v 3.410526 0.096634 -0.126316
v 3.410526 -1.200000 -0.126316
v 3.536842 0.059456 -0.126316
v 3.536842 -1.200000 -0.126316
v 3.663158 0.027038 -0.126316
v 3.663158 -1.200000 -0.126316
v 3.789474 -0.000301 -0.126316
v 3.789474 -1.200000 -0.126316
v 3.915789 -0.022344 -0.126316
v 3.915789 -1.200000 -0.126316
v 4.042105 -0.038967 -0.126316
v 4.042105 -1.200000 -0.126316
v 4.168421 -0.050144 -0.126316
v 4.168421 -1.200000 -0.126316
v 4.294737 -0.055941 -0.126316
v 4.294737 -1.200000 -0.126316
v 4.421053 -0.056515 -0.126316
v 4.421053 -1.200000 -0.126316
v 4.547368 -0.052116 -0.126316
v 4.547368 -1.200000 -0.126316
v 4.673684 -0.043075 -0.126316
v 4.673684 -1.200000 -0.126316
v 4.800000 -0.029806 -0.126316
v 4.800000 -1.200000 -0.126316
v -4.800000 0.289232 0.000000
v -4.800000 -1.200000 0.000000
v -4.673684 0.321244 0.000000
v -4.673684 -1.200000 0.000000
v -4.547368 0.350021 0.000000
v -4.547368 -1.200000 0.000000
v -4.421053 0.375208 0.000000
v -4.421053 -1.200000 0.000000
v -4.294737 0.396542 0.000000
v -4.294737 -1.200000 0.000000
v -4.168421 0.413849 0.000000
v -4.168421 -1.200000 0.000000
v -4.042105 0.427051 0.000000
v -4.042105 -1.200000 0.000000
v -3.915789 0.436163 0.000000
v -3.915789 -1.200000 0.000000
v -3.789474 0.441286 0.000000
v -3.789474 -1.200000 0.000000
v -3.663158 0.442605 0.000000
v -3.663158 -1.200000 0.000000
v -3.536842 0.440380 0.000000
v -3.536842 -1.200000 0.000000
v -3.410526 0.434932 0.000000
v -3.410526 -1.200000 0.000000
v -3.284211 0.426635 0.000000
v -3.284211 -1.200000 0.000000
v -3.157895 0.415906 0.000000
v -3.157895 -1.200000 0.000000
v -3.031579 0.403189 0.000000
v -3.031579 -1.200000 0.000000
v -2.905263 0.388948 0.000000
v -2.905263 -1.200000 0.000000
v -2.778947 0.373654 0.000000
v -2.778947 -1.200000 0.000000
v -2.652632 0.357777 0.000000
v -2.652632 -1.200000 0.000000
v -2.526316 0.341776 0.000000
v -2.526316 -1.200000 0.000000
v -2.400000 0.326088 0.000000
v -2.400000 -1.200000 0.000000
v -2.273684 0.311113 0.000000
v -2.273684 -1.200000 0.000000
v -2.147368 0.297206 0.000000
v -2.147368 -1.200000 0.000000
v -2.021053 0.284655 0.000000
v -2.021053 -1.200000 0.000000
v -1.894737 0.273669 0.000000
v -1.894737 -1.200000 0.000000
v -1.768421 0.264364 0.000000
v -1.768421 -1.200000 0.000000
v -1.642105 0.256768 0.000000
v -1.642105 -1.200000 0.000000
v -1.515789 0.250840 0.000000
v -1.515789 -1.200000 0.000000
v -1.389474 0.246516 0.000000
v -1.389474 -1.200000 0.000000
v -1.263158 0.243777 0.000000
v -1.263158 -1.200000 0.000000
v -1.136842 0.242735 0.000000
v -1.136842 -1.200000 0.000000
v -1.010526 0.243710 0.000000
v -1.010526 -1.200000 0.000000
v -0.884211 0.247277 0.000000
v -0.884211 -1.200000 0.000000
v -0.757895 0.254255 0.000000
v -0.757895 -1.200000 0.000000
v -0.631579 0.265611 0.000000
v -0.631579 -1.200000 0.000000
v -0.505263 0.282307 0.000000
v -0.505263 -1.200000 0.000000
v -0.378947 0.305082 0.000000
v -0.378947 -1.200000 0.000000
v -0.252632 0.334256 0.000000
v -0.252632 -1.200000 0.000000
v -0.126316 0.369573 0.000000
v -0.126316 -1.200000 0.000000
v 0.000000 0.410150 0.000000
v 0.000000 -1.200000 0.000000
v 0.126316 0.454538 0.000000
v 0.126316 -1.200000 0.000000
v 0.252632 0.500882 0.000000
v 0.252632 -1.200000 0.000000
v 0.378947 0.547137 0.000000
v 0.378947 -1.200000 0.000000
v 0.505263 0.591298 0.000000
v 0.505263 -1.200000 0.000000
v 0.631579 0.631578 0.000000
v 0.631579 -1.200000 0.000000
v 0.757895 0.666523 0.000000
v 0.757895 -1.200000 0.000000
v 0.884211 0.695052 0.000000
v 0.884211 -1.200000 0.000000
v 1.010526 0.716432 0.000000
v 1.010526 -1.200000 0.000000
v 1.136842 0.730231 0.000000
v 1.136842 -1.200000 0.000000
v 1.263158 0.736249 0.000000
v 1.263158 -1.200000 0.000000
v 1.389474 0.734468 0.000000
v 1.389474 -1.200000 0.000000
v 1.515789 0.725023 0.000000
v 1.515789 -1.200000 0.000000
v 1.642105 0.708182 0.000000
v 1.642105 -1.200000 0.000000
v 1.768421 0.684345 0.000000
v 1.768421 -1.200000 0.000000
v 1.894737 0.654043 0.000000
v 1.894737 -1.200000 0.000000
v 2.021053 0.617933 0.000000
v 2.021053 -1.200000 0.000000
v 2.147368 0.576788 0.000000
v 2.147368 -1.200000 0.000000
v 2.273684 0.531480 0.000000
v 2.273684 -1.200000 0.000000
v 2.400000 0.482950 0.000000
v 2.400000 -1.200000 0.000000
v 2.526316 0.432181 0.000000
v 2.526316 -1.200000 0.000000
v 2.652632 0.380169 0.000000
v 2.652632 -1.200000 0.000000
v 2.778947 0.327894 0.000000
v 2.778947 -1.200000 0.000000
v 2.905263 0.276295 0.000000
v 2.905263 -1.200000 0.000000
v 3.031579 0.226248 0.000000
v 3.031579 -1.200000 0.000000
v 3.157895 0.178558 0.000000
v 3.157895 -1.200000 0.000000
v 3.284211 0.133941 0.000000
v 3.284211 -1.200000 0.000000
v 3.410526 0.093023 0.000000
v 3.410526 -1.200000 0.000000
v 3.536842 0.056333 0.000000
v 3.536842 -1.200000 0.000000
v 3.663158 0.024306 0.000000
v 3.663158 -1.200000 0.000000
v 3.789474 -0.002725 0.000000
v 3.789474 -1.200000 0.000000
v 3.915789 -0.024522 0.000000
v 3.915789 -1.200000 0.000000
v 4.042105 -0.040944 0.000000
v 4.042105 -1.200000 0.000000
v 4.168421 -0.051950 0.000000
v 4.168421 -1.200000 0.000000
v 4.294737 -0.057591 0.000000
v 4.294737 -1.200000 0.000000
v 4.421053 -0.058015 0.000000
v 4.421053 -1.200000 0.000000
v 4.547368 -0.053462 0.000000
v 4.547368 -1.200000 0.000000
v 4.673684 -0.044260 0.000000
v 4.673684 -1.200000 0.000000
v 4.800000 -0.030818 0.000000
v 4.800000 -1.200000 0.000000
v -4.800000 0.288402 0.126316
v -4.800000 -1.200000 0.126316
v -4.673684 0.320381 0.126316
v -4.673684 -1.200000 0.126316
v -4.547368 0.349187 0.126316
v -4.547368 -1.200000 0.126316
v -4.421053 0.374476 0.126316
v -4.421053 -1.200000 0.126316
v -4.294737 0.395991 0.126316
v -4.294737 -1.200000 0.126316
v -4.168421 0.413570 0.126316
v -4.168421 -1.200000 0.126316
v -4.042105 0.427142 0.126316
v -4.042105 -1.200000 0.126316
v -3.915789 0.436728 0.126316
v -3.915789 -1.200000 0.126316
v -3.789474 0.442433 0.126316
v -3.789474 -1.200000 0.126316
v -3.663158 0.444444 0.126316
v -3.663158 -1.200000 0.126316
v -3.536842 0.443017 0.126316
v -3.536842 -1.200000 0.126316
v -3.410526 0.438468 0.126316
v -3.410526 -1.200000 0.126316
v -3.284211 0.431158 0.126316
v -3.284211 -1.200000 0.126316
v -3.157895 0.421489 0.126316
v -3.157895 -1.200000 0.126316
v -3.031579 0.409885 0.126316
v -3.031579 -1.200000 0.126316
v -2.905263 0.396783 0.126316
v -2.905263 -1.200000 0.126316
v -2.778947 0.382627 0.126316
v -2.778947 -1.200000 0.126316
v -2.652632 0.367856 0.126316
v -2.652632 -1.200000 0.126316
v -2.526316 0.352898 0.126316
v -2.526316 -1.200000 0.126316
v -2.400000 0.338158 0.126316
v -2.400000 -1.200000 0.126316
v -2.273684 0.324012 0.126316
v -2.273684 -1.200000 0.126316
v -2.147368 0.310792 0.126316
v -2.147368 -1.200000 0.126316
v -2.021053 0.298776 0.126316
v -2.021053 -1.200000 0.126316
v -1.894737 0.288168 0.126316
v -1.894737 -1.200000 0.126316
v -1.768421 0.279098 0.126316
v -1.768421 -1.200000 0.126316
v -1.642105 0.271615 0.126316
v -1.642105 -1.200000 0.126316
v -1.515789 0.265710 0.126316
v -1.515789 -1.200000 0.126316
v -1.389474 0.261352 0.126316
v -1.389474 -1.200000 0.126316
v -1.263158 0.258556 0.126316
v -1.263158 -1.200000 0.126316
v -1.136842 0.257450 0.126316
v -1.136842 -1.200000 0.126316
v -1.010526 0.258351 0.126316
v -1.010526 -1.200000 0.126316
v -0.884211 0.261803 0.126316
v -0.884211 -1.200000 0.126316
v -0.757895 0.268562 0.126316
v -0.757895 -1.200000 0.126316
v -0.631579 0.279515 0.126316
v -0.631579 -1.200000 0.126316
v -0.505263 0.295527 0.126316
v -0.505263 -1.200000 0.126316
v -0.378947 0.317255 0.126316
v -0.378947 -1.200000 0.126316
v -0.252632 0.344959 0.126316
v -0.252632 -1.200000 0.126316
v -0.126316 0.378364 0.126316
v -0.126316 -1.200000 0.126316
v 0.000000 0.416617 0.126316
v 0.000000 -1.200000 0.126316
v 0.126316 0.458343 0.126316
v 0.126316 -1.200000 0.126316
v 0.252632 0.501793 0.126316
v 0.252632 -1.200000 0.126316
v 0.378947 0.545051 0.126316
v 0.378947 -1.200000 0.126316
v 0.505263 0.586236 0.126316
v 0.505263 -1.200000 0.126316
v 0.631579 0.623678 0.126316
v 0.631579 -1.200000 0.126316
v 0.757895 0.656017 0.126316
v 0.757895 -1.200000 0.126316
v 0.884211 0.682242 0.126316
v 0.884211 -1.200000 0.126316
v 1.010526 0.701671 0.126316
v 1.010526 -1.200000 0.126316
v 1.136842 0.713903 0.126316
v 1.136842 -1.200000 0.126316
v 1.263158 0.718753 0.126316
v 1.263158 -1.200000 0.126316
v 1.389474 0.716213 0.126316
v 1.389474 -1.200000 0.126316
v 1.515789 0.706410 0.126316
v 1.515789 -1.200000 0.126316
v 1.642105 0.689601 0.126316
v 1.642105 -1.200000 0.126316
v 1.768421 0.666160 0.126316
v 1.768421 -1.200000 0.126316
v 1.894737 0.636585 0.126316
v 1.894737 -1.200000 0.126316
v 2.021053 0.601488 0.126316
v 2.021053 -1.200000 0.126316
v 2.147368 0.561590 0.126316
v 2.147368 -1.200000 0.126316
v 2.273684 0.517703 0.126316
v 2.273684 -1.200000 0.126316
v 2.400000 0.470708 0.126316
v 2.400000 -1.200000 0.126316
v 2.526316 0.421529 0.126316
v 2.526316 -1.200000 0.126316
v 2.652632 0.371107 0.126316
v 2.652632 -1.200000 0.126316
v 2.778947 0.320371 0.126316
v 2.778947 -1.200000 0.126316
v 2.905263 0.270223 0.126316
v 2.905263 -1.200000 0.126316
v 3.031579 0.221509 0.126316
v 3.031579 -1.200000 0.126316
v 3.157895 0.175013 0.126316
v 3.157895 -1.200000 0.126316
v 3.284211 0.131441 0.126316
v 3.284211 -1.200000 0.126316
v 3.410526 0.091417 0.126316
v 3.410526 -1.200000 0.126316
v 3.536842 0.055474 0.126316
v 3.536842 -1.200000 0.126316
v 3.663158 0.024052 0.126316
v 3.663158 -1.200000 0.126316
v 3.789474 -0.002502 0.126316
v 3.789474 -1.200000 0.126316
v 3.915789 -0.023937 0.126316
v 3.915789 -1.200000 0.126316
v 4.042105 -0.040100 0.126316
v 4.042105 -1.200000 0.126316
v 4.168421 -0.050935 0.126316
v 4.168421 -1.200000 0.126316
v 4.294737 -0.056484 0.126316
v 4.294737 -1.200000 0.126316
v 4.421053 -0.056882 0.126316
v 4.421053 -1.200000 0.126316
v 4.547368 -0.052358 0.126316
v 4.547368 -1.200000 0.126316
v 4.673684 -0.043233 0.126316
v 4.673684 -1.200000 0.126316
v 4.800000 -0.029907 0.126316
v 4.800000 -1.200000 0.126316
v -4.800000 0.285228 0.252632
v -4.800000 -1.200000 0.252632
v -4.673684 0.316864 0.252632
v -4.673684 -1.200000 0.252632
v -4.547368 0.345440 0.252632
v -4.547368 -1.200000 0.252632
v -4.421053 0.370627 0.252632
v -4.421053 -1.200000 0.252632
v -4.294737 0.392184 0.252632
v -4.294737 -1.200000 0.252632
v -4.168421 0.409960 0.252632
v -4.168421 -1.200000 0.252632
v -4.042105 0.423893 0.252632
v -4.042105 -1.200000 0.252632
v -3.915789 0.434011 0.252632
v -3.915789 -1.200000 0.252632
v -3.789474 0.440422 0.252632
v -3.789474 -1.200000 0.252632
v -3.663158 0.443312 0.252632
v -3.663158 -1.200000 0.252632
v -3.536842 0.442931 0.252632
v -3.536842 -1.200000 0.252632
v -3.410526 0.439580 0.252632
v -3.410526 -1.200000 0.252632
v -3.284211 0.433607 0.252632
v -3.284211 -1.200000 0.252632
v -3.157895 0.425386 0.252632
v -3.157895 -1.200000 0.252632
v -3.031579 0.415314 0.252632
v -3.031579 -1.200000 0.252632
v -2.905263 0.403795 0.252632
v -2.905263 -1.200000 0.252632
v -2.778947 0.391233 0.252632
v -2.778947 -1.200000 0.252632
v -2.652632 0.378027 0.252632
v -2.652632 -1.200000 0.252632
v -2.526316 0.364563 0.252632
v -2.526316 -1.200000 0.252632
v -2.400000 0.351208 0.252632
v -2.400000 -1.200000 0.252632
v -2.273684 0.338300 0.252632
v -2.273684 -1.200000 0.252632
v -2.147368 0.326147 0.252632
v -2.147368 -1.200000 0.252632
v -2.021053 0.315007 0.252632
v -2.021053 -1.200000 0.252632
v -1.894737 0.305083 0.252632
v -1.894737 -1.200000 0.252632
v -1.768421 0.296514 0.252632
v -1.768421 -1.200000 0.252632
v -1.642105 0.289378 0.252632
v -1.642105 -1.200000 0.252632
v -1.515789 0.283701 0.252632
v -1.515789 -1.200000 0.252632
v -1.389474 0.279498 0.252632
v -1.389474 -1.200000 0.252632
v -1.263158 0.276817 0.252632
v -1.263158 -1.200000 0.252632
v -1.136842 0.275812 0.252632
v -1.136842 -1.200000 0.252632
v -1.010526 0.276789 0.252632
v -1.010526 -1.200000 0.252632
v -0.884211 0.280252 0.252632
v -0.884211 -1.200000 0.252632
v -0.757895 0.286876 0.252632
v -0.757895 -1.200000 0.252632
v -0.631579 0.297440 0.252632
v -0.631579 -1.200000 0.252632
v -0.505263 0.312692 0.252632
v -0.505263 -1.200000 0.252632
v -0.378947 0.333184 0.252632
v -0.378947 -1.200000 0.252632
v -0.252632 0.359104 0.252632
v -0.252632 -1.200000 0.252632
v -0.126316 0.390162 0.252632
v -0.126316 -1.200000 0.252632
v 0.000000 0.425552 0.252632
v 0.000000 -1.200000 0.252632
v 0.126316 0.464002 0.252632
v 0.126316 -1.200000 0.252632
v 0.252632 0.503910 0.252632
v 0.252632 -1.200000 0.252632
v 0.378947 0.543526 0.252632
v 0.378947 -1.200000 0.252632
v 0.505263 0.581136 0.252632
v 0.505263 -1.200000 0.252632
v 0.631579 0.615212 0.252632
v 0.631579 -1.200000 0.252632
v 0.757895 0.644507 0.252632
v 0.757895 -1.200000 0.252632
v 0.884211 0.668091 0.252632
v 0.884211 -1.200000 0.252632
v 1.010526 0.685329 0.252632
v 1.010526 -1.200000 0.252632
v 1.136842 0.695842 0.252632
v 1.136842 -1.200000 0.252632
v 1.263158 0.699453 0.252632
v 1.263158 -1.200000 0.252632
v 1.389474 0.696146 0.252632
v 1.389474 -1.200000 0.252632
v 1.515789 0.686035 0.252632
v 1.515789 -1.200000 0.252632
v 1.642105 0.669351 0.252632
v 1.642105 -1.200000 0.252632
v 1.768421 0.646440 0.252632
v 1.768421 -1.200000 0.252632
v 1.894737 0.617757 0.252632
v 1.894737 -1.200000 0.252632
v 2.021053 0.583868 0.252632
v 2.021053 -1.200000 0.252632
v 2.147368 0.545438 0.252632
v 2.147368 -1.200000 0.252632
v 2.273684 0.503219 0.252632
v 2.273684 -1.200000 0.252632
v 2.400000 0.458029 0.252632
v 2.400000 -1.200000 0.252632
v 2.526316 0.410729 0.252632
v 2.526316 -1.200000 0.252632
v 2.652632 0.362202 0.252632
v 2.652632 -1.200000 0.252632
v 2.778947 0.313325 0.252632
v 2.778947 -1.200000 0.252632
v 2.905263 0.264952 0.252632
v 2.905263 -1.200000 0.252632
v 3.031579 0.217896 0.252632
v 3.031579 -1.200000 0.252632
v 3.157895 0.172912 0.252632
v 3.157895 -1.200000 0.252632
v 3.284211 0.130689 0.252632
v 3.284211 -1.200000 0.252632
v 3.410526 0.091838 0.252632
v 3.410526 -1.200000 0.252632
v 3.536842 0.056887 0.252632
v 3.536842 -1.200000 0.252632
v 3.663158 0.026280 0.252632
v 3.663158 -1.200000 0.252632
v 3.789474 0.000366 0.252632
v 3.789474 -1.200000 0.252632
v 3.915789 -0.020597 0.252632
v 3.915789 -1.200000 0.252632
v 4.042105 -0.036447 0.252632
v 4.042105 -1.200000 0.252632
v 4.168421 -0.047116 0.252632
v 4.168421 -1.200000 0.252632
v 4.294737 -0.052636 0.252632
v 4.294737 -1.200000 0.252632
v 4.421053 -0.053132 0.252632
v 4.421053 -1.200000 0.252632
v 4.547368 -0.048820 0.252632
v 4.547368 -1.200000 0.252632
v 4.673684 -0.040009 0.252632
v 4.673684 -1.200000 0.252632
v 4.800000 -0.027086 0.252632
v 4.800000 -1.200000 0.252632
v -4.800000 0.279747 0.378947
v -4.800000 -1.200000 0.378947
v -4.673684 0.310731 0.378947
v -4.673684 -1.200000 0.378947
v -4.547368 0.338819 0.378947
v -4.547368 -1.200000 0.378947
v -4.421053 0.363703 0.378947
v -4.421053 -1.200000 0.378947
v -4.294737 0.385158 0.378947
v -4.294737 -1.200000 0.378947
v -4.168421 0.403049 0.378947
v -4.168421 -1.200000 0.378947
v -4.042105 0.417325 0.378947
v -4.042105 -1.200000 0.378947
v -3.915789 0.428021 0.378947
v -3.915789 -1.200000 0.378947
v -3.789474 0.435247 0.378947
v -3.789474 -1.200000 0.378947
v -3.663158 0.439185 0.378947
v -3.663158 -1.200000 0.378947
v -3.536842 0.440073 0.378947
v -3.536842 -1.200000 0.378947
v -3.410526 0.438198 0.378947
v -3.410526 -1.200000 0.378947
v -3.284211 0.433882 0.378947
v -3.284211 -1.200000 0.378947
v -3.157895 0.427470 0.378947
v -3.157895 -1.200000 0.378947
v -3.031579 0.419321 0.378947
v -3.031579 -1.200000 0.378947
v -2.905263 0.409796 0.378947
v -2.905263 -1.200000 0.378947
v -2.778947 0.399252 0.378947
v -2.778947 -1.200000 0.378947
v -2.652632 0.388039 0.378947
v -2.652632 -1.200000 0.378947
v -2.526316 0.376492 0.378947
v -2.526316 -1.200000 0.378947
v -2.400000 0.364928 0.378947
v -2.400000 -1.200000 0.378947
v -2.273684 0.353644 0.378947
v -2.273684 -1.200000 0.378947
v -2.147368 0.342911 0.378947
v -2.147368 -1.200000 0.378947
v -2.021053 0.332967 0.378947
v -2.021053 -1.200000 0.378947
v -1.894737 0.324006 0.378947
v -1.894737 -1.200000 0.378947
v -1.768421 0.316178 0.378947
v -1.768421 -1.200000 0.378947
v -1.642105 0.309586 0.378947
v -1.642105 -1.200000 0.378947
v -1.515789 0.304298 0.378947
v -1.515789 -1.200000 0.378947
v -1.389474 0.300372 0.378947
v -1.389474 -1.200000 0.378947
v -1.263158 0.297901 0.378947
v -1.263158 -1.200000 0.378947
v -1.136842 0.297058 0.378947
v -1.136842 -1.200000 0.378947
v -1.010526 0.298145 0.378947
v -1.010526 -1.200000 0.378947
v -0.884211 0.301615 0.378947
v -0.884211 -1.200000 0.378947
v -0.757895 0.308058 0.378947
v -0.757895 -1.200000 0.378947
v -0.631579 0.318135 0.378947
v -0.631579 -1.200000 0.378947
v -0.505263 0.332465 0.378947
v -0.505263 -1.200000 0.378947
v -0.378947 0.351484 0.378947
v -0.378947 -1.200000 0.378947
v -0.252632 0.375311 0.378947
v -0.252632 -1.200000 0.378947
v -0.126316 0.403645 0.378947
v -0.126316 -1.200000 0.378947
v 0.000000 0.435739 0.378947
v 0.000000 -1.200000 0.378947
v 0.126316 0.470446 0.378947
v 0.126316 -1.200000 0.378947
v 0.252632 0.506337 0.378947
v 0.252632 -1.200000 0.378947
v 0.378947 0.541852 0.378947
v 0.378947 -1.200000 0.378947
v 0.505263 0.575466 0.378947
v 0.505263 -1.200000 0.378947
v 0.631579 0.605813 0.378947
v 0.631579 -1.200000 0.378947
v 0.757895 0.631772 0.378947
v 0.757895 -1.200000 0.378947
v 0.884211 0.652492 0.378947
v 0.884211 -1.200000 0.378947
v 1.010526 0.667389 0.378947
v 1.010526 -1.200000 0.378947
v 1.136842 0.676099 0.378947
v 1.136842 -1.200000 0.378947
v 1.263158 0.678446 0.378947
v 1.263158 -1.200000 0.378947
v 1.389474 0.674396 0.378947
v 1.389474 -1.200000 0.378947
v 1.515789 0.664042 0.378947
v 1.515789 -1.200000 0.378947
v 1.642105 0.647586 0.378947
v 1.642105 -1.200000 0.378947
v 1.768421 0.625336 0.378947
v 1.768421 -1.200000 0.378947
v 1.894737 0.597705 0.378947
v 1.894737 -1.200000 0.378947
v 2.021053 0.565209 0.378947
v 2.021053 -1.200000 0.378947
v 2.147368 0.528457 0.378947
v 2.147368 -1.200000 0.378947
v 2.273684 0.488138 0.378947
v 2.273684 -1.200000 0.378947
v 2.400000 0.445006 0.378947
v 2.400000 -1.200000 0.378947
v 2.526316 0.399859 0.378947
v 2.526316 -1.200000 0.378947
v 2.652632 0.353516 0.378947
v 2.652632 -1.200000 0.378947
v 2.778947 0.306799 0.378947
v 2.778947 -1.200000 0.378947
v 2.905263 0.260511 0.378947
v 2.905263 -1.200000 0.378947
v 3.031579 0.215423 0.378947
v 3.031579 -1.200000 0.378947
v 3.157895 0.172255 0.378947
v 3.157895 -1.200000 0.378947
v 3.284211 0.131669 0.378947
v 3.284211 -1.200000 0.378947
v 3.410526 0.094258 0.378947
v 3.410526 -1.200000 0.378947
v 3.536842 0.060539 0.378947
v 3.536842 -1.200000 0.378947
v 3.663158 0.030945 0.378947
v 3.663158 -1.200000 0.378947
v 3.789474 0.005827 0.378947
v 3.789474 -1.200000 0.378947
v 3.915789 -0.014557 0.378947
v 3.915789 -1.200000 0.378947
v 4.042105 -0.030041 0.378947
v 4.042105 -1.200000 0.378947
v 4.168421 -0.040550 0.378947
v 4.168421 -1.200000 0.378947
v 4.294737 -0.046105 0.378947
v 4.294737 -1.200000 0.378947
v 4.421053 -0.046820 0.378947
v 4.421053 -1.200000 0.378947
v 4.547368 -0.042900 0.378947
v 4.547368 -1.200000 0.378947
v 4.673684 -0.034634 0.378947
v 4.673684 -1.200000 0.378947
v 4.800000 -0.022397 0.378947
v 4.800000 -1.200000 0.378947
v -4.800000 0.272023 0.505263
v -4.800000 -1.200000 0.505263
v -4.673684 0.302055 0.505263
v -4.673684 -1.200000 0.505263
v -4.547368 0.329401 0.505263
v -4.547368 -1.200000 0.505263
v -4.421053 0.353778 0.505263
v -4.421053 -1.200000 0.505263
v -4.294737 0.374986 0.505263
v -4.294737 -1.200000 0.505263
v -4.168421 0.392904 0.505263
v -4.168421 -1.200000 0.505263
v -4.042105 0.407495 0.505263
v -4.042105 -1.200000 0.505263
v -3.915789 0.418801 0.505263
v -3.915789 -1.200000 0.505263
v -3.789474 0.426932 0.505263
v -3.789474 -1.200000 0.505263
v -3.663158 0.432062 0.505263
v -3.663158 -1.200000 0.505263
v -3.536842 0.434418 0.505263
v -3.536842 -1.200000 0.505263
v -3.410526 0.434264 0.505263
v -3.410526 -1.200000 0.505263
v -3.284211 0.431893 0.505263
v -3.284211 -1.200000 0.505263
v -3.157895 0.427612 0.505263
v -3.157895 -1.200000 0.505263
v -3.031579 0.421737 0.505263
v -3.031579 -1.200000 0.505263
v -2.905263 0.414577 0.505263
v -2.905263 -1.200000 0.505263
v -2.778947 0.406436 0.505263
v -2.778947 -1.200000 0.505263
v -2.652632 0.397603 0.505263
v -2.652632 -1.200000 0.505263
v -2.526316 0.388356 0.505263
v -2.526316 -1.200000 0.505263
v -2.400000 0.378955 0.505263
v -2.400000 -1.200000 0.505263
v -2.273684 0.369646 0.505263
v -2.273684 -1.200000 0.505263
v -2.147368 0.360658 0.505263
v -2.147368 -1.200000 0.505263
v -2.021053 0.352200 0.505263
v -2.021053 -1.200000 0.505263
v -1.894737 0.344453 0.505263
v -1.894737 -1.200000 0.505263
v -1.768421 0.337574 0.505263
v -1.768421 -1.200000 0.505263
v -1.642105 0.331687 0.505263
v -1.642105 -1.200000 0.505263
v -1.515789 0.326898 0.505263
v -1.515789 -1.200000 0.505263
v -1.389474 0.323313 0.505263
v -1.389474 -1.200000 0.505263
v -1.263158 0.321064 0.505263
v -1.263158 -1.200000 0.505263
v -1.136842 0.320348 0.505263
v -1.136842 -1.200000 0.505263
v -1.010526 0.321462 0.505263
v -1.010526 -1.200000 0.505263
v -0.884211 0.324812 0.505263
v -0.884211 -1.200000 0.505263
v -0.757895 0.330904 0.505263
v -0.757895 -1.200000 0.505263
v -0.631579 0.340284 0.505263
v -0.631579 -1.200000 0.505263
v -0.505263 0.353446 0.505263
v -0.505263 -1.200000 0.505263
v -0.378947 0.370716 0.505263
v -0.378947 -1.200000 0.505263
v -0.252632 0.392149 0.505263
v -0.252632 -1.200000 0.505263
v -0.126316 0.417441 0.505263
v -0.126316 -1.200000 0.505263
v 0.000000 0.445916 0.505263
v 0.000000 -1.200000 0.505263
v 0.126316 0.476562 0.505263
v 0.126316 -1.200000 0.505263
v 0.252632 0.508132 0.505263
v 0.252632 -1.200000 0.505263
v 0.378947 0.539272 0.505263
v 0.378947 -1.200000 0.505263
v 0.505263 0.568649 0.505263
v 0.505263 -1.200000 0.505263
v 0.631579 0.595069 0.505263
v 0.631579 -1.200000 0.505263
v 0.757895 0.617536 0.505263
v 0.757895 -1.200000 0.505263
v 0.884211 0.635286 0.505263
v 0.884211 -1.200000 0.505263
v 1.010526 0.647777 0.505263
v 1.010526 -1.200000 0.505263
v 1.136842 0.654663 0.505263
v 1.136842 -1.200000 0.505263
v 1.263158 0.655761 0.505263
v 1.263158 -1.200000 0.505263
v 1.389474 0.651019 0.505263
v 1.389474 -1.200000 0.505263
v 1.515789 0.640504 0.505263
v 1.515789 -1.200000 0.505263
v 1.642105 0.624383 0.505263
v 1.642105 -1.200000 0.505263
v 1.768421 0.602927 0.505263
v 1.768421 -1.200000 0.505263
v 1.894737 0.576505 0.505263
v 1.894737 -1.200000 0.505263
v 2.021053 0.545580 0.505263
v 2.021053 -1.200000 0.505263
v 2.147368 0.510705 0.505263
v 2.147368 -1.200000 0.505263
v 2.273684 0.472507 0.505263
v 2.273684 -1.200000 0.505263
v 2.400000 0.431675 0.505263
v 2.400000 -1.200000 0.505263
v 2.526316 0.388940 0.505263
v 2.526316 -1.200000 0.505263
v 2.652632 0.345057 0.505263
v 2.652632 -1.200000 0.505263
v 2.778947 0.300788 0.505263
v 2.778947 -1.200000 0.505263
v 2.905263 0.256880 0.505263
v 2.905263 -1.200000 0.505263
v 3.031579 0.214056 0.505263
v 3.031579 -1.200000 0.505263
v 3.157895 0.172994 0.505263
v 3.157895 -1.200000 0.505263
v 3.284211 0.134324 0.505263
v 3.284211 -1.200000 0.505263
v 3.410526 0.098610 0.505263
v 3.410526 -1.200000 0.505263
v 3.536842 0.066349 0.505263
v 3.536842 -1.200000 0.505263
v 3.663158 0.037962 0.505263
v 3.663158 -1.200000 0.505263
v 3.789474 0.013790 0.505263
v 3.789474 -1.200000 0.505263
v 3.915789 -0.005914 0.505263
v 3.915789 -1.200000 0.505263
v 4.042105 -0.020982 0.505263
v 4.042105 -1.200000 0.505263
v 4.168421 -0.031335 0.505263
v 4.168421 -1.200000 0.505263
v 4.294737 -0.036987 0.505263
v 4.294737 -1.200000 0.505263
v 4.421053 -0.038040 0.505263
v 4.421053 -1.200000 0.505263
v 4.547368 -0.034683 0.505263
v 4.547368 -1.200000 0.505263
v 4.673684 -0.027188 0.505263
v 4.673684 -1.200000 0.505263
v 4.800000 -0.015908 0.505263
v 4.800000 -1.200000 0.505263
v -4.800000 0.262148 0.631579
v -4.800000 -1.200000 0.631579
v -4.673684 0.290936 0.631579
v -4.673684 -1.200000 0.631579
v -4.547368 0.317293 0.631579
v -4.547368 -1.200000 0.631579
v -4.421053 0.340966 0.631579
v -4.421053 -1.200000 0.631579
v -4.294737 0.361778 0.631579
v -4.294737 -1.200000 0.631579
v -4.168421 0.379630 0.631579
v -4.168421 -1.200000 0.631579
v -4.042105 0.394497 0.631579
v -4.042105 -1.200000 0.631579
v -3.915789 0.406427 0.631579
v -3.915789 -1.200000 0.631579
v -3.789474 0.415531 0.631579
v -3.789474 -1.200000 0.631579
v -3.663158 0.421974 0.631579
v -3.663158 -1.200000 0.631579
v -3.536842 0.425963 0.631579
v -3.536842 -1.200000 0.631579
v -3.410526 0.427739 0.631579
v -3.410526 -1.200000 0.631579
v -3.284211 0.427559 0.631579
v -3.284211 -1.200000 0.631579
v -3.157895 0.425689 0.631579
v -3.157895 -1.200000 0.631579
v -3.031579 0.422391 0.631579
v -3.031579 -1.200000 0.631579
v -2.905263 0.417921 0.631579
v -2.905263 -1.200000 0.631579
v -2.778947 0.412517 0.631579
v -2.778947 -1.200000 0.631579
v -2.652632 0.406405 0.631579
v -2.652632 -1.200000 0.631579
v -2.526316 0.399796 0.631579
v -2.526316 -1.200000 0.631579
v -2.400000 0.392887 0.631579
v -2.400000 -1.200000 0.631579
v -2.273684 0.385865 0.631579
v -2.273684 -1.200000 0.631579
v -2.147368 0.378911 0.631579
v -2.147368 -1.200000 0.631579
v -2.021053 0.372196 0.631579
v -2.021053 -1.200000 0.631579
v -1.894737 0.365885 0.631579
v -1.894737 -1.200000 0.631579
v -1.768421 0.360130 0.631579
v -1.768421 -1.200000 0.631579
v -1.642105 0.355075 0.631579
v -1.642105 -1.200000 0.631579
v -1.515789 0.350858 0.631579
v -1.515789 -1.200000 0.631579
v -1.389474 0.347625 0.631579
v -1.389474 -1.200000 0.631579
v -1.263158 0.345546 0.631579
v -1.263158 -1.200000 0.631579
v -1.136842 0.344844 0.631579
v -1.136842 -1.200000 0.631579
v -1.010526 0.345810 0.631579
v -1.010526 -1.200000 0.631579
v -0.884211 0.348816 0.631579
v -0.884211 -1.200000 0.631579
v -0.757895 0.354291 0.631579
v -0.757895 -1.200000 0.631579
v -0.631579 0.362680 0.631579
v -0.631579 -1.200000 0.631579
v -0.505263 0.374367 0.631579
v -0.505263 -1.200000 0.631579
v -0.378947 0.389586 0.631579
v -0.378947 -1.200000 0.631579
v -0.252632 0.408339 0.631579
v -0.252632 -1.200000 0.631579
v -0.126316 0.430332 0.631579
v -0.126316 -1.200000 0.631579
v 0.000000 0.454965 0.631579
v 0.000000 -1.200000 0.631579
v 0.126316 0.481364 0.631579
v 0.126316 -1.200000 0.631579
v 0.252632 0.508465 0.631579
v 0.252632 -1.200000 0.631579
v 0.378947 0.535112 0.631579
v 0.378947 -1.200000 0.631579
v 0.505263 0.560168 0.631579
v 0.505263 -1.200000 0.631579
v 0.631579 0.582601 0.631579
v 0.631579 -1.200000 0.631579
v 0.757895 0.601541 0.631579
v 0.757895 -1.200000 0.631579
v 0.884211 0.616307 0.631579
v 0.884211 -1.200000 0.631579
v 1.010526 0.626402 0.631579
v 1.010526 -1.200000 0.631579
v 1.136842 0.631493 0.631579
v 1.136842 -1.200000 0.631579
v 1.263158 0.631393 0.631579
v 1.263158 -1.200000 0.631579
v 1.389474 0.626031 0.631579
v 1.389474 -1.200000 0.631579
v 1.515789 0.615445 0.631579
v 1.515789 -1.200000 0.631579
v 1.642105 0.599772 0.631579
v 1.642105 -1.200000 0.631579
v 1.768421 0.579242 0.631579
v 1.768421 -1.200000 0.631579
v 1.894737 0.554181 0.631579
v 1.894737 -1.200000 0.631579
v 2.021053 0.525000 0.631579
v 2.021053 -1.200000 0.631579
v 2.147368 0.492195 0.631579
v 2.147368 -1.200000 0.631579
v 2.273684 0.456330 0.631579
v 2.273684 -1.200000 0.631579
v 2.400000 0.418028 0.631579
v 2.400000 -1.200000 0.631579
v 2.526316 0.377953 0.631579
v 2.526316 -1.200000 0.631579
v 2.652632 0.336794 0.631579
v 2.652632 -1.200000 0.631579
v 2.778947 0.295247 0.631579
v 2.778947 -1.200000 0.631579
v 2.905263 0.254002 0.631579
v 2.905263 -1.200000 0.631579
v 3.031579 0.213724 0.631579
v 3.031579 -1.200000 0.631579
v 3.157895 0.175046 0.631579
v 3.157895 -1.200000 0.631579
v 3.284211 0.138555 0.631579
v 3.284211 -1.200000 0.631579
v 3.410526 0.104784 0.631579
v 3.410526 -1.200000 0.631579
v 3.536842 0.074200 0.631579
v 3.536842 -1.200000 0.631579
v 3.663158 0.047203 0.631579
v 3.663158 -1.200000 0.631579
v 3.789474 0.024120 0.631579
v 3.789474 -1.200000 0.631579
v 3.915789 0.005194 0.631579
v 3.915789 -1.200000 0.631579
v 4.042105 -0.009409 0.631579
v 4.042105 -1.200000 0.631579
v 4.168421 -0.019611 0.631579
v 4.168421 -1.200000 0.631579
v 4.294737 -0.025418 0.631579
v 4.294737 -1.200000 0.631579
v 4.421053 -0.026920 0.631579
v 4.421053 -1.200000 0.631579
v 4.547368 -0.024289 0.631579
v 4.547368 -1.200000 0.631579
v 4.673684 -0.017779 0.631579
v 4.673684 -1.200000 0.631579
v 4.800000 -0.007714 0.631579
v 4.800000 -1.200000 0.631579
v -4.800000 0.250240 0.757895
v -4.800000 -1.200000 0.757895
v -4.673684 0.277508 0.757895
v -4.673684 -1.200000 0.757895
v -4.547368 0.302639 0.757895
v -4.547368 -1.200000 0.757895
v -4.421053 0.325413 0.757895
v -4.421053 -1.200000 0.757895
v -4.294737 0.345682 0.757895
v -4.294737 -1.200000 0.757895
v -4.168421 0.363368 0.757895
v -4.168421 -1.200000 0.757895
v -4.042105 0.378461 0.757895
v -4.042105 -1.200000 0.757895
v -3.915789 0.391013 0.757895
v -3.915789 -1.200000 0.757895
v -3.789474 0.401135 0.757895
v -3.789474 -1.200000 0.757895
v -3.663158 0.408979 0.757895
v -3.663158 -1.200000 0.757895
v -3.536842 0.414733 0.757895
v -3.536842 -1.200000 0.757895
v -3.410526 0.418608 0.757895
v -3.410526 -1.200000 0.757895
v -3.284211 0.420821 0.757895
v -3.284211 -1.200000 0.757895
v -3.157895 0.421590 0.757895
v -3.157895 -1.200000 0.757895
v -3.031579 0.421122 0.757895
v -3.031579 -1.200000 0.757895
v -2.905263 0.419610 0.757895
v -2.905263 -1.200000 0.757895
v -2.778947 0.417225 0.757895
v -2.778947 -1.200000 0.757895
v -2.652632 0.414120 0.757895
v -2.652632 -1.200000 0.757895
v -2.526316 0.410435 0.757895
v -2.526316 -1.200000 0.757895
v -2.400000 0.406297 0.757895
v -2.400000 -1.200000 0.757895
v -2.273684 0.401830 0.757895
v -2.273684 -1.200000 0.757895
v -2.147368 0.397159 0.757895
v -2.147368 -1.200000 0.757895
v -2.021053 0.392412 0.757895
v -2.021053 -1.200000 0.757895
v -1.894737 0.387727 0.757895
v -1.894737 -1.200000 0.757895
v -1.768421 0.383247 0.757895
v -1.768421 -1.200000 0.757895
v -1.642105 0.379125 0.757895
v -1.642105 -1.200000 0.757895
v -1.515789 0.375523 0.757895
v -1.515789 -1.200000 0.757895
v -1.389474 0.372619 0.757895
v -1.389474 -1.200000 0.757895
v -1.263158 0.370621 0.757895
v -1.263158 -1.200000 0.757895
v -1.136842 0.369772 0.757895
v -1.136842 -1.200000 0.757895
v -1.010526 0.370366 0.757895
v -1.010526 -1.200000 0.757895
v -0.884211 0.372745 0.757895
v -0.884211 -1.200000 0.757895
v -0.757895 0.377281 0.757895
v -0.757895 -1.200000 0.757895
v -0.631579 0.384339 0.757895
v -0.631579 -1.200000 0.757895
v -0.505263 0.394218 0.757895
v -0.505263 -1.200000 0.757895
v -0.378947 0.407081 0.757895
v -0.378947 -1.200000 0.757895
v -0.252632 0.422895 0.757895
v -0.252632 -1.200000 0.757895
v -0.126316 0.441388 0.757895
v -0.126316 -1.200000 0.757895
v 0.000000 0.462041 0.757895
v 0.000000 -1.200000 0.757895
v 0.126316 0.484114 0.757895
v 0.126316 -1.200000 0.757895
v 0.252632 0.506714 0.757895
v 0.252632 -1.200000 0.757895
v 0.378947 0.528875 0.757895
v 0.378947 -1.200000 0.757895
v 0.505263 0.549640 0.757895
v 0.505263 -1.200000 0.757895
v 0.631579 0.568131 0.757895
v 0.631579 -1.200000 0.757895
v 0.757895 0.583596 0.757895
v 0.757895 -1.200000 0.757895
v 0.884211 0.595435 0.757895
v 0.884211 -1.200000 0.757895
v 1.010526 0.603192 0.757895
v 1.010526 -1.200000 0.757895
v 1.136842 0.606555 0.757895
v 1.136842 -1.200000 0.757895
v 1.263158 0.605329 0.757895
v 1.263158 -1.200000 0.757895
v 1.389474 0.599431 0.757895
v 1.389474 -1.200000 0.757895
v 1.515789 0.588872 0.757895
v 1.515789 -1.200000 0.757895
v 1.642105 0.573759 0.757895
v 1.642105 -1.200000 0.757895
v 1.768421 0.554286 0.757895
v 1.768421 -1.200000 0.757895
v 1.894737 0.530732 0.757895
v 1.894737 -1.200000 0.757895
v 2.021053 0.503461 0.757895
v 2.021053 -1.200000 0.757895
v 2.147368 0.472910 0.757895
v 2.147368 -1.200000 0.757895
v 2.273684 0.439581 0.757895
v 2.273684 -1.200000 0.757895
v 2.400000 0.404030 0.757895
v 2.400000 -1.200000 0.757895
v 2.526316 0.366853 0.757895
v 2.526316 -1.200000 0.757895
v 2.652632 0.328669 0.757895
v 2.652632 -1.200000 0.757895
v 2.778947 0.290106 0.757895
v 2.778947 -1.200000 0.757895
v 2.905263 0.251789 0.757895
v 2.905263 -1.200000 0.757895
v 3.031579 0.214327 0.757895
v 3.031579 -1.200000 0.757895
v 3.157895 0.178296 0.757895
v 3.157895 -1.200000 0.757895
v 3.284211 0.144236 0.757895
v 3.284211 -1.200000 0.757895
v 3.410526 0.112639 0.757895
v 3.410526 -1.200000 0.757895
v 3.536842 0.083938 0.757895
v 3.536842 -1.200000 0.757895
v 3.663158 0.058506 0.757895
v 3.663158 -1.200000 0.757895
v 3.789474 0.036647 0.757895
v 3.789474 -1.200000 0.757895
v 3.915789 0.018593 0.757895
v 3.915789 -1.200000 0.757895
v 4.042105 0.004500 0.757895
v 4.042105 -1.200000 0.757895
v 4.168421 -0.005554 0.757895
v 4.168421 -1.200000 0.757895
v 4.294737 -0.011568 0.757895
v 4.294737 -1.200000 0.757895
v 4.421053 -0.013623 0.757895
v 4.421053 -1.200000 0.757895
v 4.547368 -0.011871 0.757895
v 4.547368 -1.200000 0.757895
v 4.673684 -0.006543 0.757895
v 4.673684 -1.200000 0.757895
v 4.800000 0.002066 0.757895
v 4.800000 -1.200000 0.757895
v -4.800000 0.236444 0.884211
v -4.800000 -1.200000 0.884211
v -4.673684 0.261932 0.884211
v -4.673684 -1.200000 0.884211
v -4.547368 0.285612 0.884211
v -4.547368 -1.200000 0.884211
v -4.421053 0.307301 0.884211
v -4.421053 -1.200000 0.884211
v -4.294737 0.326882 0.884211
v -4.294737 -1.200000 0.884211
v -4.168421 0.344298 0.884211
v -4.168421 -1.200000 0.884211
v -4.042105 0.359554 0.884211
v -4.042105 -1.200000 0.884211
v -3.915789 0.372709 0.884211
v -3.915789 -1.200000 0.884211
v -3.789474 0.383869 0.884211
v -3.789474 -1.200000 0.884211
v -3.663158 0.393173 0.884211
v -3.663158 -1.200000 0.884211
v -3.536842 0.400785 0.884211
v -3.536842 -1.200000 0.884211
v -3.410526 0.406883 0.884211
v -3.410526 -1.200000 0.884211
v -3.284211 0.411642 0.884211
v -3.284211 -1.200000 0.884211
v -3.157895 0.415227 0.884211
v -3.157895 -1.200000 0.884211
v -3.031579 0.417786 0.884211
v -3.031579 -1.200000 0.884211
v -2.905263 0.419443 0.884211
v -2.905263 -1.200000 0.884211
v -2.778947 0.420298 0.884211
v -2.778947 -1.200000 0.884211
v -2.652632 0.420429 0.884211
v -2.652632 -1.200000 0.884211
v -2.526316 0.419898 0.884211
v -2.526316 -1.200000 0.884211
v -2.400000 0.418760 0.884211
v -2.400000 -1.200000 0.884211
v -2.273684 0.417068 0.884211
v -2.273684 -1.200000 0.884211
v -2.147368 0.414886 0.884211
v -2.147368 -1.200000 0.884211
v -2.021053 0.412295 0.884211
v -2.021053 -1.200000 0.884211
v -1.894737 0.409397 0.884211
v -1.894737 -1.200000 0.884211
v -1.768421 0.406320 0.884211
v -1.768421 -1.200000 0.884211
v -1.642105 0.403213 0.884211
v -1.642105 -1.200000 0.884211
v -1.515789 0.400255 0.884211
v -1.515789 -1.200000 0.884211
v -1.389474 0.397649 0.884211
v -1.389474 -1.200000 0.884211
v -1.263158 0.395629 0.884211
v -1.263158 -1.200000 0.884211
v -1.136842 0.394460 0.884211
v -1.136842 -1.200000 0.884211
v -1.010526 0.394443 0.884211
v -1.010526 -1.200000 0.884211
v -0.884211 0.395901 0.884211
v -0.884211 -1.200000 0.884211
v -0.757895 0.399169 0.884211
v -0.757895 -1.200000 0.884211
v -0.631579 0.404556 0.884211
v -0.631579 -1.200000 0.884211
v -0.505263 0.412301 0.884211
v -0.505263 -1.200000 0.884211
v -0.378947 0.422523 0.884211
v -0.378947 -1.200000 0.884211
v -0.252632 0.435177 0.884211
v -0.252632 -1.200000 0.884211
v -0.126316 0.450022 0.884211
v -0.126316 -1.200000 0.884211
v 0.000000 0.466621 0.884211
v 0.000000 -1.200000 0.884211
v 0.126316 0.484363 0.884211
v 0.126316 -1.200000 0.884211
v 0.252632 0.502513 0.884211
v 0.252632 -1.200000 0.884211
v 0.378947 0.520273 0.884211
v 0.378947 -1.200000 0.884211
v 0.505263 0.536851 0.884211
v 0.505263 -1.200000 0.884211
v 0.631579 0.551509 0.884211
v 0.631579 -1.200000 0.884211
v 0.757895 0.563606 0.884211
v 0.757895 -1.200000 0.884211
v 0.884211 0.572614 0.884211
v 0.884211 -1.200000 0.884211
v 1.010526 0.578124 0.884211
v 1.010526 -1.200000 0.884211
v 1.136842 0.579842 0.884211
v 1.136842 -1.200000 0.884211
v 1.263158 0.577576 0.884211
v 1.263158 -1.200000 0.884211
v 1.389474 0.571230 0.884211
v 1.389474 -1.200000 0.884211
v 1.515789 0.560797 0.884211
v 1.515789 -1.200000 0.884211
v 1.642105 0.546354 0.884211
v 1.642105 -1.200000 0.884211
v 1.768421 0.528061 0.884211
v 1.768421 -1.200000 0.884211
v 1.894737 0.506156 0.884211
v 1.894737 -1.200000 0.884211
v 2.021053 0.480951 0.884211
v 2.021053 -1.200000 0.884211
v 2.147368 0.452829 0.884211
v 2.147368 -1.200000 0.884211
v 2.273684 0.422228 0.884211
v 2.273684 -1.200000 0.884211
v 2.400000 0.389637 0.884211
v 2.400000 -1.200000 0.884211
v 2.526316 0.355582 0.884211
v 2.526316 -1.200000 0.884211
v 2.652632 0.320608 0.884211
v 2.652632 -1.200000 0.884211
v 2.778947 0.285275 0.884211
v 2.778947 -1.200000 0.884211
v 2.905263 0.250140 0.884211
v 2.905263 -1.200000 0.884211
v 3.031579 0.215743 0.884211
v 3.031579 -1.200000 0.884211
v 3.157895 0.182606 0.884211
v 3.157895 -1.200000 0.884211
v 3.284211 0.151211 0.884211
v 3.284211 -1.200000 0.884211
v 3.410526 0.122004 0.884211
v 3.410526 -1.200000 0.884211
v 3.536842 0.095378 0.884211
v 3.536842 -1.200000 0.884211
v 3.663158 0.071673 0.884211
v 3.663158 -1.200000 0.884211
v 3.789474 0.051166 0.884211
v 3.789474 -1.200000 0.884211
v 3.915789 0.034071 0.884211
v 3.915789 -1.200000 0.884211
v 4.042105 0.020533 0.884211
v 4.042105 -1.200000 0.884211
v 4.168421 0.010627 0.884211
v 4.168421 -1.200000 0.884211
v 4.294737 0.004357 0.884211
v 4.294737 -1.200000 0.884211
v 4.421053 0.001657 0.884211
v 4.421053 -1.200000 0.884211
v 4.547368 0.002390 0.884211
v 4.547368 -1.200000 0.884211
v 4.673684 0.006356 0.884211
v 4.673684 -1.200000 0.884211
v 4.800000 0.013290 0.884211
v 4.800000 -1.200000 0.884211
v -4.800000 0.220927 1.010526
v -4.800000 -1.200000 1.010526
v -4.673684 0.244396 1.010526
v -4.673684 -1.200000 1.010526
v -4.547368 0.266417 1.010526
v -4.547368 -1.200000 1.010526
v -4.421053 0.286845 1.010526
v -4.421053 -1.200000 1.010526
v -4.294737 0.305595 1.010526
v -4.294737 -1.200000 1.010526
v -4.168421 0.322635 1.010526
v -4.168421 -1.200000 1.010526
v -4.042105 0.337983 1.010526
v -4.042105 -1.200000 1.010526
v -3.915789 0.351704 1.010526
v -3.915789 -1.200000 1.010526
v -3.789474 0.363898 1.010526
v -3.789474 -1.200000 1.010526
v -3.663158 0.374688 1.010526
v -3.663158 -1.200000 1.010526
v -3.536842 0.384214 1.010526
v -3.536842 -1.200000 1.010526
v -3.410526 0.392615 1.010526
v -3.410526 -1.200000 1.010526
v -3.284211 0.400022 1.010526
v -3.284211 -1.200000 1.010526
v -3.157895 0.406545 1.010526
v -3.157895 -1.200000 1.010526
v -3.031579 0.412268 1.010526
v -3.031579 -1.200000 1.010526
v -2.905263 0.417245 1.010526
v -2.905263 -1.200000 1.010526
v -2.778947 0.421501 1.010526
v -2.778947 -1.200000 1.010526
v -2.652632 0.425035 1.010526
v -2.652632 -1.200000 1.010526
v -2.526316 0.427831 1.010526
v -2.526316 -1.200000 1.010526
v -2.400000 0.429865 1.010526
v -2.400000 -1.200000 1.010526
v -2.273684 0.431118 1.010526
v -2.273684 -1.200000 1.010526
v -2.147368 0.431591 1.010526
v -2.147368 -1.200000 1.010526
v -2.021053 0.431308 1.010526
v -2.021053 -1.200000 1.010526
v -1.894737 0.430333 1.010526
v -1.894737 -1.200000 1.010526
v -1.768421 0.428765 1.010526
v -1.768421 -1.200000 1.010526
v -1.642105 0.426747 1.010526
v -1.642105 -1.200000 1.010526
v -1.515789 0.424460 1.010526
v -1.515789 -1.200000 1.010526
v -1.389474 0.422123 1.010526
v -1.389474 -1.200000 1.010526
v -1.263158 0.419992 1.010526
v -1.263158 -1.200000 1.010526
v -1.136842 0.418349 1.010526
v -1.136842 -1.200000 1.010526
v -1.010526 0.417504 1.010526
v -1.010526 -1.200000 1.010526
v -0.884211 0.417776 1.010526
v -0.884211 -1.200000 1.010526
v -0.757895 0.419479 1.010526
v -0.757895 -1.200000 1.010526
v -0.631579 0.422889 1.010526
v -0.631579 -1.200000 1.010526
v -0.505263 0.428215 1.010526
v -0.505263 -1.200000 1.010526
v -0.378947 0.435556 1.010526
v -0.378947 -1.200000 1.010526
v -0.252632 0.444873 1.010526
v -0.252632 -1.200000 1.010526
v -0.126316 0.455970 1.010526
v -0.126316 -1.200000 1.010526
v 0.000000 0.468492 1.010526
v 0.000000 -1.200000 1.010526
v 0.126316 0.481945 1.010526
v 0.126316 -1.200000 1.010526
v 0.252632 0.495738 1.010526
v 0.252632 -1.200000 1.010526
v 0.378947 0.509225 1.010526
v 0.378947 -1.200000 1.010526
v 0.505263 0.521756 1.010526
v 0.505263 -1.200000 1.010526
v 0.631579 0.532721 1.010526
v 0.631579 -1.200000 1.010526
v 0.757895 0.541577 1.010526
v 0.757895 -1.200000 1.010526
v 0.884211 0.547868 1.010526
v 0.884211 -1.200000 1.010526
v 1.010526 0.551231 1.010526
v 1.010526 -1.200000 1.010526
v 1.136842 0.551395 1.010526
v 1.136842 -1.200000 1.010526
v 1.263158 0.548175 1.010526
v 1.263158 -1.200000 1.010526
v 1.389474 0.541469 1.010526
v 1.389474 -1.200000 1.010526
v 1.515789 0.531254 1.010526
v 1.515789 -1.200000 1.010526
v 1.642105 0.517585 1.010526
v 1.642105 -1.200000 1.010526
v 1.768421 0.500588 1.010526
v 1.768421 -1.200000 1.010526
v 1.894737 0.480462 1.010526
v 1.894737 -1.200000 1.010526
v 2.021053 0.457471 1.010526
v 2.021053 -1.200000 1.010526
v 2.147368 0.431939 1.010526
v 2.147368 -1.200000 1.010526
v 2.273684 0.404245 1.010526
v 2.273684 -1.200000 1.010526
v 2.400000 0.374808 1.010526
v 2.400000 -1.200000 1.010526
v 2.526316 0.344081 1.010526
v 2.526316 -1.200000 1.010526
v 2.652632 0.312537 1.010526
v 2.652632 -1.200000 1.010526
v 2.778947 0.280662 1.010526
v 2.778947 -1.200000 1.010526
v 2.905263 0.248938 1.010526
v 2.905263 -1.200000 1.010526
v 3.031579 0.217839 1.010526
v 3.031579 -1.200000 1.010526
v 3.157895 0.187820 1.010526
v 3.157895 -1.200000 1.010526
v 3.284211 0.159306 1.010526
v 3.284211 -1.200000 1.010526
v 3.410526 0.132688 1.010526
v 3.410526 -1.200000 1.010526
v 3.536842 0.108313 1.010526
v 3.536842 -1.200000 1.010526
v 3.663158 0.086483 1.010526
v 3.663158 -1.200000 1.010526
v 3.789474 0.067444 1.010526
v 3.789474 -1.200000 1.010526
v 3.915789 0.051388 1.010526
v 3.915789 -1.200000 1.010526
v 4.042105 0.038447 1.010526
v 4.042105 -1.200000 1.010526
v 4.168421 0.028689 1.010526
v 4.168421 -1.200000 1.010526
v 4.294737 0.022123 1.010526
v 4.294737 -1.200000 1.010526
v 4.421053 0.018695 1.010526
v 4.421053 -1.200000 1.010526
v 4.547368 0.018288 1.010526
v 4.547368 -1.200000 1.010526
v 4.673684 0.020729 1.010526
v 4.673684 -1.200000 1.010526
v 4.800000 0.025791 1.010526
v 4.800000 -1.200000 1.010526
v -4.800000 0.203879 1.136842
v -4.800000 -1.200000 1.136842
v -4.673684 0.225116 1.136842
v -4.673684 -1.200000 1.136842
v -4.547368 0.245287 1.136842
v -4.547368 -1.200000 1.136842
v -4.421053 0.264292 1.136842
v -4.421053 -1.200000 1.136842
v -4.294737 0.282075 1.136842
v -4.294737 -1.200000 1.136842
v -4.168421 0.298631 1.136842
v -4.168421 -1.200000 1.136842
v -4.042105 0.313992 1.136842
v -4.042105 -1.200000 1.136842
v -3.915789 0.328225 1.136842
v -3.915789 -1.200000 1.136842
v -3.789474 0.341425 1.136842
v -3.789474 -1.200000 1.136842
v -3.663158 0.353698 1.136842
v -3.663158 -1.200000 1.136842
v -3.536842 0.365154 1.136842
v -3.536842 -1.200000 1.136842
v -3.410526 0.375896 1.136842
v -3.410526 -1.200000 1.136842
v -3.284211 0.386004 1.136842
v -3.284211 -1.200000 1.136842
v -3.157895 0.395532 1.136842
v -3.157895 -1.200000 1.136842
v -3.031579 0.404498 1.136842
v -3.031579 -1.200000 1.136842
v -2.905263 0.412885 1.136842
v -2.905263 -1.200000 1.136842
v -2.778947 0.420640 1.136842
v -2.778947 -1.200000 1.136842
v -2.652632 0.427685 1.136842
v -2.652632 -1.200000 1.136842
v -2.526316 0.433920 1.136842
v -2.526316 -1.200000 1.136842
v -2.400000 0.439244 1.136842
v -2.400000 -1.200000 1.136842
v -2.273684 0.443564 1.136842
v -2.273684 -1.200000 1.136842
v -2.147368 0.446812 1.136842
v -2.147368 -1.200000 1.136842
v -2.021053 0.448955 1.136842
v -2.021053 -1.200000 1.136842
v -1.894737 0.450009 1.136842
v -1.894737 -1.200000 1.136842
v -1.768421 0.450042 1.136842
v -1.768421 -1.200000 1.136842
v -1.642105 0.449178 1.136842
v -1.642105 -1.200000 1.136842
v -1.515789 0.447595 1.136842
v -1.515789 -1.200000 1.136842
v -1.389474 0.445518 1.136842
v -1.389474 -1.200000 1.136842
v -1.263158 0.443214 1.136842
v -1.263158 -1.200000 1.136842
v -1.136842 0.440983 1.136842
v -1.136842 -1.200000 1.136842
v -1.010526 0.439144 1.136842
v -1.010526 -1.200000 1.136842
v -0.884211 0.438021 1.136842
v -0.884211 -1.200000 1.136842
v -0.757895 0.437922 1.136842
v -0.757895 -1.200000 1.136842
v -0.631579 0.439114 1.136842
v -0.631579 -1.200000 1.136842
v -0.505263 0.441797 1.136842
v -0.505263 -1.200000 1.136842
v -0.378947 0.446074 1.136842
v -0.378947 -1.200000 1.136842
v -0.252632 0.451931 1.136842
v -0.252632 -1.200000 1.136842
v -0.126316 0.459223 1.136842
v -0.126316 -1.200000 1.136842
v 0.000000 0.467679 1.136842
v 0.000000 -1.200000 1.136842
v 0.126316 0.476914 1.136842
v 0.126316 -1.200000 1.136842
v 0.252632 0.486464 1.136842
v 0.252632 -1.200000 1.136842
v 0.378947 0.495816 1.136842
v 0.378947 -1.200000 1.136842
v 0.505263 0.504449 1.136842
v 0.505263 -1.200000 1.136842
v 0.631579 0.511863 1.136842
v 0.631579 -1.200000 1.136842
v 0.757895 0.517608 1.136842
v 0.757895 -1.200000 1.136842
v 0.884211 0.521296 1.136842
v 0.884211 -1.200000 1.136842
v 1.010526 0.522610 1.136842
v 1.010526 -1.200000 1.136842
v 1.136842 0.521306 1.136842
v 1.136842 -1.200000 1.136842
v 1.263158 0.517212 1.136842
v 1.263158 -1.200000 1.136842
v 1.389474 0.510227 1.136842
v 1.389474 -1.200000 1.136842
v 1.515789 0.500316 1.136842
v 1.515789 -1.200000 1.136842
v 1.642105 0.487514 1.136842
v 1.642105 -1.200000 1.136842
v 1.768421 0.471919 1.136842
v 1.768421 -1.200000 1.136842
v 1.894737 0.453690 1.136842
v 1.894737 -1.200000 1.136842
v 2.021053 0.433044 1.136842
v 2.021053 -1.200000 1.136842
v 2.147368 0.410251 1.136842
v 2.147368 -1.200000 1.136842
v 2.273684 0.385625 1.136842
v 2.273684 -1.200000 1.136842
v 2.400000 0.359516 1.136842
v 2.400000 -1.200000 1.136842
v 2.526316 0.332305 1.136842
v 2.526316 -1.200000 1.136842
v 2.652632 0.304387 1.136842
v 2.652632 -1.200000 1.136842
v 2.778947 0.276172 1.136842
v 2.778947 -1.200000 1.136842
v 2.905263 0.248067 1.136842
v 2.905263 -1.200000 1.136842
v 3.031579 0.220473 1.136842
v 3.031579 -1.200000 1.136842
v 3.157895 0.193773 1.136842
v 3.157895 -1.200000 1.136842
v 3.284211 0.168330 1.136842
v 3.284211 -1.200000 1.136842
v 3.410526 0.144477 1.136842
v 3.410526 -1.200000 1.136842
v 3.536842 0.122510 1.136842
v 3.536842 -1.200000 1.136842
v 3.663158 0.102687 1.136842
v 3.663158 -1.200000 1.136842
v 3.789474 0.085221 1.136842
v 3.789474 -1.200000 1.136842
v 3.915789 0.070278 1.136842
v 3.915789 -1.200000 1.136842
v 4.042105 0.057971 1.136842
v 4.042105 -1.200000 1.136842
v 4.168421 0.048365 1.136842
v 4.168421 -1.200000 1.136842
v 4.294737 0.041470 1.136842
v 4.294737 -1.200000 1.136842
v 4.421053 0.037242 1.136842
v 4.421053 -1.200000 1.136842
v 4.547368 0.035589 1.136842
v 4.547368 -1.200000 1.136842
v 4.673684 0.036368 1.136842
v 4.673684 -1.200000 1.136842
v 4.800000 0.039389 1.136842
v 4.800000 -1.200000 1.136842
v -4.800000 0.185512 1.263158
v -4.800000 -1.200000 1.263158
v -4.673684 0.204330 1.263158
v -4.673684 -1.200000 1.263158
v -4.547368 0.222483 1.263158
v -4.547368 -1.200000 1.263158
v -4.421053 0.239915 1.263158
v -4.421053 -1.200000 1.263158
v -4.294737 0.256606 1.263158
v -4.294737 -1.200000 1.263158
v -4.168421 0.272571 1.263158
v -4.168421 -1.200000 1.263158
v -4.042105 0.287859 1.263158
v -4.042105 -1.200000 1.263158
v -3.915789 0.302538 1.263158
v -3.915789 -1.200000 1.263158
v -3.789474 0.316695 1.263158
v -3.789474 -1.200000 1.263158
v -3.663158 0.330418 1.263158
v -3.663158 -1.200000 1.263158
v -3.536842 0.343786 1.263158
v -3.536842 -1.200000 1.263158
v -3.410526 0.356862 1.263158
v -3.410526 -1.200000 1.263158
v -3.284211 0.369676 1.263158
v -3.284211 -1.200000 1.263158
v -3.157895 0.382223 1.263158
v -3.157895 -1.200000 1.263158
v -3.031579 0.394456 1.263158
v -3.031579 -1.200000 1.263158
v -2.905263 0.406284 1.263158
v -2.905263 -1.200000 1.263158
v -2.778947 0.417579 1.263158
v -2.778947 -1.200000 1.263158
v -2.652632 0.428180 1.263158
v -2.652632 -1.200000 1.263158
v -2.526316 0.437910 1.263158
v -2.526316 -1.200000 1.263158
v -2.400000 0.446588 1.263158
v -2.400000 -1.200000 1.263158
v -2.273684 0.454046 1.263158
v -2.273684 -1.200000 1.263158
v -2.147368 0.460146 1.263158
v -2.147368 -1.200000 1.263158
v -2.021053 0.464795 1.263158
v -2.021053 -1.200000 1.263158
v -1.894737 0.467960 1.263158
v -1.894737 -1.200000 1.263158
v -1.768421 0.469671 1.263158
v -1.768421 -1.200000 1.263158
v -1.642105 0.470025 1.263158
v -1.642105 -1.200000 1.263158
v -1.515789 0.469187 1.263158
v -1.515789 -1.200000 1.263158
v -1.389474 0.467381 1.263158
v -1.389474 -1.200000 1.263158
v -1.263158 0.464881 1.263158
v -1.263158 -1.200000 1.263158
v -1.136842 0.461997 1.263158
v -1.136842 -1.200000 1.263158
v -1.010526 0.459060 1.263158
v -1.010526 -1.200000 1.263158
v -0.884211 0.456404 1.263158
v -0.884211 -1.200000 1.263158
v -0.757895 0.454345 1.263158
v -0.757895 -1.200000 1.263158
v -0.631579 0.453155 1.263158
v -0.631579 -1.200000 1.263158
v -0.505263 0.453046 1.263158
v -0.505263 -1.200000 1.263158
v -0.378947 0.454143 1.263158
v -0.378947 -1.200000 1.263158
v -0.252632 0.456470 1.263158
v -0.252632 -1.200000 1.263158
v -0.126316 0.459942 1.263158
v -0.126316 -1.200000 1.263158
v 0.000000 0.464370 1.263158
v 0.000000 -1.200000 1.263158
v 0.126316 0.469473 1.263158
v 0.126316 -1.200000 1.263158
v 0.252632 0.474898 1.263158
v 0.252632 -1.200000 1.263158
v 0.378947 0.480251 1.263158
v 0.378947 -1.200000 1.263158
v 0.505263 0.485125 1.263158
v 0.505263 -1.200000 1.263158
v 0.631579 0.489122 1.263158
v 0.631579 -1.200000 1.263158
v 0.757895 0.491875 1.263158
v 0.757895 -1.200000 1.263158
v 0.884211 0.493063 1.263158
v 0.884211 -1.200000 1.263158
v 1.010526 0.492416 1.263158
v 1.010526 -1.200000 1.263158
v 1.136842 0.489722 1.263158
v 1.136842 -1.200000 1.263158
v 1.263158 0.484826 1.263158
v 1.263158 -1.200000 1.263158
v 1.389474 0.477632 1.263158
v 1.389474 -1.200000 1.263158
v 1.515789 0.468100 1.263158
v 1.515789 -1.200000 1.263158
v 1.642105 0.456248 1.263158
v 1.642105 -1.200000 1.263158
v 1.768421 0.442146 1.263158
v 1.768421 -1.200000 1.263158
v 1.894737 0.425917 1.263158
v 1.894737 -1.200000 1.263158
v 2.021053 0.407732 1.263158
v 2.021053 -1.200000 1.263158
v 2.147368 0.387805 1.263158
v 2.147368 -1.200000 1.263158
v 2.273684 0.366386 1.263158
v 2.273684 -1.200000 1.263158
v 2.400000 0.343757 1.263158
v 2.400000 -1.200000 1.263158
v 2.526316 0.320222 1.263158
v 2.526316 -1.200000 1.263158
v 2.652632 0.296100 1.263158
v 2.652632 -1.200000 1.263158
v 2.778947 0.271721 1.263158
v 2.778947 -1.200000 1.263158
v 2.905263 0.247413 1.263158
v 2.905263 -1.200000 1.263158
v 3.031579 0.223499 1.263158
v 3.031579 -1.200000 1.263158
v 3.157895 0.200292 1.263158
v 3.157895 -1.200000 1.263158
v 3.284211 0.178085 1.263158
v 3.284211 -1.200000 1.263158
v 3.410526 0.157148 1.263158
v 3.410526 -1.200000 1.263158
v 3.536842 0.137723 1.263158
v 3.536842 -1.200000 1.263158
v 3.663158 0.120022 1.263158
v 3.663158 -1.200000 1.263158
v 3.789474 0.104218 1.263158
v 3.789474 -1.200000 1.263158
v 3.915789 0.090450 1.263158
v 3.915789 -1.200000 1.263158
v 4.042105 0.078813 1.263158
v 4.042105 -1.200000 1.263158
v 4.168421 0.069363 1.263158
v 4.168421 -1.200000 1.263158
v 4.294737 0.062111 1.263158
v 4.294737 -1.200000 1.263158
v 4.421053 0.057028 1.263158
v 4.421053 -1.200000 1.263158
v 4.547368 0.054042 1.263158
v 4.547368 -1.200000 1.263158
v 4.673684 0.053043 1.263158
v 4.673684 -1.200000 1.263158
v 4.800000 0.053884 1.263158
v 4.800000 -1.200000 1.263158
v -4.800000 0.166052 1.389474
v -4.800000 -1.200000 1.389474
v -4.673684 0.182295 1.389474
v -4.673684 -1.200000 1.389474
v -4.547368 0.198288 1.389474
v -4.547368 -1.200000 1.389474
v -4.421053 0.214019 1.389474
v -4.421053 -1.200000 1.389474
v -4.294737 0.229500 1.389474
v -4.294737 -1.200000 1.389474
v -4.168421 0.244773 1.389474
v -4.168421 -1.200000 1.389474
v -4.042105 0.259898 1.389474
v -4.042105 -1.200000 1.389474
v -3.915789 0.274946 1.389474
v -3.915789 -1.200000 1.389474
v -3.789474 0.289993 1.389474
v -3.789474 -1.200000 1.389474
v -3.663158 0.305106 1.389474
v -3.663158 -1.200000 1.389474
v -3.536842 0.320336 1.389474
v -3.536842 -1.200000 1.389474
v -3.410526 0.335700 1.389474
v -3.410526 -1.200000 1.389474
v -3.284211 0.351181 1.389474
v -3.284211 -1.200000 1.389474
v -3.157895 0.366713 1.389474
v -3.157895 -1.200000 1.389474
v -3.031579 0.382182 1.389474
v -3.031579 -1.200000 1.389474
v -2.905263 0.397427 1.389474
v -2.905263 -1.200000 1.389474
v -2.778947 0.412243 1.389474
v -2.778947 -1.200000 1.389474
v -2.652632 0.426392 1.389474
v -2.652632 -1.200000 1.389474
v -2.526316 0.439617 1.389474
v -2.526316 -1.200000 1.389474
v -2.400000 0.451660 1.389474
v -2.400000 -1.200000 1.389474
v -2.273684 0.462279 1.389474
v -2.273684 -1.200000 1.389474
v -2.147368 0.471267 1.389474
v -2.147368 -1.200000 1.389474
v -2.021053 0.478470 1.389474
v -2.021053 -1.200000 1.389474
v -1.894737 0.483801 1.389474
v -1.894737 -1.200000 1.389474
v -1.768421 0.487248 1.389474
v -1.768421 -1.200000 1.389474
v -1.642105 0.488878 1.389474
v -1.642105 -1.200000 1.389474
v -1.515789 0.488836 1.389474
v -1.515789 -1.200000 1.389474
v -1.389474 0.487336 1.389474
v -1.389474 -1.200000 1.389474
v -1.263158 0.484653 1.389474
v -1.263158 -1.200000 1.389474
v -1.136842 0.481103 1.389474
v -1.136842 -1.200000 1.389474
v -1.010526 0.477028 1.389474
v -1.010526 -1.200000 1.389474
v -0.884211 0.472776 1.389474
v -0.884211 -1.200000 1.389474
v -0.757895 0.468676 1.389474
v -0.757895 -1.200000 1.389474
v -0.631579 0.465022 1.389474
v -0.631579 -1.200000 1.389474
v -0.505263 0.462049 1.389474
v -0.505263 -1.200000 1.389474
v -0.378947 0.459917 1.389474
v -0.378947 -1.200000 1.389474
v -0.252632 0.458698 1.389474
v -0.252632 -1.200000 1.389474
v -0.126316 0.458375 1.389474
v -0.126316 -1.200000 1.389474
v 0.000000 0.458838 1.389474
v 0.000000 -1.200000 1.389474
v 0.126316 0.459901 1.389474
v 0.126316 -1.200000 1.389474
v 0.252632 0.461318 1.389474
v 0.252632 -1.200000 1.389474
v 0.378947 0.462800 1.389474
v 0.378947 -1.200000 1.389474
v 0.505263 0.464043 1.389474
v 0.505263 -1.200000 1.389474
v 0.631579 0.464741 1.389474
v 0.631579 -1.200000 1.389474
v 0.757895 0.464608 1.389474
v 0.757895 -1.200000 1.389474
v 0.884211 0.463387 1.389474
v 0.884211 -1.200000 1.389474
v 1.010526 0.460856 1.389474
v 1.010526 -1.200000 1.389474
v 1.136842 0.456840 1.389474
v 1.136842 -1.200000 1.389474
v 1.263158 0.451204 1.389474
v 1.263158 -1.200000 1.389474
v 1.389474 0.443862 1.389474
v 1.389474 -1.200000 1.389474
v 1.515789 0.434772 1.389474
v 1.515789 -1.200000 1.389474
v 1.642105 0.423937 1.389474
v 1.642105 -1.200000 1.389474
v 1.768421 0.411404 1.389474
v 1.768421 -1.200000 1.389474
v 1.894737 0.397261 1.389474
v 1.894737 -1.200000 1.389474
v 2.021053 0.381631 1.389474
v 2.021053 -1.200000 1.389474
v 2.147368 0.364674 1.389474
v 2.147368 -1.200000 1.389474
v 2.273684 0.346577 1.389474
v 2.273684 -1.200000 1.389474
v 2.400000 0.327550 1.389474
v 2.400000 -1.200000 1.389474
v 2.526316 0.307823 1.389474
v 2.526316 -1.200000 1.389474
v 2.652632 0.287634 1.389474
v 2.652632 -1.200000 1.389474
v 2.778947 0.267233 1.389474
v 2.778947 -1.200000 1.389474
v 2.905263 0.246865 1.389474
v 2.905263 -1.200000 1.389474
v 3.031579 0.226777 1.389474
v 3.031579 -1.200000 1.389474
v 3.157895 0.207202 1.389474
v 3.157895 -1.200000 1.389474
v 3.284211 0.188363 1.389474
v 3.284211 -1.200000 1.389474
v 3.410526 0.170465 1.389474
v 3.410526 -1.200000 1.389474
v 3.536842 0.153692 1.389474
v 3.536842 -1.200000 1.389474
v 3.663158 0.138204 1.389474
v 3.663158 -1.200000 1.389474
v 3.789474 0.124138 1.389474
v 3.789474 -1.200000 1.389474
v 3.915789 0.111597 1.389474
v 3.915789 -1.200000 1.389474
v 4.042105 0.100660 1.389474
v 4.042105 -1.200000 1.389474
v 4.168421 0.091371 1.389474
v 4.168421 -1.200000 1.389474
v 4.294737 0.083744 1.389474
v 4.294737 -1.200000 1.389474
v 4.421053 0.077762 1.389474
v 4.421053 -1.200000 1.389474
v 4.547368 0.073377 1.389474
v 4.547368 -1.200000 1.389474
v 4.673684 0.070512 1.389474
v 4.673684 -1.200000 1.389474
v 4.800000 0.069062 1.389474
v 4.800000 -1.200000 1.389474
v -4.800000 0.145744 1.515789
v -4.800000 -1.200000 1.515789
v -4.673684 0.159288 1.515789
v -4.673684 -1.200000 1.515789
v -4.547368 0.173005 1.515789
v -4.547368 -1.200000 1.515789
v -4.421053 0.186925 1.515789
v -4.421053 -1.200000 1.515789
v -4.294737 0.201097 1.515789
v -4.294737 -1.200000 1.515789
v -4.168421 0.215582 1.515789
v -4.168421 -1.200000 1.515789
v -4.042105 0.230454 1.515789
v -4.042105 -1.200000 1.515789
v -3.915789 0.245785 1.515789
v -3.915789 -1.200000 1.515789
v -3.789474 0.261639 1.515789
v -3.789474 -1.200000 1.515789
v -3.663158 0.278063 1.515789
v -3.663158 -1.200000 1.515789
v -3.536842 0.295073 1.515789
v -3.536842 -1.200000 1.515789
v -3.410526 0.312647 1.515789
v -3.410526 -1.200000 1.515789
v -3.284211 0.330714 1.515789
v -3.284211 -1.200000 1.515789
v -3.157895 0.349151 1.515789
v -3.157895 -1.200000 1.515789
v -3.031579 0.367779 1.515789
v -3.031579 -1.200000 1.515789
v -2.905263 0.386367 1.515789
v -2.905263 -1.200000 1.515789
v -2.778947 0.404635 1.515789
v -2.778947 -1.200000 1.515789
v -2.652632 0.422270 1.515789
v -2.652632 -1.200000 1.515789
v -2.526316 0.438939 1.515789
v -2.526316 -1.200000 1.515789
v -2.400000 0.454310 1.515789
v -2.400000 -1.200000 1.515789
v -2.273684 0.468067 1.515789
v -2.273684 -1.200000 1.515789
v -2.147368 0.479938 1.515789
v -2.147368 -1.200000 1.515789
v -2.021053 0.489707 1.515789
v -2.021053 -1.200000 1.515789
v -1.894737 0.497232 1.515789
v -1.894737 -1.200000 1.515789
v -1.768421 0.502457 1.515789
v -1.768421 -1.200000 1.515789
v -1.642105 0.505414 1.515789
v -1.642105 -1.200000 1.515789
v -1.515789 0.506223 1.515789
v -1.515789 -1.200000 1.515789
v -1.389474 0.505083 1.515789
v -1.389474 -1.200000 1.515789
v -1.263158 0.502261 1.515789
v -1.263158 -1.200000 1.515789
v -1.136842 0.498078 1.515789
v -1.136842 -1.200000 1.515789
v -1.010526 0.492882 1.515789
v -1.010526 -1.200000 1.515789
v -0.884211 0.487037 1.515789
v -0.884211 -1.200000 1.515789
v -0.757895 0.480891 1.515789
v -0.757895 -1.200000 1.515789
v -0.631579 0.474765 1.515789
v -0.631579 -1.200000 1.515789
v -0.505263 0.468927 1.515789
v -0.505263 -1.200000 1.515789
v -0.378947 0.463580 1.515789
v -0.378947 -1.200000 1.515789
v -0.252632 0.458852 1.515789
v -0.252632 -1.200000 1.515789
v -0.126316 0.454794 1.515789
v -0.126316 -1.200000 1.515789
v 0.000000 0.451377 1.515789
v 0.000000 -1.200000 1.515789
v 0.126316 0.448506 1.515789
v 0.126316 -1.200000 1.515789
v 0.252632 0.446031 1.515789
v 0.252632 -1.200000 1.515789
v 0.378947 0.443764 1.515789
v 0.378947 -1.200000 1.515789
v 0.505263 0.441492 1.515789
v 0.505263 -1.200000 1.515789
v 0.631579 0.439000 1.515789
v 0.631579 -1.200000 1.515789
v 0.757895 0.436075 1.515789
v 0.757895 -1.200000 1.515789
v 0.884211 0.432524 1.515789
v 0.884211 -1.200000 1.515789
v 1.010526 0.428179 1.515789
v 1.010526 -1.200000 1.515789
v 1.136842 0.422900 1.515789
v 1.136842 -1.200000 1.515789
v 1.263158 0.416578 1.515789
v 1.263158 -1.200000 1.515789
v 1.389474 0.409139 1.515789
v 1.389474 -1.200000 1.515789
v 1.515789 0.400543 1.515789
v 1.515789 -1.200000 1.515789
v 1.642105 0.390780 1.515789
v 1.642105 -1.200000 1.515789
v 1.768421 0.379875 1.515789
v 1.768421 -1.200000 1.515789
v 1.894737 0.367881 1.515789
v 1.894737 -1.200000 1.515789
v 2.021053 0.354878 1.515789
v 2.021053 -1.200000 1.515789
v 2.147368 0.340968 1.515789
v 2.147368 -1.200000 1.515789
v 2.273684 0.326277 1.515789
v 2.273684 -1.200000 1.515789
v 2.400000 0.310943 1.515789
v 2.400000 -1.200000 1.515789
v 2.526316 0.295119 1.515789
v 2.526316 -1.200000 1.515789
v 2.652632 0.278965 1.515789
v 2.652632 -1.200000 1.515789
v 2.778947 0.262645 1.515789
v 2.778947 -1.200000 1.515789
v 2.905263 0.246324 1.515789
v 2.905263 -1.200000 1.515789
v 3.031579 0.230166 1.515789
v 3.031579 -1.200000 1.515789
v 3.157895 0.214327 1.515789
v 3.157895 -1.200000 1.515789
v 3.284211 0.198954 1.515789
v 3.284211 -1.200000 1.515789
v 3.410526 0.184186 1.515789
v 3.410526 -1.200000 1.515789
v 3.536842 0.170146 1.515789
v 3.536842 -1.200000 1.515789
v 3.663158 0.156943 1.515789
v 3.663158 -1.200000 1.515789
v 3.789474 0.144669 1.515789
v 3.789474 -1.200000 1.515789
v 3.915789 0.133398 1.515789
v 3.915789 -1.200000 1.515789
v 4.042105 0.123184 1.515789
v 4.042105 -1.200000 1.515789
v 4.168421 0.114063 1.515789
v 4.168421 -1.200000 1.515789
v 4.294737 0.106050 1.515789
v 4.294737 -1.200000 1.515789
v 4.421053 0.099140 1.515789
v 4.421053 -1.200000 1.515789
v 4.547368 0.093310 1.515789
v 4.547368 -1.200000 1.515789
v 4.673684 0.088517 1.515789
v 4.673684 -1.200000 1.515789
v 4.800000 0.084699 1.515789
v 4.800000 -1.200000 1.515789
v -4.800000 0.124842 1.642105
v -4.800000 -1.200000 1.642105
v -4.673684 0.135599 1.642105
v -4.673684 -1.200000 1.642105
v -4.547368 0.146954 1.642105
v -4.547368 -1.200000 1.642105
v -4.421053 0.158979 1.642105
v -4.421053 -1.200000 1.642105
v -4.294737 0.171755 1.642105
v -4.294737 -1.200000 1.642105
v -4.168421 0.185368 1.642105
v -4.168421 -1.200000 1.642105
v -4.042105 0.199900 1.642105
v -4.042105 -1.200000 1.642105
v -3.915789 0.215424 1.642105
v -3.915789 -1.200000 1.642105
v -3.789474 0.231991 1.642105
v -3.789474 -1.200000 1.642105
v -3.663158 0.249626 1.642105
v -3.663158 -1.200000 1.642105
v -3.536842 0.268313 1.642105
v -3.536842 -1.200000 1.642105
v -3.410526 0.287986 1.642105
v -3.410526 -1.200000 1.642105
v -3.284211 0.308524 1.642105
v -3.284211 -1.200000 1.642105
v -3.157895 0.329748 1.642105
v -3.157895 -1.200000 1.642105
v -3.031579 0.351415 1.642105
v -3.031579 -1.200000 1.642105
v -2.905263 0.373225 1.642105
v -2.905263 -1.200000 1.642105
v -2.778947 0.394829 1.642105
v -2.778947 -1.200000 1.642105
v -2.652632 0.415843 1.642105
v -2.652632 -1.200000 1.642105
v -2.526316 0.435859 1.642105
v -2.526316 -1.200000 1.642105
v -2.400000 0.454475 1.642105
v -2.400000 -1.200000 1.642105
v -2.273684 0.471307 1.642105
v -2.273684 -1.200000 1.642105
v -2.147368 0.486017 1.642105
v -2.147368 -1.200000 1.642105
v -2.021053 0.498330 1.642105
v -2.021053 -1.200000 1.642105
v -1.894737 0.508051 1.642105
v -1.894737 -1.200000 1.642105
v -1.768421 0.515077 1.642105
v -1.768421 -1.200000 1.642105
v -1.642105 0.519401 1.642105
v -1.642105 -1.200000 1.642105
v -1.515789 0.521115 1.642105
v -1.515789 -1.200000 1.642105
v -1.389474 0.520397 1.642105
v -1.389474 -1.200000 1.642105
v -1.263158 0.517505 1.642105
v -1.263158 -1.200000 1.642105
v -1.136842 0.512755 1.642105
v -1.136842 -1.200000 1.642105
v -1.010526 0.506502 1.642105
v -1.010526 -1.200000 1.642105
v -0.884211 0.499122 1.642105
v -0.884211 -1.200000 1.642105
v -0.757895 0.490987 1.642105
v -0.757895 -1.200000 1.642105
v -0.631579 0.482445 1.642105
v -0.631579 -1.200000 1.642105
v -0.505263 0.473802 1.642105
v -0.505263 -1.200000 1.642105
v -0.378947 0.465310 1.642105
v -0.378947 -1.200000 1.642105
v -0.252632 0.457155 1.642105
v -0.252632 -1.200000 1.642105
v -0.126316 0.449459 1.642105
v -0.126316 -1.200000 1.642105
v 0.000000 0.442271 1.642105
v 0.000000 -1.200000 1.642105
v 0.126316 0.435585 1.642105
v 0.126316 -1.200000 1.642105
v 0.252632 0.429342 1.642105
v 0.252632 -1.200000 1.642105
v 0.378947 0.423445 1.642105
v 0.378947 -1.200000 1.642105
v 0.505263 0.417774 1.642105
v 0.505263 -1.200000 1.642105
v 0.631579 0.412193 1.642105
v 0.631579 -1.200000 1.642105
v 0.757895 0.406566 1.642105
v 0.757895 -1.200000 1.642105
v 0.884211 0.400764 1.642105
v 0.884211 -1.200000 1.642105
v 1.010526 0.394670 1.642105
v 1.010526 -1.200000 1.642105
v 1.136842 0.388182 1.642105
v 1.136842 -1.200000 1.642105
v 1.263158 0.381222 1.642105
v 1.263158 -1.200000 1.642105
v 1.389474 0.373730 1.642105
v 1.389474 -1.200000 1.642105
v 1.515789 0.365667 1.642105
v 1.515789 -1.200000 1.642105
v 1.642105 0.357016 1.642105
v 1.642105 -1.200000 1.642105
v 1.768421 0.347779 1.642105
v 1.768421 -1.200000 1.642105
v 1.894737 0.337976 1.642105
v 1.894737 -1.200000 1.642105
v 2.021053 0.327643 1.642105
v 2.021053 -1.200000 1.642105
v 2.147368 0.316829 1.642105
v 2.147368 -1.200000 1.642105
v 2.273684 0.305594 1.642105
v 2.273684 -1.200000 1.642105
v 2.400000 0.294007 1.642105
v 2.400000 -1.200000 1.642105
v 2.526316 0.282144 1.642105
v 2.526316 -1.200000 1.642105
v 2.652632 0.270084 1.642105
v 2.652632 -1.200000 1.642105
v 2.778947 0.257908 1.642105
v 2.778947 -1.200000 1.642105
v 2.905263 0.245699 1.642105
v 2.905263 -1.200000 1.642105
v 3.031579 0.233535 1.642105
v 3.031579 -1.200000 1.642105
v 3.157895 0.221494 1.642105
v 3.157895 -1.200000 1.642105
v 3.284211 0.209649 1.642105
v 3.284211 -1.200000 1.642105
v 3.410526 0.198068 1.642105
v 3.410526 -1.200000 1.642105
v 3.536842 0.186813 1.642105
v 3.536842 -1.200000 1.642105
v 3.663158 0.175939 1.642105
v 3.663158 -1.200000 1.642105
v 3.789474 0.165494 1.642105
v 3.789474 -1.200000 1.642105
v 3.915789 0.155520 1.642105
v 3.915789 -1.200000 1.642105
v 4.042105 0.146048 1.642105
v 4.042105 -1.200000 1.642105
v 4.168421 0.137102 1.642105
v 4.168421 -1.200000 1.642105
v 4.294737 0.128700 1.642105
v 4.294737 -1.200000 1.642105
v 4.421053 0.120850 1.642105
v 4.421053 -1.200000 1.642105
v 4.547368 0.113550 1.642105
v 4.547368 -1.200000 1.642105
v 4.673684 0.106794 1.642105
v 4.673684 -1.200000 1.642105
v 4.800000 0.100566 1.642105
v 4.800000 -1.200000 1.642105
v -4.800000 0.103609 1.768421
v -4.800000 -1.200000 1.768421
v -4.673684 0.111529 1.768421
v -4.673684 -1.200000 1.768421
v -4.547368 0.120466 1.768421
v -4.547368 -1.200000 1.768421
v -4.421053 0.130536 1.768421
v -4.421053 -1.200000 1.768421
v -4.294737 0.141852 1.768421
v -4.294737 -1.200000 1.768421
v -4.168421 0.154519 1.768421
v -4.168421 -1.200000 1.768421
v -4.042105 0.168630 1.768421
v -4.042105 -1.200000 1.768421
v -3.915789 0.184255 1.768421
v -3.915789 -1.200000 1.768421
v -3.789474 0.201434 1.768421
v -3.789474 -1.200000 1.768421
v -3.663158 0.220168 1.768421
v -3.663158 -1.200000 1.768421
v -3.536842 0.240406 1.768421
v -3.536842 -1.200000 1.768421
v -3.410526 0.262044 1.768421
v -3.410526 -1.200000 1.768421
v -3.284211 0.284910 1.768421
v -3.284211 -1.200000 1.768421
v -3.157895 0.308769 1.768421
v -3.157895 -1.200000 1.768421
v -3.031579 0.333317 1.768421
v -3.031579 -1.200000 1.768421
v -2.905263 0.358192 1.768421
v -2.905263 -1.200000 1.768421
v -2.778947 0.382976 1.768421
v -2.778947 -1.200000 1.768421
v -2.652632 0.407218 1.768421
v -2.652632 -1.200000 1.768421
v -2.526316 0.430444 1.768421
v -2.526316 -1.200000 1.768421
v -2.400000 0.452183 1.768421
v -2.400000 -1.200000 1.768421
v -2.273684 0.471987 1.768421
v -2.273684 -1.200000 1.768421
v -2.147368 0.489457 1.768421
v -2.147368 -1.200000 1.768421
v -2.021053 0.504261 1.768421
v -2.021053 -1.200000 1.768421
v -1.894737 0.516151 1.768421
v -1.894737 -1.200000 1.768421
v -1.768421 0.524977 1.768421
v -1.768421 -1.200000 1.768421
v -1.642105 0.530695 1.768421
v -1.642105 -1.200000 1.768421
v -1.515789 0.533362 1.768421
v -1.515789 -1.200000 1.768421
v -1.389474 0.533133 1.768421
v -1.389474 -1.200000 1.768421
v -1.263158 0.530251 1.768421
v -1.263158 -1.200000 1.768421
v -1.136842 0.525023 1.768421
v -1.136842 -1.200000 1.768421
v -1.010526 0.517810 1.768421
v -1.010526 -1.200000 1.768421
v -0.884211 0.508996 1.768421
v -0.884211 -1.200000 1.768421
v -0.757895 0.498974 1.768421
v -0.757895 -1.200000 1.768421
v -0.631579 0.488121 1.768421
v -0.631579 -1.200000 1.768421
v -0.505263 0.476784 1.768421
v -0.505263 -1.200000 1.768421
v -0.378947 0.465263 1.768421
v -0.378947 -1.200000 1.768421
v -0.252632 0.453806 1.768421
v -0.252632 -1.200000 1.768421
v -0.126316 0.442600 1.768421
v -0.126316 -1.200000 1.768421
v 0.000000 0.431778 1.768421
v 0.000000 -1.200000 1.768421
v 0.126316 0.421413 1.768421
v 0.126316 -1.200000 1.768421
v 0.252632 0.411537 1.768421
v 0.252632 -1.200000 1.768421
v 0.378947 0.402140 1.768421
v 0.378947 -1.200000 1.768421
v 0.505263 0.393188 1.768421
v 0.505263 -1.200000 1.768421
v 0.631579 0.384626 1.768421
v 0.631579 -1.200000 1.768421
v 0.757895 0.376391 1.768421
v 0.757895 -1.200000 1.768421
v 0.884211 0.368416 1.768421
v 0.884211 -1.200000 1.768421
v 1.010526 0.360638 1.768421
v 1.010526 -1.200000 1.768421
v 1.136842 0.352997 1.768421
v 1.136842 -1.200000 1.768421
v 1.263158 0.345443 1.768421
v 1.263158 -1.200000 1.768421
v 1.389474 0.337933 1.768421
v 1.389474 -1.200000 1.768421
v 1.515789 0.330433 1.768421
v 1.515789 -1.200000 1.768421
v 1.642105 0.322919 1.768421
v 1.642105 -1.200000 1.768421
v 1.768421 0.315371 1.768421
v 1.768421 -1.200000 1.768421
v 1.894737 0.307777 1.768421
v 1.894737 -1.200000 1.768421
v 2.021053 0.300130 1.768421
v 2.021053 -1.200000 1.768421
v 2.147368 0.292425 1.768421
v 2.147368 -1.200000 1.768421
v 2.273684 0.284661 1.768421
v 2.273684 -1.200000 1.768421
v 2.400000 0.276835 1.768421
v 2.400000 -1.200000 1.768421
v 2.526316 0.268948 1.768421
v 2.526316 -1.200000 1.768421
v 2.652632 0.260999 1.768421
v 2.652632 -1.200000 1.768421
v 2.778947 0.252985 1.768421
v 2.778947 -1.200000 1.768421
v 2.905263 0.244905 1.768421
v 2.905263 -1.200000 1.768421
v 3.031579 0.236756 1.768421
v 3.031579 -1.200000 1.768421
v 3.157895 0.228535 1.768421
v 3.157895 -1.200000 1.768421
v 3.284211 0.220238 1.768421
v 3.284211 -1.200000 1.768421
v 3.410526 0.211865 1.768421
v 3.410526 -1.200000 1.768421
v 3.536842 0.203415 1.768421
v 3.536842 -1.200000 1.768421
v 3.663158 0.194889 1.768421
v 3.663158 -1.200000 1.768421
v 3.789474 0.186291 1.768421
v 3.789474 -1.200000 1.768421
v 3.915789 0.177627 1.768421
v 3.915789 -1.200000 1.768421
v 4.042105 0.168908 1.768421
v 4.042105 -1.200000 1.768421
v 4.168421 0.160147 1.768421
v 4.168421 -1.200000 1.768421
v 4.294737 0.151360 1.768421
v 4.294737 -1.200000 1.768421
v 4.421053 0.142569 1.768421
v 4.421053 -1.200000 1.768421
v 4.547368 0.133798 1.768421
v 4.547368 -1.200000 1.768421
v 4.673684 0.125073 1.768421
v 4.673684 -1.200000 1.768421
v 4.800000 0.116425 1.768421
v 4.800000 -1.200000 1.768421
v -4.800000 0.082312 1.894737
v -4.800000 -1.200000 1.894737
v -4.673684 0.087383 1.894737
v -4.673684 -1.200000 1.894737
v -4.547368 0.093881 1.894737
v -4.547368 -1.200000 1.894737
v -4.421053 0.101964 1.894737
v -4.421053 -1.200000 1.894737
v -4.294737 0.111773 1.894737
v -4.294737 -1.200000 1.894737
v -4.168421 0.123436 1.894737
v -4.168421 -1.200000 1.894737
v -4.042105 0.137052 1.894737
v -4.042105 -1.200000 1.894737
v -3.915789 0.152690 1.894737
v -3.915789 -1.200000 1.894737
v -3.789474 0.170375 1.894737
v -3.789474 -1.200000 1.894737
v -3.663158 0.190085 1.894737
v -3.663158 -1.200000 1.894737
v -3.536842 0.211737 1.894737
v -3.536842 -1.200000 1.894737
v -3.410526 0.235185 1.894737
v -3.410526 -1.200000 1.894737
v -3.284211 0.260210 1.894737
v -3.284211 -1.200000 1.894737
v -3.157895 0.286525 1.894737
v -3.157895 -1.200000 1.894737
v -3.031579 0.313768 1.894737
v -3.031579 -1.200000 1.894737
v -2.905263 0.341516 1.894737
v -2.905263 -1.200000 1.894737
v -2.778947 0.369291 1.894737
v -2.778947 -1.200000 1.894737
v -2.652632 0.396576 1.894737
v -2.652632 -1.200000 1.894737
v -2.526316 0.422837 1.894737
v -2.526316 -1.200000 1.894737
v -2.400000 0.447541 1.894737
v -2.400000 -1.200000 1.894737
v -2.273684 0.470181 1.894737
v -2.273684 -1.200000 1.894737
v -2.147368 0.490299 1.894737
v -2.147368 -1.200000 1.894737
v -2.021053 0.507509 1.894737
v -2.021053 -1.200000 1.894737
v -1.894737 0.521514 1.894737
v -1.894737 -1.200000 1.894737
v -1.768421 0.532119 1.894737
v -1.768421 -1.200000 1.894737
v -1.642105 0.539237 1.894737
v -1.642105 -1.200000 1.894737
v -1.515789 0.542893 1.894737
v -1.515789 -1.200000 1.894737
v -1.389474 0.543216 1.894737
v -1.389474 -1.200000 1.894737
v -1.263158 0.540427 1.894737
v -1.263158 -1.200000 1.894737
v -1.136842 0.534825 1.894737
v -1.136842 -1.200000 1.894737
v -1.010526 0.526767 1.894737
v -1.010526 -1.200000 1.894737
v -0.884211 0.516646 1.894737
v -0.884211 -1.200000 1.894737
v -0.757895 0.504873 1.894737
v -0.757895 -1.200000 1.894737
v -0.631579 0.491853 1.894737
v -0.631579 -1.200000 1.894737
v -0.505263 0.477971 1.894737
v -0.505263 -1.200000 1.894737
v -0.378947 0.463575 1.894737
v -0.378947 -1.200000 1.894737
v -0.252632 0.448973 1.894737
v -0.252632 -1.200000 1.894737
v -0.126316 0.434421 1.894737
v -0.126316 -1.200000 1.894737
v 0.000000 0.420124 1.894737
v 0.000000 -1.200000 1.894737
v 0.126316 0.406240 1.894737
v 0.126316 -1.200000 1.894737
v 0.252632 0.392883 1.894737
v 0.252632 -1.200000 1.894737
v 0.378947 0.380130 1.894737
v 0.378947 -1.200000 1.894737
v 0.505263 0.368029 1.894737
v 0.505263 -1.200000 1.894737
v 0.631579 0.356604 1.894737
v 0.631579 -1.200000 1.894737
v 0.757895 0.345864 1.894737
v 0.757895 -1.200000 1.894737
v 0.884211 0.335804 1.894737
v 0.884211 -1.200000 1.894737
v 1.010526 0.326414 1.894737
v 1.010526 -1.200000 1.894737
v 1.136842 0.317677 1.894737
v 1.136842 -1.200000 1.894737
v 1.263158 0.309573 1.894737
v 1.263158 -1.200000 1.894737
v 1.389474 0.302076 1.894737
v 1.389474 -1.200000 1.894737
v 1.515789 0.295159 1.894737
v 1.515789 -1.200000 1.894737
v 1.642105 0.288790 1.894737
v 1.642105 -1.200000 1.894737
v 1.768421 0.282931 1.894737
v 1.768421 -1.200000 1.894737
v 1.894737 0.277539 1.894737
v 1.894737 -1.200000 1.894737
v 2.021053 0.272564 1.894737
v 2.021053 -1.200000 1.894737
v 2.147368 0.267949 1.894737
v 2.147368 -1.200000 1.894737
v 2.273684 0.263631 1.894737
v 2.273684 -1.200000 1.894737
v 2.400000 0.259540 1.894737
v 2.400000 -1.200000 1.894737
v 2.526316 0.255600 1.894737
v 2.526316 -1.200000 1.894737
v 2.652632 0.251732 1.894737
v 2.652632 -1.200000 1.894737
v 2.778947 0.247850 1.894737
v 2.778947 -1.200000 1.894737
v 2.905263 0.243872 1.894737
v 2.905263 -1.200000 1.894737
v 3.031579 0.239711 1.894737
v 3.031579 -1.200000 1.894737
v 3.157895 0.235285 1.894737
v 3.157895 -1.200000 1.894737
v 3.284211 0.230517 1.894737
v 3.284211 -1.200000 1.894737
v 3.410526 0.225336 1.894737
v 3.410526 -1.200000 1.894737
v 3.536842 0.219678 1.894737
v 3.536842 -1.200000 1.894737
v 3.663158 0.213491 1.894737
v 3.663158 -1.200000 1.894737
v 3.789474 0.206735 1.894737
v 3.789474 -1.200000 1.894737
v 3.915789 0.199382 1.894737
v 3.915789 -1.200000 1.894737
v 4.042105 0.191421 1.894737
v 4.042105 -1.200000 1.894737
v 4.168421 0.182852 1.894737
v 4.168421 -1.200000 1.894737
v 4.294737 0.173693 1.894737
v 4.294737 -1.200000 1.894737
v 4.421053 0.163978 1.894737
v 4.421053 -1.200000 1.894737
v 4.547368 0.153754 1.894737
v 4.547368 -1.200000 1.894737
v 4.673684 0.143083 1.894737
v 4.673684 -1.200000 1.894737
v 4.800000 0.132040 1.894737
v 4.800000 -1.200000 1.894737
v -4.800000 0.061222 2.021053
v -4.800000 -1.200000 2.021053
v -4.673684 0.063468 2.021053
v -4.673684 -1.200000 2.021053
v -4.547368 0.067539 2.021053
v -4.547368 -1.200000 2.021053
v -4.421053 0.073630 2.021053
v -4.421053 -1.200000 2.021053
v -4.294737 0.081911 2.021053
v -4.294737 -1.200000 2.021053
v -4.168421 0.092528 2.021053
v -4.168421 -1.200000 2.021053
v -4.042105 0.105587 2.021053
v -4.042105 -1.200000 2.021053
v -3.915789 0.121152 2.021053
v -3.915789 -1.200000 2.021053
v -3.789474 0.139237 2.021053
v -3.789474 -1.200000 2.021053
v -3.663158 0.159794 2.021053
v -3.663158 -1.200000 2.021053
v -3.536842 0.182710 2.021053
v -3.536842 -1.200000 2.021053
v -3.410526 0.207798 2.021053
v -3.410526 -1.200000 2.021053
v -3.284211 0.234797 2.021053
v -3.284211 -1.200000 2.021053
v -3.157895 0.263366 2.021053
v -3.157895 -1.200000 2.021053
v -3.031579 0.293092 2.021053
v -3.031579 -1.200000 2.021053
v -2.905263 0.323495 2.021053
v -2.905263 -1.200000 2.021053
v -2.778947 0.354041 2.021053
v -2.778947 -1.200000 2.021053
v -2.652632 0.384156 2.021053
v -2.652632 -1.200000 2.021053
v -2.526316 0.413248 2.021053
v -2.526316 -1.200000 2.021053
v -2.400000 0.440729 2.021053
v -2.400000 -1.200000 2.021053
v -2.273684 0.466035 2.021053
v -2.273684 -1.200000 2.021053
v -2.147368 0.488659 2.021053
v -2.147368 -1.200000 2.021053
v -2.021053 0.508163 2.021053
v -2.021053 -1.200000 2.021053
v -1.894737 0.524203 2.021053
v -1.894737 -1.200000 2.021053
v -1.768421 0.536539 2.021053
v -1.768421 -1.200000 2.021053
v -1.642105 0.545045 2.021053
v -1.642105 -1.200000 2.021053
v -1.515789 0.549710 2.021053
v -1.515789 -1.200000 2.021053
v -1.389474 0.550635 2.021053
v -1.389474 -1.200000 2.021053
v -1.263158 0.548019 2.021053
v -1.263158 -1.200000 2.021053
v -1.136842 0.542147 2.021053
v -1.136842 -1.200000 2.021053
v -1.010526 0.533370 2.021053
v -1.010526 -1.200000 2.021053
v -0.884211 0.522086 2.021053
v -0.884211 -1.200000 2.021053
v -0.757895 0.508719 2.021053
v -0.757895 -1.200000 2.021053
v -0.631579 0.493701 2.021053
v -0.631579 -1.200000 2.021053
v -0.505263 0.477450 2.021053
v -0.505263 -1.200000 2.021053
v -0.378947 0.460364 2.021053
v -0.378947 -1.200000 2.021053
v -0.252632 0.442805 2.021053
v -0.252632 -1.200000 2.021053
v -0.126316 0.425095 2.021053
v -0.126316 -1.200000 2.021053
v 0.000000 0.407512 2.021053
v 0.000000 -1.200000 2.021053
v 0.126316 0.390292 2.021053
v 0.126316 -1.200000 2.021053
v 0.252632 0.373630 2.021053
v 0.252632 -1.200000 2.021053
v 0.378947 0.357686 2.021053
v 0.378947 -1.200000 2.021053
v 0.505263 0.342587 2.021053
v 0.505263 -1.200000 2.021053
v 0.631579 0.328435 2.021053
v 0.631579 -1.200000 2.021053
v 0.757895 0.315307 2.021053
v 0.757895 -1.200000 2.021053
v 0.884211 0.303262 2.021053
v 0.884211 -1.200000 2.021053
v 1.010526 0.292341 2.021053
v 1.010526 -1.200000 2.021053
v 1.136842 0.282570 2.021053
v 1.136842 -1.200000 2.021053
v 1.263158 0.273960 2.021053
v 1.263158 -1.200000 2.021053
v 1.389474 0.266504 2.021053
v 1.389474 -1.200000 2.021053
v 1.515789 0.260180 2.021053
v 1.515789 -1.200000 2.021053
v 1.642105 0.254952 2.021053
v 1.642105 -1.200000 2.021053
v 1.768421 0.250762 2.021053
v 1.768421 -1.200000 2.021053
v 1.894737 0.247538 2.021053
v 1.894737 -1.200000 2.021053
v 2.021053 0.245189 2.021053
v 2.021053 -1.200000 2.021053
v 2.147368 0.243609 2.021053
v 2.147368 -1.200000 2.021053
v 2.273684 0.242673 2.021053
v 2.273684 -1.200000 2.021053
v 2.400000 0.242246 2.021053
v 2.400000 -1.200000 2.021053
v 2.526316 0.242179 2.021053
v 2.526316 -1.200000 2.021053
v 2.652632 0.242314 2.021053
v 2.652632 -1.200000 2.021053
v 2.778947 0.242487 2.021053
v 2.778947 -1.200000 2.021053
v 2.905263 0.242533 2.021053
v 2.905263 -1.200000 2.021053
v 3.031579 0.242287 2.021053
v 3.031579 -1.200000 2.021053
v 3.157895 0.241589 2.021053
v 3.157895 -1.200000 2.021053
v 3.284211 0.240287 2.021053
v 3.284211 -1.200000 2.021053
v 3.410526 0.238242 2.021053
v 3.410526 -1.200000 2.021053
v 3.536842 0.235331 2.021053
v 3.536842 -1.200000 2.021053
v 3.663158 0.231448 2.021053
v 3.663158 -1.200000 2.021053
v 3.789474 0.226508 2.021053
v 3.789474 -1.200000 2.021053
v 3.915789 0.220452 2.021053
v 3.915789 -1.200000 2.021053
v 4.042105 0.213245 2.021053
v 4.042105 -1.200000 2.021053
v 4.168421 0.204877 2.021053
v 4.168421 -1.200000 2.021053
v 4.294737 0.195366 2.021053
v 4.294737 -1.200000 2.021053
v 4.421053 0.184757 2.021053
v 4.421053 -1.200000 2.021053
v 4.547368 0.173121 2.021053
v 4.547368 -1.200000 2.021053
v 4.673684 0.160555 2.021053
v 4.673684 -1.200000 2.021053
v 4.800000 0.147177 2.021053
v 4.800000 -1.200000 2.021053
v -4.800000 0.040602 2.147368
v -4.800000 -1.200000 2.147368
v -4.673684 0.040089 2.147368
v -4.673684 -1.200000 2.147368
v -4.547368 0.041779 2.147368
v -4.547368 -1.200000 2.147368
v -4.421053 0.045901 2.147368
v -4.421053 -1.200000 2.147368
v -4.294737 0.052655 2.147368
v -4.294737 -1.200000 2.147368
v -4.168421 0.062201 2.147368
v -4.168421 -1.200000 2.147368
v -4.042105 0.074652 2.147368
v -4.042105 -1.200000 2.147368
v -3.915789 0.090068 2.147368
v -3.915789 -1.200000 2.147368
v -3.789474 0.108447 2.147368
v -3.789474 -1.200000 2.147368
v -3.663158 0.129720 2.147368
v -3.663158 -1.200000 2.147368
v -3.536842 0.153742 2.147368
v -3.536842 -1.200000 2.147368
v -3.410526 0.180291 2.147368
v -3.410526 -1.200000 2.147368
v -3.284211 0.209061 2.147368
v -3.284211 -1.200000 2.147368
v -3.157895 0.239666 2.147368
v -3.157895 -1.200000 2.147368
v -3.031579 0.271644 2.147368
v -3.031579 -1.200000 2.147368
v -2.905263 0.304463 2.147368
v -2.905263 -1.200000 2.147368
v -2.778947 0.337538 2.147368
v -2.778947 -1.200000 2.147368
v -2.652632 0.370244 2.147368
v -2.652632 -1.200000 2.147368
v -2.526316 0.401936 2.147368
v -2.526316 -1.200000 2.147368
v -2.400000 0.431977 2.147368
v -2.400000 -1.200000 2.147368
v -2.273684 0.459756 2.147368
v -2.273684 -1.200000 2.147368
v -2.147368 0.484716 2.147368
v -2.147368 -1.200000 2.147368
v -2.021053 0.506375 2.147368
v -2.021053 -1.200000 2.147368
v -1.894737 0.524342 2.147368
v -1.894737 -1.200000 2.147368
v -1.768421 0.538337 2.147368
v -1.768421 -1.200000 2.147368
v -1.642105 0.548196 2.147368
v -1.642105 -1.200000 2.147368
v -1.515789 0.553872 2.147368
v -1.515789 -1.200000 2.147368
v -1.389474 0.555435 2.147368
v -1.389474 -1.200000 2.147368
v -1.263158 0.553062 2.147368
v -1.263158 -1.200000 2.147368
v -1.136842 0.547018 2.147368
v -1.136842 -1.200000 2.147368
v -1.010526 0.537649 2.147368
v -1.010526 -1.200000 2.147368
v -0.884211 0.525351 2.147368
v -0.884211 -1.200000 2.147368
v -0.757895 0.510560 2.147368
v -0.757895 -1.200000 2.147368
v -0.631579 0.493728 2.147368
v -0.631579 -1.200000 2.147368
v -0.505263 0.475308 2.147368
v -0.505263 -1.200000 2.147368
v -0.378947 0.455739 2.147368
v -0.378947 -1.200000 2.147368
v -0.252632 0.435436 2.147368
v -0.252632 -1.200000 2.147368
v -0.126316 0.414783 2.147368
v -0.126316 -1.200000 2.147368
v 0.000000 0.394128 2.147368
v 0.000000 -1.200000 2.147368
v 0.126316 0.373780 2.147368
v 0.126316 -1.200000 2.147368
v 0.252632 0.354014 2.147368
v 0.252632 -1.200000 2.147368
v 0.378947 0.335067 2.147368
v 0.378947 -1.200000 2.147368
v 0.505263 0.317144 2.147368
v 0.505263 -1.200000 2.147368
v 0.631579 0.300419 2.147368
v 0.631579 -1.200000 2.147368
v 0.757895 0.285039 2.147368
v 0.757895 -1.200000 2.147368
v 0.884211 0.271124 2.147368
v 0.884211 -1.200000 2.147368
v 1.010526 0.258765 2.147368
v 1.010526 -1.200000 2.147368
v 1.136842 0.248031 2.147368
v 1.136842 -1.200000 2.147368
v 1.263158 0.238962 2.147368
v 1.263158 -1.200000 2.147368
v 1.389474 0.231570 2.147368
v 1.389474 -1.200000 2.147368
v 1.515789 0.225842 2.147368
v 1.515789 -1.200000 2.147368
v 1.642105 0.221734 2.147368
v 1.642105 -1.200000 2.147368
v 1.768421 0.219173 2.147368
v 1.768421 -1.200000 2.147368
v 1.894737 0.218058 2.147368
v 1.894737 -1.200000 2.147368
v 2.021053 0.218260 2.147368
v 2.021053 -1.200000 2.147368
v 2.147368 0.219622 2.147368
v 2.147368 -1.200000 2.147368
v 2.273684 0.221966 2.147368
v 2.273684 -1.200000 2.147368
v 2.400000 0.225089 2.147368
v 2.400000 -1.200000 2.147368
v 2.526316 0.228772 2.147368
v 2.526316 -1.200000 2.147368
v 2.652632 0.232785 2.147368
v 2.652632 -1.200000 2.147368
v 2.778947 0.236887 2.147368
v 2.778947 -1.200000 2.147368
v 2.905263 0.240833 2.147368
v 2.905263 -1.200000 2.147368
v 3.031579 0.244381 2.147368
v 3.031579 -1.200000 2.147368
v 3.157895 0.247296 2.147368
v 3.157895 -1.200000 2.147368
v 3.284211 0.249356 2.147368
v 3.284211 -1.200000 2.147368
v 3.410526 0.250356 2.147368
v 3.410526 -1.200000 2.147368
v 3.536842 0.250112 2.147368
v 3.536842 -1.200000 2.147368
v 3.663158 0.248469 2.147368
v 3.663158 -1.200000 2.147368
v 3.789474 0.245300 2.147368
v 3.789474 -1.200000 2.147368
v 3.915789 0.240512 2.147368
v 3.915789 -1.200000 2.147368
v 4.042105 0.234048 2.147368
v 4.042105 -1.200000 2.147368
v 4.168421 0.225889 2.147368
v 4.168421 -1.200000 2.147368
v 4.294737 0.216052 2.147368
v 4.294737 -1.200000 2.147368
v 4.421053 0.204594 2.147368
v 4.421053 -1.200000 2.147368
v 4.547368 0.191609 2.147368
v 4.547368 -1.200000 2.147368
v 4.673684 0.177225 2.147368
v 4.673684 -1.200000 2.147368
v 4.800000 0.161604 2.147368
v 4.800000 -1.200000 2.147368
v -4.800000 0.020711 2.273684
v -4.800000 -1.200000 2.273684
v -4.673684 0.017542 2.273684
v -4.673684 -1.200000 2.273684
v -4.547368 0.016928 2.273684
v -4.547368 -1.200000 2.273684
v -4.421053 0.019135 2.273684
v -4.421053 -1.200000 2.273684
v -4.294737 0.024386 2.273684
v -4.294737 -1.200000 2.273684
v -4.168421 0.032855 2.273684
v -4.168421 -1.200000 2.273684
v -4.042105 0.044660 2.273684
v -4.042105 -1.200000 2.273684
v -3.915789 0.059857 2.273684
v -3.915789 -1.200000 2.273684
v -3.789474 0.078429 2.273684
v -3.789474 -1.200000 2.273684
v -3.663158 0.100286 2.273684
v -3.663158 -1.200000 2.273684
v -3.536842 0.125254 2.273684
v -3.536842 -1.200000 2.273684
v -3.410526 0.153075 2.273684
v -3.410526 -1.200000 2.273684
v -3.284211 0.183404 2.273684
v -3.284211 -1.200000 2.273684
v -3.157895 0.215813 2.273684
v -3.157895 -1.200000 2.273684
v -3.031579 0.249795 2.273684
v -3.031579 -1.200000 2.273684
v -2.905263 0.284773 2.273684
v -2.905263 -1.200000 2.273684
v -2.778947 0.320115 2.273684
v -2.778947 -1.200000 2.273684
v -2.652632 0.355151 2.273684
v -2.652632 -1.200000 2.273684
v -2.526316 0.389192 2.273684
v -2.526316 -1.200000 2.273684
v -2.400000 0.421555 2.273684
v -2.400000 -1.200000 2.273684
v -2.273684 0.451588 2.273684
v -2.273684 -1.200000 2.273684
v -2.147368 0.478690 2.273684
v -2.147368 -1.200000 2.273684
v -2.021053 0.502337 2.273684
v -2.021053 -1.200000 2.273684
v -1.894737 0.522100 2.273684
v -1.894737 -1.200000 2.273684
v -1.768421 0.537660 2.273684
v -1.768421 -1.200000 2.273684
v -1.642105 0.548813 2.273684
v -1.642105 -1.200000 2.273684
v -1.515789 0.555480 2.273684
v -1.515789 -1.200000 2.273684
v -1.389474 0.557701 2.273684
v -1.389474 -1.200000 2.273684
v -1.263158 0.555624 2.273684
v -1.263158 -1.200000 2.273684
v -1.136842 0.549500 2.273684
v -1.136842 -1.200000 2.273684
v -1.010526 0.539659 2.273684
v -1.010526 -1.200000 2.273684
v -0.884211 0.526497 2.273684
v -0.884211 -1.200000 2.273684
v -0.757895 0.510456 2.273684
v -0.757895 -1.200000 2.273684
v -0.631579 0.492007 2.273684
v -0.631579 -1.200000 2.273684
v -0.505263 0.471629 2.273684
v -0.505263 -1.200000 2.273684
v -0.378947 0.449802 2.273684
v -0.378947 -1.200000 2.273684
v -0.252632 0.426990 2.273684
v -0.252632 -1.200000 2.273684
v -0.126316 0.403633 2.273684
v -0.126316 -1.200000 2.273684
v 0.000000 0.380144 2.273684
v 0.000000 -1.200000 2.273684
v 0.126316 0.356903 2.273684
v 0.126316 -1.200000 2.273684
v 0.252632 0.334258 2.273684
v 0.252632 -1.200000 2.273684
v 0.378947 0.312522 2.273684
v 0.378947 -1.200000 2.273684
v 0.505263 0.291972 2.273684
v 0.505263 -1.200000 2.273684
v 0.631579 0.272853 2.273684
v 0.631579 -1.200000 2.273684
v 0.757895 0.255379 2.273684
v 0.757895 -1.200000 2.273684
v 0.884211 0.239724 2.273684
v 0.884211 -1.200000 2.273684
v 1.010526 0.226034 2.273684
v 1.010526 -1.200000 2.273684
v 1.136842 0.214414 2.273684
v 1.136842 -1.200000 2.273684
v 1.263158 0.204936 2.273684
v 1.263158 -1.200000 2.273684
v 1.389474 0.197631 2.273684
v 1.389474 -1.200000 2.273684
v 1.515789 0.192491 2.273684
v 1.515789 -1.200000 2.273684
v 1.642105 0.189470 2.273684
v 1.642105 -1.200000 2.273684
v 1.768421 0.188477 2.273684
v 1.768421 -1.200000 2.273684
v 1.894737 0.189387 2.273684
v 1.894737 -1.200000 2.273684
v 2.021053 0.192032 2.273684
v 2.021053 -1.200000 2.273684
v 2.147368 0.196211 2.273684
v 2.147368 -1.200000 2.273684
v 2.273684 0.201689 2.273684
v 2.273684 -1.200000 2.273684
v 2.400000 0.208206 2.273684
v 2.400000 -1.200000 2.273684
v 2.526316 0.215475 2.273684
v 2.526316 -1.200000 2.273684
v 2.652632 0.223193 2.273684
v 2.652632 -1.200000 2.273684
v 2.778947 0.231048 2.273684
v 2.778947 -1.200000 2.273684
v 2.905263 0.238721 2.273684
v 2.905263 -1.200000 2.273684
v 3.031579 0.245896 2.273684
v 3.031579 -1.200000 2.273684
v 3.157895 0.252267 2.273684
v 3.157895 -1.200000 2.273684
v 3.284211 0.257544 2.273684
v 3.284211 -1.200000 2.273684
v 3.410526 0.261458 2.273684
v 3.410526 -1.200000 2.273684
v 3.536842 0.263771 2.273684
v 3.536842 -1.200000 2.273684
v 3.663158 0.264277 2.273684
v 3.663158 -1.200000 2.273684
v 3.789474 0.262811 2.273684
v 3.789474 -1.200000 2.273684
v 3.915789 0.259247 2.273684
v 3.915789 -1.200000 2.273684
v 4.042105 0.253509 2.273684
v 4.042105 -1.200000 2.273684
v 4.168421 0.245567 2.273684
v 4.168421 -1.200000 2.273684
v 4.294737 0.235438 2.273684
v 4.294737 -1.200000 2.273684
v 4.421053 0.223190 2.273684
v 4.421053 -1.200000 2.273684
v 4.547368 0.208937 2.273684
v 4.547368 -1.200000 2.273684
v 4.673684 0.192841 2.273684
v 4.673684 -1.200000 2.273684
v 4.800000 0.175101 2.273684
v 4.800000 -1.200000 2.273684
v -4.800000 0.001796 2.400000
v -4.800000 -1.200000 2.400000
v -4.673684 -0.003891 2.400000
v -4.673684 -1.200000 2.400000
v -4.547368 -0.006697 2.400000
v -4.547368 -1.200000 2.400000
v -4.421053 -0.006325 2.400000
v -4.421053 -1.200000 2.400000
v -4.294737 -0.002530 2.400000
v -4.294737 -1.200000 2.400000
v -4.168421 0.004874 2.400000
v -4.168421 -1.200000 2.400000
v -4.042105 0.016010 2.400000
v -4.042105 -1.200000 2.400000
v -3.915789 0.030926 2.400000
v -3.915789 -1.200000 2.400000
v -3.789474 0.049596 2.400000
v -3.789474 -1.200000 2.400000
v -3.663158 0.071905 2.400000
v -3.663158 -1.200000 2.400000
v -3.536842 0.097654 2.400000
v -3.536842 -1.200000 2.400000
v -3.410526 0.126553 2.400000
v -3.410526 -1.200000 2.400000
v -3.284211 0.158221 2.400000
v -3.284211 -1.200000 2.400000
v -3.157895 0.192192 2.400000
v -3.157895 -1.200000 2.400000
v -3.031579 0.227918 2.400000
v -3.031579 -1.200000 2.400000
v -2.905263 0.264783 2.400000
v -2.905263 -1.200000 2.400000
v -2.778947 0.302115 2.400000
v -2.778947 -1.200000 2.400000
v -2.652632 0.339203 2.400000
v -2.652632 -1.200000 2.400000
v -2.526316 0.375321 2.400000
v -2.526316 -1.200000 2.400000
v -2.400000 0.409747 2.400000
v -2.400000 -1.200000 2.400000
v -2.273684 0.441793 2.400000
v -2.273684 -1.200000 2.400000
v -2.147368 0.470820 2.400000
v -2.147368 -1.200000 2.400000
v -2.021053 0.496269 2.400000
v -2.021053 -1.200000 2.400000
v -1.894737 0.517673 2.400000
v -1.894737 -1.200000 2.400000
v -1.768421 0.534677 2.400000
v -1.768421 -1.200000 2.400000
v -1.642105 0.547045 2.400000
v -1.642105 -1.200000 2.400000
v -1.515789 0.554663 2.400000
v -1.515789 -1.200000 2.400000
v -1.389474 0.557540 2.400000
v -1.389474 -1.200000 2.400000
v -1.263158 0.555800 2.400000
v -1.263158 -1.200000 2.400000
v -1.136842 0.549671 2.400000
v -1.136842 -1.200000 2.400000
v -1.010526 0.539471 2.400000
v -1.010526 -1.200000 2.400000
v -0.884211 0.525591 2.400000
v -0.884211 -1.200000 2.400000
v -0.757895 0.508476 2.400000
v -0.757895 -1.200000 2.400000
v -0.631579 0.488610 2.400000
v -0.631579 -1.200000 2.400000
v -0.505263 0.466499 2.400000
v -0.505263 -1.200000 2.400000
v -0.378947 0.442654 2.400000
v -0.378947 -1.200000 2.400000
v -0.252632 0.417584 2.400000
v -0.252632 -1.200000 2.400000
v -0.126316 0.391782 2.400000
v -0.126316 -1.200000 2.400000
v 0.000000 0.365722 2.400000
v 0.000000 -1.200000 2.400000
v 0.126316 0.339847 2.400000
v 0.126316 -1.200000 2.400000
v 0.252632 0.314575 2.400000
v 0.252632 -1.200000 2.400000
v 0.378947 0.290288 2.400000
v 0.378947 -1.200000 2.400000
v 0.505263 0.267334 2.400000
v 0.505263 -1.200000 2.400000
v 0.631579 0.246024 2.400000
v 0.631579 -1.200000 2.400000
v 0.757895 0.226631 2.400000
v 0.757895 -1.200000 2.400000
v 0.884211 0.209387 2.400000
v 0.884211 -1.200000 2.400000
v 1.010526 0.194484 2.400000
v 1.010526 -1.200000 2.400000
v 1.136842 0.182067 2.400000
v 1.136842 -1.200000 2.400000
v 1.263158 0.172234 2.400000
v 1.263158 -1.200000 2.400000
v 1.389474 0.165035 2.400000
v 1.389474 -1.200000 2.400000
v 1.515789 0.160470 2.400000
v 1.515789 -1.200000 2.400000
v 1.642105 0.158487 2.400000
v 1.642105 -1.200000 2.400000
v 1.768421 0.158983 2.400000
v 1.768421 -1.200000 2.400000
v 1.894737 0.161808 2.400000
v 1.894737 -1.200000 2.400000
v 2.021053 0.166759 2.400000
v 2.021053 -1.200000 2.400000
v 2.147368 0.173593 2.400000
v 2.147368 -1.200000 2.400000
v 2.273684 0.182026 2.400000
v 2.273684 -1.200000 2.400000
v 2.400000 0.191737 2.400000
v 2.400000 -1.200000 2.400000
v 2.526316 0.202381 2.400000
v 2.526316 -1.200000 2.400000
v 2.652632 0.213587 2.400000
v 2.652632 -1.200000 2.400000
v 2.778947 0.224975 2.400000
v 2.778947 -1.200000 2.400000
v 2.905263 0.236156 2.400000
v 2.905263 -1.200000 2.400000
v 3.031579 0.246746 2.400000
v 3.031579 -1.200000 2.400000
v 3.157895 0.256372 2.400000
v 3.157895 -1.200000 2.400000
v 3.284211 0.264680 2.400000
v 3.284211 -1.200000 2.400000
v 3.410526 0.271343 2.400000
v 3.410526 -1.200000 2.400000
v 3.536842 0.276070 2.400000
v 3.536842 -1.200000 2.400000
v 3.663158 0.278610 2.400000
v 3.663158 -1.200000 2.400000
v 3.789474 0.278759 2.400000
v 3.789474 -1.200000 2.400000
v 3.915789 0.276363 2.400000
v 3.915789 -1.200000 2.400000
v 4.042105 0.271326 2.400000
v 4.042105 -1.200000 2.400000
v 4.168421 0.263608 2.400000
v 4.168421 -1.200000 2.400000
v 4.294737 0.253226 2.400000
v 4.294737 -1.200000 2.400000
v 4.421053 0.240259 2.400000
v 4.421053 -1.200000 2.400000
v 4.547368 0.224841 2.400000
v 4.547368 -1.200000 2.400000
v 4.673684 0.207161 2.400000
v 4.673684 -1.200000 2.400000
v 4.800000 0.187459 2.400000
v 4.800000 -1.200000 2.400000
v -4.800000 -0.015910 2.526316
v -4.800000 -1.200000 2.526316
v -4.673684 -0.023942 2.526316
v -4.673684 -1.200000 2.526316
v -4.547368 -0.028799 2.526316
v -4.547368 -1.200000 2.526316
v -4.421053 -0.030156 2.526316
v -4.421053 -1.200000 2.526316
v -4.294737 -0.027749 2.526316
v -4.294737 -1.200000 2.526316
v -4.168421 -0.021380 2.526316
v -4.168421 -1.200000 2.526316
v -4.042105 -0.010925 2.526316
v -4.042105 -1.200000 2.526316
v -3.915789 0.003661 2.526316
v -3.915789 -1.200000 2.526316
v -3.789474 0.022336 2.526316
v -3.789474 -1.200000 2.526316
v -3.663158 0.044968 2.526316
v -3.663158 -1.200000 2.526316
v -3.536842 0.071333 2.526316
v -3.536842 -1.200000 2.526316
v -3.410526 0.101111 2.526316
v -3.410526 -1.200000 2.526316
v -3.284211 0.133891 2.526316
v -3.284211 -1.200000 2.526316
v -3.157895 0.169172 2.526316
v -3.157895 -1.200000 2.526316
v -3.031579 0.206372 2.526316
v -3.031579 -1.200000 2.526316
v -2.905263 0.244840 2.526316
v -2.905263 -1.200000 2.526316
v -2.778947 0.283869 2.526316
v -2.778947 -1.200000 2.526316
v -2.652632 0.322717 2.526316
v -2.652632 -1.200000 2.526316
v -2.526316 0.360624 2.526316
v -2.526316 -1.200000 2.526316
v -2.400000 0.396838 2.526316
v -2.400000 -1.200000 2.526316
v -2.273684 0.430636 2.526316
v -2.273684 -1.200000 2.526316
v -2.147368 0.461352 2.526316
v -2.147368 -1.200000 2.526316
v -2.021053 0.488393 2.526316
v -2.021053 -1.200000 2.526316
v -1.894737 0.511262 2.526316
v -1.894737 -1.200000 2.526316
v -1.768421 0.529570 2.526316
v -1.768421 -1.200000 2.526316
v -1.642105 0.543050 2.526316
v -1.642105 -1.200000 2.526316
v -1.515789 0.551557 2.526316
v -1.515789 -1.200000 2.526316
v -1.389474 0.555070 2.526316
v -1.389474 -1.200000 2.526316
v -1.263158 0.553689 2.526316
v -1.263158 -1.200000 2.526316
v -1.136842 0.547619 2.526316
v -1.136842 -1.200000 2.526316
v -1.010526 0.537164 2.526316
v -1.010526 -1.200000 2.526316
v -0.884211 0.522706 2.526316
v -0.884211 -1.200000 2.526316
v -0.757895 0.504692 2.526316
v -0.757895 -1.200000 2.526316
v -0.631579 0.483614 2.526316
v -0.631579 -1.200000 2.526316
v -0.505263 0.459999 2.526316
v -0.505263 -1.200000 2.526316
v -0.378947 0.434389 2.526316
v -0.378947 -1.200000 2.526316
v -0.252632 0.407329 2.526316
v -0.252632 -1.200000 2.526316
v -0.126316 0.379362 2.526316
v -0.126316 -1.200000 2.526316
v 0.000000 0.351013 2.526316
v 0.000000 -1.200000 2.526316
v 0.126316 0.322788 2.526316
v 0.126316 -1.200000 2.526316
v 0.252632 0.295166 2.526316
v 0.252632 -1.200000 2.526316
v 0.378947 0.268593 2.526316
v 0.378947 -1.200000 2.526316
v 0.505263 0.243481 2.526316
v 0.505263 -1.200000 2.526316
v 0.631579 0.220203 2.526316
v 0.631579 -1.200000 2.526316
v 0.757895 0.199089 2.526316
v 0.757895 -1.200000 2.526316
v 0.884211 0.180423 2.526316
v 0.884211 -1.200000 2.526316
v 1.010526 0.164440 2.526316
v 1.010526 -1.200000 2.526316
v 1.136842 0.151320 2.526316
v 1.136842 -1.200000 2.526316
v 1.263158 0.141190 2.526316
v 1.263158 -1.200000 2.526316
v 1.389474 0.134115 2.526316
v 1.389474 -1.200000 2.526316
v 1.515789 0.130103 2.526316
v 1.515789 -1.200000 2.526316
v 1.642105 0.129099 2.526316
v 1.642105 -1.200000 2.526316
v 1.768421 0.130988 2.526316
v 1.768421 -1.200000 2.526316
v 1.894737 0.135594 2.526316
v 1.894737 -1.200000 2.526316
v 2.021053 0.142687 2.526316
v 2.021053 -1.200000 2.526316
v 2.147368 0.151983 2.526316
v 2.147368 -1.200000 2.526316
v 2.273684 0.163151 2.526316
v 2.273684 -1.200000 2.526316
v 2.400000 0.175820 2.526316
v 2.400000 -1.200000 2.526316
v 2.526316 0.189586 2.526316
v 2.526316 -1.200000 2.526316
v 2.652632 0.204019 2.526316
v 2.652632 -1.200000 2.526316
v 2.778947 0.218675 2.526316
v 2.778947 -1.200000 2.526316
v 2.905263 0.233102 2.526316
v 2.905263 -1.200000 2.526316
v 3.031579 0.246853 2.526316
v 3.031579 -1.200000 2.526316
v 3.157895 0.259492 2.526316
v 3.157895 -1.200000 2.526316
v 3.284211 0.270609 2.526316
v 3.284211 -1.200000 2.526316
v 3.410526 0.279822 2.526316
v 3.410526 -1.200000 2.526316
v 3.536842 0.286792 2.526316
v 3.536842 -1.200000 2.526316
v 3.663158 0.291224 2.526316
v 3.663158 -1.200000 2.526316
v 3.789474 0.292881 2.526316
v 3.789474 -1.200000 2.526316
v 3.915789 0.291584 2.526316
v 3.915789 -1.200000 2.526316
v 4.042105 0.287216 2.526316
v 4.042105 -1.200000 2.526316
v 4.168421 0.279728 2.526316
v 4.168421 -1.200000 2.526316
v 4.294737 0.269140 2.526316
v 4.294737 -1.200000 2.526316
v 4.421053 0.255537 2.526316
v 4.421053 -1.200000 2.526316
v 4.547368 0.239073 2.526316
v 4.547368 -1.200000 2.526316
v 4.673684 0.219963 2.526316
v 4.673684 -1.200000 2.526316
v 4.800000 0.198482 2.526316
v 4.800000 -1.200000 2.526316
v -4.800000 -0.032193 2.652632
v -4.800000 -1.200000 2.652632
v -4.673684 -0.042366 2.652632
v -4.673684 -1.200000 2.652632
v -4.547368 -0.049104 2.652632
v -4.547368 -1.200000 2.652632
v -4.421053 -0.052060 2.652632
v -4.421053 -1.200000 2.652632
v -4.294737 -0.050952 2.652632
v -4.294737 -1.200000 2.652632
v -4.168421 -0.045572 2.652632
v -4.168421 -1.200000 2.652632
v -4.042105 -0.035797 2.652632
v -4.042105 -1.200000 2.652632
v -3.915789 -0.021585 2.652632
v -3.915789 -1.200000 2.652632
v -3.789474 -0.002991 2.652632
v -3.789474 -1.200000 2.652632
v -3.663158 0.019837 2.652632
v -3.663158 -1.200000 2.652632
v -3.536842 0.046651 2.652632
v -3.536842 -1.200000 2.652632
v -3.410526 0.077107 2.652632
v -3.410526 -1.200000 2.652632
v -3.284211 0.110766 2.652632
v -3.284211 -1.200000 2.652632
v -3.157895 0.147097 2.652632
v -3.157895 -1.200000 2.652632
v -3.031579 0.185491 2.652632
v -3.031579 -1.200000 2.652632
v -2.905263 0.225267 2.652632
v -2.905263 -1.200000 2.652632
v -2.778947 0.265690 2.652632
v -2.778947 -1.200000 2.652632
v -2.652632 0.305991 2.652632
v -2.652632 -1.200000 2.652632
v -2.526316 0.345385 2.652632
v -2.526316 -1.200000 2.652632
v -2.400000 0.383092 2.652632
v -2.400000 -1.200000 2.652632
v -2.273684 0.418367 2.652632
v -2.273684 -1.200000 2.652632
v -2.147368 0.450516 2.652632
v -2.147368 -1.200000 2.652632
v -2.021053 0.478921 2.652632
v -2.021053 -1.200000 2.652632
v -1.894737 0.503057 2.652632
v -1.894737 -1.200000 2.652632
v -1.768421 0.522509 2.652632
v -1.768421 -1.200000 2.652632
v -1.642105 0.536979 2.652632
v -1.642105 -1.200000 2.652632
v -1.515789 0.546294 2.652632
v -1.515789 -1.200000 2.652632
v -1.389474 0.550407 2.652632
v -1.389474 -1.200000 2.652632
v -1.263158 0.549392 2.652632
v -1.263158 -1.200000 2.652632
v -1.136842 0.543432 2.652632
v -1.136842 -1.200000 2.652632
v -1.010526 0.532815 2.652632
v -1.010526 -1.200000 2.652632
v -0.884211 0.517913 2.652632
v -0.884211 -1.200000 2.652632
v -0.757895 0.499171 2.652632
v -0.757895 -1.200000 2.652632
v -0.631579 0.477090 2.652632
v -0.631579 -1.200000 2.652632
v -0.505263 0.452208 2.652632
v -0.505263 -1.200000 2.652632
v -0.378947 0.425095 2.652632
v -0.378947 -1.200000 2.652632
v -0.252632 0.396329 2.652632
v -0.252632 -1.200000 2.652632
v -0.126316 0.366492 2.652632
v -0.126316 -1.200000 2.652632
v 0.000000 0.336159 2.652632
v 0.000000 -1.200000 2.652632
v 0.126316 0.305889 2.652632
v 0.126316 -1.200000 2.652632
v 0.252632 0.276215 2.652632
v 0.252632 -1.200000 2.652632
v 0.378947 0.247644 2.652632
v 0.378947 -1.200000 2.652632
v 0.505263 0.220644 2.652632
v 0.505263 -1.200000 2.652632
v 0.631579 0.195644 2.652632
v 0.631579 -1.200000 2.652632
v 0.757895 0.173026 2.652632
v 0.757895 -1.200000 2.652632
v 0.884211 0.153121 2.652632
v 0.884211 -1.200000 2.652632
v 1.010526 0.136203 2.652632
v 1.010526 -1.200000 2.652632
v 1.136842 0.122486 2.652632
v 1.136842 -1.200000 2.652632
v 1.263158 0.112119 2.652632
v 1.263158 -1.200000 2.652632
v 1.389474 0.105187 2.652632
v 1.389474 -1.200000 2.652632
v 1.515789 0.101700 2.652632
v 1.515789 -1.200000 2.652632
v 1.642105 0.101603 2.652632
v 1.642105 -1.200000 2.652632
v 1.768421 0.104769 2.652632
v 1.768421 -1.200000 2.652632
v 1.894737 0.111003 2.652632
v 1.894737 -1.200000 2.652632
v 2.021053 0.120046 2.652632
v 2.021053 -1.200000 2.652632
v 2.147368 0.131579 2.652632
v 2.147368 -1.200000 2.652632
v 2.273684 0.145232 2.652632
v 2.273684 -1.200000 2.652632
v 2.400000 0.160584 2.652632
v 2.400000 -1.200000 2.652632
v 2.526316 0.177181 2.652632
v 2.526316 -1.200000 2.652632
v 2.652632 0.194540 2.652632
v 2.652632 -1.200000 2.652632
v 2.778947 0.212159 2.652632
v 2.778947 -1.200000 2.652632
v 2.905263 0.229529 2.652632
v 2.905263 -1.200000 2.652632
v 3.031579 0.246147 2.652632
v 3.031579 -1.200000 2.652632
v 3.157895 0.261522 2.652632
v 3.157895 -1.200000 2.652632
v 3.284211 0.275190 2.652632
v 3.284211 -1.200000 2.652632
v 3.410526 0.286723 2.652632
v 3.410526 -1.200000 2.652632
v 3.536842 0.295735 2.652632
v 3.536842 -1.200000 2.652632
v 3.663158 0.301898 2.652632
v 3.663158 -1.200000 2.652632
v 3.789474 0.304939 2.652632
v 3.789474 -1.200000 2.652632
v 3.915789 0.304657 2.652632
v 3.915789 -1.200000 2.652632
v 4.042105 0.300920 2.652632
v 4.042105 -1.200000 2.652632
v 4.168421 0.293670 2.652632
v 4.168421 -1.200000 2.652632
v 4.294737 0.282926 2.652632
v 4.294737 -1.200000 2.652632
v 4.421053 0.268782 2.652632
v 4.421053 -1.200000 2.652632
v 4.547368 0.251407 2.652632
v 4.547368 -1.200000 2.652632
v 4.673684 0.231042 2.652632
v 4.673684 -1.200000 2.652632
v 4.800000 0.207991 2.652632
v 4.800000 -1.200000 2.652632
v -4.800000 -0.046859 2.778947
v -4.800000 -1.200000 2.778947
v -4.673684 -0.058941 2.778947
v -4.673684 -1.200000 2.778947
v -4.547368 -0.067367 2.778947
v -4.547368 -1.200000 2.778947
v -4.421053 -0.071769 2.778947
v -4.421053 -1.200000 2.778947
v -4.294737 -0.071853 2.778947
v -4.294737 -1.200000 2.778947
v -4.168421 -0.067403 2.778947
v -4.168421 -1.200000 2.778947
v -4.042105 -0.058294 2.778947
v -4.042105 -1.200000 2.778947
v -3.915789 -0.044492 2.778947
v -3.915789 -1.200000 2.778947
v -3.789474 -0.026061 2.778947
v -3.789474 -1.200000 2.778947
v -3.663158 -0.003164 2.778947
v -3.663158 -1.200000 2.778947
v -3.536842 0.023931 2.778947
v -3.536842 -1.200000 2.778947
v -3.410526 0.054860 2.778947
v -3.410526 -1.200000 2.778947
v -3.284211 0.089159 2.778947
v -3.284211 -1.200000 2.778947
v -3.157895 0.126275 2.778947
v -3.157895 -1.200000 2.778947
v -3.031579 0.165574 2.778947
v -3.031579 -1.200000 2.778947
v -2.905263 0.206353 2.778947
v -2.905263 -1.200000 2.778947
v -2.778947 0.247855 2.778947
v -2.778947 -1.200000 2.778947
v -2.652632 0.289290 2.778947
v -2.652632 -1.200000 2.778947
v -2.526316 0.329853 2.778947
v -2.526316 -1.200000 2.778947
v -2.400000 0.368747 2.778947
v -2.400000 -1.200000 2.778947
v -2.273684 0.405206 2.778947
v -2.273684 -1.200000 2.778947
v -2.147368 0.438516 2.778947
v -2.147368 -1.200000 2.778947
v -2.021053 0.468040 2.778947
v -2.021053 -1.200000 2.778947
v -1.894737 0.493229 2.778947
v -1.894737 -1.200000 2.778947
v -1.768421 0.513645 2.778947
v -1.768421 -1.200000 2.778947
v -1.642105 0.528965 2.778947
v -1.642105 -1.200000 2.778947
v -1.515789 0.538992 2.778947
v -1.515789 -1.200000 2.778947
v -1.389474 0.543651 2.778947
v -1.389474 -1.200000 2.778947
v -1.263158 0.542994 2.778947
v -1.263158 -1.200000 2.778947
v -1.136842 0.537183 2.778947
v -1.136842 -1.200000 2.778947
v -1.010526 0.526489 2.778947
v -1.010526 -1.200000 2.778947
v -0.884211 0.511273 2.778947
v -0.884211 -1.200000 2.778947
v -0.757895 0.491975 2.778947
v -0.757895 -1.200000 2.778947
v -0.631579 0.469098 2.778947
v -0.631579 -1.200000 2.778947
v -0.505263 0.443195 2.778947
v -0.505263 -1.200000 2.778947
v -0.378947 0.414851 2.778947
v -0.378947 -1.200000 2.778947
v -0.252632 0.384674 2.778947
v -0.252632 -1.200000 2.778947
v -0.126316 0.353281 2.778947
v -0.126316 -1.200000 2.778947
v 0.000000 0.321287 2.778947
v 0.000000 -1.200000 2.778947
v 0.126316 0.289297 2.778947
v 0.126316 -1.200000 2.778947
v 0.252632 0.257893 2.778947
v 0.252632 -1.200000 2.778947
v 0.378947 0.227633 2.778947
v 0.378947 -1.200000 2.778947
v 0.505263 0.199037 2.778947
v 0.505263 -1.200000 2.778947
v 0.631579 0.172581 2.778947
v 0.631579 -1.200000 2.778947
v 0.757895 0.148693 2.778947
v 0.757895 -1.200000 2.778947
v 0.884211 0.127746 2.778947
v 0.884211 -1.200000 2.778947
v 1.010526 0.110050 2.778947
v 1.010526 -1.200000 2.778947
v 1.136842 0.095848 2.778947
v 1.136842 -1.200000 2.778947
v 1.263158 0.085311 2.778947
v 1.263158 -1.200000 2.778947
v 1.389474 0.078535 2.778947
v 1.389474 -1.200000 2.778947
v 1.515789 0.075541 2.778947
v 1.515789 -1.200000 2.778947
v 1.642105 0.076269 2.778947
v 1.642105 -1.200000 2.778947
v 1.768421 0.080582 2.778947
v 1.768421 -1.200000 2.778947
v 1.894737 0.088270 2.778947
v 1.894737 -1.200000 2.778947
v 2.021053 0.099048 2.778947
v 2.021053 -1.200000 2.778947
v 2.147368 0.112568 2.778947
v 2.147368 -1.200000 2.778947
v 2.273684 0.128422 2.778947
v 2.273684 -1.200000 2.778947
v 2.400000 0.146151 2.778947
v 2.400000 -1.200000 2.778947
v 2.526316 0.165254 2.778947
v 2.526316 -1.200000 2.778947
v 2.652632 0.185201 2.778947
v 2.652632 -1.200000 2.778947
v 2.778947 0.205441 2.778947
v 2.778947 -1.200000 2.778947
v 2.905263 0.225415 2.778947
v 2.905263 -1.200000 2.778947
v 3.031579 0.244571 2.778947
v 3.031579 -1.200000 2.778947
v 3.157895 0.262370 2.778947
v 3.157895 -1.200000 2.778947
v 3.284211 0.278301 2.778947
v 3.284211 -1.200000 2.778947
v 3.410526 0.291894 2.778947
v 3.410526 -1.200000 2.778947
v 3.536842 0.302726 2.778947
v 3.536842 -1.200000 2.778947
v 3.663158 0.310434 2.778947
v 3.663158 -1.200000 2.778947
v 3.789474 0.314721 2.778947
v 3.789474 -1.200000 2.778947
v 3.915789 0.315361 2.778947
v 3.915789 -1.200000 2.778947
v 4.042105 0.312211 2.778947
v 4.042105 -1.200000 2.778947
v 4.168421 0.305203 2.778947
v 4.168421 -1.200000 2.778947
v 4.294737 0.294358 2.778947
v 4.294737 -1.200000 2.778947
v 4.421053 0.279777 2.778947
v 4.421053 -1.200000 2.778947
v 4.547368 0.261643 2.778947
v 4.547368 -1.200000 2.778947
v 4.673684 0.240215 2.778947
v 4.673684 -1.200000 2.778947
v 4.800000 0.215828 2.778947
v 4.800000 -1.200000 2.778947
v -4.800000 -0.059740 2.905263
v -4.800000 -1.200000 2.905263
v -4.673684 -0.073473 2.905263
v -4.673684 -1.200000 2.905263
v -4.547368 -0.083371 2.905263
v -4.547368 -1.200000 2.905263
v -4.421053 -0.089049 2.905263
v -4.421053 -1.200000 2.905263
v -4.294737 -0.090202 2.905263
v -4.294737 -1.200000 2.905263
v -4.168421 -0.086610 2.905263
v -4.168421 -1.200000 2.905263
v -4.042105 -0.078146 2.905263
v -4.042105 -1.200000 2.905263
v -3.915789 -0.064783 2.905263
v -3.915789 -1.200000 2.905263
v -3.789474 -0.046592 2.905263
v -3.789474 -1.200000 2.905263
v -3.663158 -0.023753 2.905263
v -3.663158 -1.200000 2.905263
v -3.536842 0.003455 2.905263
v -3.536842 -1.200000 2.905263
v -3.410526 0.034647 2.905263
v -3.410526 -1.200000 2.905263
v -3.284211 0.069343 2.905263
v -3.284211 -1.200000 2.905263
v -3.157895 0.106970 2.905263
v -3.157895 -1.200000 2.905263
v -3.031579 0.146877 2.905263
v -3.031579 -1.200000 2.905263
v -2.905263 0.188343 2.905263
v -2.905263 -1.200000 2.905263
v -2.778947 0.230598 2.905263
v -2.778947 -1.200000 2.905263
v -2.652632 0.272837 2.905263
v -2.652632 -1.200000 2.905263
v -2.526316 0.314240 2.905263
v -2.526316 -1.200000 2.905263
v -2.400000 0.354000 2.905263
v -2.400000 -1.200000 2.905263
v -2.273684 0.391335 2.905263
v -2.273684 -1.200000 2.905263
v -2.147368 0.425521 2.905263
v -2.147368 -1.200000 2.905263
v -2.021053 0.455902 2.905263
v -2.021053 -1.200000 2.905263
v -1.894737 0.481914 2.905263
v -1.894737 -1.200000 2.905263
v -1.768421 0.503099 2.905263
v -1.768421 -1.200000 2.905263
v -1.642105 0.519115 2.905263
v -1.642105 -1.200000 2.905263
v -1.515789 0.529741 2.905263
v -1.515789 -1.200000 2.905263
v -1.389474 0.534881 2.905263
v -1.389474 -1.200000 2.905263
v -1.263158 0.534563 2.905263
v -1.263158 -1.200000 2.905263
v -1.136842 0.528932 2.905263
v -1.136842 -1.200000 2.905263
v -1.010526 0.518239 2.905263
v -1.010526 -1.200000 2.905263
v -0.884211 0.502834 2.905263
v -0.884211 -1.200000 2.905263
v -0.757895 0.483151 2.905263
v -0.757895 -1.200000 2.905263
v -0.631579 0.459691 2.905263
v -0.631579 -1.200000 2.905263
v -0.505263 0.433016 2.905263
v -0.505263 -1.200000 2.905263
v -0.378947 0.403724 2.905263
v -0.378947 -1.200000 2.905263
v -0.252632 0.372444 2.905263
v -0.252632 -1.200000 2.905263
v -0.126316 0.339823 2.905263
v -0.126316 -1.200000 2.905263
v 0.000000 0.306508 2.905263
v 0.000000 -1.200000 2.905263
v 0.126316 0.273142 2.905263
v 0.126316 -1.200000 2.905263
v 0.252632 0.240350 2.905263
v 0.252632 -1.200000 2.905263
v 0.378947 0.208731 2.905263
v 0.378947 -1.200000 2.905263
v 0.505263 0.178847 2.905263
v 0.505263 -1.200000 2.905263
v 0.631579 0.151219 2.905263
v 0.631579 -1.200000 2.905263
v 0.757895 0.126312 2.905263
v 0.757895 -1.200000 2.905263
v 0.884211 0.104535 2.905263
v 0.884211 -1.200000 2.905263
v 1.010526 0.086229 2.905263
v 1.010526 -1.200000 2.905263
v 1.136842 0.071660 2.905263
v 1.136842 -1.200000 2.905263
v 1.263158 0.061020 2.905263
v 1.263158 -1.200000 2.905263
v 1.389474 0.054417 2.905263
v 1.389474 -1.200000 2.905263
v 1.515789 0.051876 2.905263
v 1.515789 -1.200000 2.905263
v 1.642105 0.053337 2.905263
v 1.642105 -1.200000 2.905263
v 1.768421 0.058656 2.905263
v 1.768421 -1.200000 2.905263
v 1.894737 0.067606 2.905263
v 1.894737 -1.200000 2.905263
v 2.021053 0.079884 2.905263
v 2.021053 -1.200000 2.905263
v 2.147368 0.095116 2.905263
v 2.147368 -1.200000 2.905263
v 2.273684 0.112862 2.905263
v 2.273684 -1.200000 2.905263
v 2.400000 0.132631 2.905263
v 2.400000 -1.200000 2.905263
v 2.526316 0.153883 2.905263
v 2.526316 -1.200000 2.905263
v 2.652632 0.176049 2.905263
v 2.652632 -1.200000 2.905263
v 2.778947 0.198536 2.905263
v 2.778947 -1.200000 2.905263
v 2.905263 0.220744 2.905263
v 2.905263 -1.200000 2.905263
v 3.031579 0.242078 2.905263
v 3.031579 -1.200000 2.905263
v 3.157895 0.261958 2.905263
v 3.157895 -1.200000 2.905263
v 3.284211 0.279836 2.905263
v 3.284211 -1.200000 2.905263
v 3.410526 0.295206 2.905263
v 3.410526 -1.200000 2.905263
v 3.536842 0.307612 2.905263
v 3.536842 -1.200000 2.905263
v 3.663158 0.316665 2.905263
v 3.663158 -1.200000 2.905263
v 3.789474 0.322042 2.905263
v 3.789474 -1.200000 2.905263
v 3.915789 0.323503 2.905263
v 3.915789 -1.200000 2.905263
v 4.042105 0.320889 2.905263
v 4.042105 -1.200000 2.905263
v 4.168421 0.314130 2.905263
v 4.168421 -1.200000 2.905263
v 4.294737 0.303243 2.905263
v 4.294737 -1.200000 2.905263
v 4.421053 0.288337 2.905263
v 4.421053 -1.200000 2.905263
v 4.547368 0.269605 2.905263
v 4.547368 -1.200000 2.905263
v 4.673684 0.247327 2.905263
v 4.673684 -1.200000 2.905263
v 4.800000 0.221856 2.905263
v 4.800000 -1.200000 2.905263
v -4.800000 -0.070691 3.031579
v -4.800000 -1.200000 3.031579
v -4.673684 -0.085799 3.031579
v -4.673684 -1.200000 3.031579
v -4.547368 -0.096935 3.031579
v -4.547368 -1.200000 3.031579
v -4.421053 -0.103704 3.031579
v -4.421053 -1.200000 3.031579
v -4.294737 -0.105790 3.031579
v -4.294737 -1.200000 3.031579
v -4.168421 -0.102973 3.031579
v -4.168421 -1.200000 3.031579
v -4.042105 -0.095126 3.031579
v -4.042105 -1.200000 3.031579
v -3.915789 -0.082225 3.031579
v -3.915789 -1.200000 3.031579
v -3.789474 -0.064352 3.031579
v -3.789474 -1.200000 3.031579
v -3.663158 -0.041695 3.031579
v -3.663158 -1.200000 3.031579
v -3.536842 -0.014546 3.031579
v -3.536842 -1.200000 3.031579
v -3.410526 0.016697 3.031579
v -3.410526 -1.200000 3.031579
v -3.284211 0.051539 3.031579
v -3.284211 -1.200000 3.031579
v -3.157895 0.089397 3.031579
v -3.157895 -1.200000 3.031579
v -3.031579 0.129606 3.031579
v -3.031579 -1.200000 3.031579
v -2.905263 0.171437 3.031579
v -2.905263 -1.200000 3.031579
v -2.778947 0.214108 3.031579
v -2.778947 -1.200000 3.031579
v -2.652632 0.256808 3.031579
v -2.652632 -1.200000 3.031579
v -2.526316 0.298712 3.031579
v -2.526316 -1.200000 3.031579
v -2.400000 0.339004 3.031579
v -2.400000 -1.200000 3.031579
v -2.273684 0.376897 3.031579
v -2.273684 -1.200000 3.031579
v -2.147368 0.411657 3.031579
v -2.147368 -1.200000 3.031579
v -2.021053 0.442622 3.031579
v -2.021053 -1.200000 3.031579
v -1.894737 0.469214 3.031579
v -1.894737 -1.200000 3.031579
v -1.768421 0.490961 3.031579
v -1.768421 -1.200000 3.031579
v -1.642105 0.507505 3.031579
v -1.642105 -1.200000 3.031579
v -1.515789 0.518607 3.031579
v -1.515789 -1.200000 3.031579
v -1.389474 0.524151 3.031579
v -1.389474 -1.200000 3.031579
v -1.263158 0.524146 3.031579
v -1.263158 -1.200000 3.031579
v -1.136842 0.518717 3.031579
v -1.136842 -1.200000 3.031579
v -1.010526 0.508100 3.031579
v -1.010526 -1.200000 3.031579
v -0.884211 0.492630 3.031579
v -0.884211 -1.200000 3.031579
v -0.757895 0.472733 3.031579
v -0.757895 -1.200000 3.031579
v -0.631579 0.448907 3.031579
v -0.631579 -1.200000 3.031579
v -0.505263 0.421716 3.031579
v -0.505263 -1.200000 3.031579
v -0.378947 0.391767 3.031579
v -0.378947 -1.200000 3.031579
v -0.252632 0.359706 3.031579
v -0.252632 -1.200000 3.031579
v -0.126316 0.326198 3.031579
v -0.126316 -1.200000 3.031579
v 0.000000 0.291918 3.031579
v 0.000000 -1.200000 3.031579
v 0.126316 0.257537 3.031579
v 0.126316 -1.200000 3.031579
v 0.252632 0.223714 3.031579
v 0.252632 -1.200000 3.031579
v 0.378947 0.191082 3.031579
v 0.378947 -1.200000 3.031579
v 0.505263 0.160238 3.031579
v 0.505263 -1.200000 3.031579
v 0.631579 0.131736 3.031579
v 0.631579 -1.200000 3.031579
v 0.757895 0.106075 3.031579
v 0.757895 -1.200000 3.031579
v 0.884211 0.083691 3.031579
v 0.884211 -1.200000 3.031579
v 1.010526 0.064950 3.031579
v 1.010526 -1.200000 3.031579
v 1.136842 0.050141 3.031579
v 1.136842 -1.200000 3.031579
v 1.263158 0.039468 3.031579
v 1.263158 -1.200000 3.031579
v 1.389474 0.033053 3.031579
v 1.389474 -1.200000 3.031579
v 1.515789 0.030923 3.031579
v 1.515789 -1.200000 3.031579
v 1.642105 0.033018 3.031579
v 1.642105 -1.200000 3.031579
v 1.768421 0.039187 3.031579
v 1.768421 -1.200000 3.031579
v 1.894737 0.049194 3.031579
v 1.894737 -1.200000 3.031579
v 2.021053 0.062719 3.031579
v 2.021053 -1.200000 3.031579
v 2.147368 0.079366 3.031579
v 2.147368 -1.200000 3.031579
v 2.273684 0.098674 3.031579
v 2.273684 -1.200000 3.031579
v 2.400000 0.120122 3.031579
v 2.400000 -1.200000 3.031579
v 2.526316 0.143141 3.031579
v 2.526316 -1.200000 3.031579
v 2.652632 0.167130 3.031579
v 2.652632 -1.200000 3.031579
v 2.778947 0.191463 3.031579
v 2.778947 -1.200000 3.031579
v 2.905263 0.215506 3.031579
v 2.905263 -1.200000 3.031579
v 3.031579 0.238631 3.031579
v 3.031579 -1.200000 3.031579
v 3.157895 0.260226 3.031579
v 3.157895 -1.200000 3.031579
v 3.284211 0.279712 3.031579
v 3.284211 -1.200000 3.031579
v 3.410526 0.296554 3.031579
v 3.410526 -1.200000 3.031579
v 3.536842 0.310272 3.031579
v 3.536842 -1.200000 3.031579
v 3.663158 0.320451 3.031579
v 3.663158 -1.200000 3.031579
v 3.789474 0.326754 3.031579
v 3.789474 -1.200000 3.031579
v 3.915789 0.328924 3.031579
v 3.915789 -1.200000 3.031579
v 4.042105 0.326793 3.031579
v 4.042105 -1.200000 3.031579
v 4.168421 0.320285 3.031579
v 4.168421 -1.200000 3.031579
v 4.294737 0.309419 3.031579
v 4.294737 -1.200000 3.031579
v 4.421053 0.294307 3.031579
v 4.421053 -1.200000 3.031579
v 4.547368 0.275152 3.031579
v 4.547368 -1.200000 3.031579
v 4.673684 0.252246 3.031579
v 4.673684 -1.200000 3.031579
v 4.800000 0.225962 3.031579
v 4.800000 -1.200000 3.031579
v -4.800000 -0.079599 3.157895
v -4.800000 -1.200000 3.157895
v -4.673684 -0.095788 3.157895
v -4.673684 -1.200000 3.157895
v -4.547368 -0.107914 3.157895
v -4.547368 -1.200000 3.157895
v -4.421053 -0.115574 3.157895
v -4.421053 -1.200000 3.157895
v -4.294737 -0.118449 3.157895
v -4.294737 -1.200000 3.157895
v -4.168421 -0.116317 3.157895
v -4.168421 -1.200000 3.157895
v -4.042105 -0.109052 3.157895
v -4.042105 -1.200000 3.157895
v -3.915789 -0.096636 3.157895
v -3.915789 -1.200000 3.157895
v -3.789474 -0.079155 3.157895
v -3.789474 -1.200000 3.157895
v -3.663158 -0.056806 3.157895
v -3.663158 -1.200000 3.157895
v -3.536842 -0.029891 3.157895
v -3.536842 -1.200000 3.157895
v -3.410526 0.001185 3.157895
v -3.410526 -1.200000 3.157895
v -3.284211 0.035920 3.157895
v -3.284211 -1.200000 3.157895
v -3.157895 0.073721 3.157895
v -3.157895 -1.200000 3.157895
v -3.031579 0.113920 3.157895
v -3.031579 -1.200000 3.157895
v -2.905263 0.155782 3.157895
v -2.905263 -1.200000 3.157895
v -2.778947 0.198525 3.157895
v -2.778947 -1.200000 3.157895
v -2.652632 0.241335 3.157895
v -2.652632 -1.200000 3.157895
v -2.526316 0.283388 3.157895
v -2.526316 -1.200000 3.157895
v -2.400000 0.323868 3.157895
v -2.400000 -1.200000 3.157895
v -2.273684 0.361989 3.157895
v -2.273684 -1.200000 3.157895
v -2.147368 0.397014 3.157895
v -2.147368 -1.200000 3.157895
v -2.021053 0.428276 3.157895
v -2.021053 -1.200000 3.157895
v -1.894737 0.455195 3.157895
v -1.894737 -1.200000 3.157895
v -1.768421 0.477287 3.157895
v -1.768421 -1.200000 3.157895
v -1.642105 0.494182 3.157895
v -1.642105 -1.200000 3.157895
v -1.515789 0.505628 3.157895
v -1.515789 -1.200000 3.157895
v -1.389474 0.511494 3.157895
v -1.389474 -1.200000 3.157895
v -1.263158 0.511768 3.157895
v -1.263158 -1.200000 3.157895
v -1.136842 0.506561 3.157895
v -1.136842 -1.200000 3.157895
v -1.010526 0.496091 3.157895
v -1.010526 -1.200000 3.157895
v -0.884211 0.480680 3.157895
v -0.884211 -1.200000 3.157895
v -0.757895 0.460743 3.157895
v -0.757895 -1.200000 3.157895
v -0.631579 0.436772 3.157895
v -0.631579 -1.200000 3.157895
v -0.505263 0.409328 3.157895
v -0.505263 -1.200000 3.157895
v -0.378947 0.379024 3.157895
v -0.378947 -1.200000 3.157895
v -0.252632 0.346511 3.157895
v -0.252632 -1.200000 3.157895
v -0.126316 0.312470 3.157895
v -0.126316 -1.200000 3.157895
v 0.000000 0.277593 3.157895
v 0.000000 -1.200000 3.157895
v 0.126316 0.242573 3.157895
v 0.126316 -1.200000 3.157895
v 0.252632 0.208091 3.157895
v 0.252632 -1.200000 3.157895
v 0.378947 0.174807 3.157895
v 0.378947 -1.200000 3.157895
v 0.505263 0.143344 3.157895
v 0.505263 -1.200000 3.157895
v 0.631579 0.114281 3.157895
v 0.631579 -1.200000 3.157895
v 0.757895 0.088141 3.157895
v 0.757895 -1.200000 3.157895
v 0.884211 0.065383 3.157895
v 0.884211 -1.200000 3.157895
v 1.010526 0.046391 3.157895
v 1.010526 -1.200000 3.157895
v 1.136842 0.031470 3.157895
v 1.136842 -1.200000 3.157895
v 1.263158 0.020839 3.157895
v 1.263158 -1.200000 3.157895
v 1.389474 0.014624 3.157895
v 1.389474 -1.200000 3.157895
v 1.515789 0.012858 3.157895
v 1.515789 -1.200000 3.157895
v 1.642105 0.015482 3.157895
v 1.642105 -1.200000 3.157895
v 1.768421 0.022339 3.157895
v 1.768421 -1.200000 3.157895
v 1.894737 0.033185 3.157895
v 1.894737 -1.200000 3.157895
v 2.021053 0.047689 3.157895
v 2.021053 -1.200000 3.157895
v 2.147368 0.065441 3.157895
v 2.147368 -1.200000 3.157895
v 2.273684 0.085960 3.157895
v 2.273684 -1.200000 3.157895
v 2.400000 0.108706 3.157895
v 2.400000 -1.200000 3.157895
v 2.526316 0.133089 3.157895
v 2.526316 -1.200000 3.157895
v 2.652632 0.158484 3.157895
v 2.652632 -1.200000 3.157895
v 2.778947 0.184239 3.157895
v 2.778947 -1.200000 3.157895
v 2.905263 0.209698 3.157895
v 2.905263 -1.200000 3.157895
v 3.031579 0.234207 3.157895
v 3.031579 -1.200000 3.157895
v 3.157895 0.257130 3.157895
v 3.157895 -1.200000 3.157895
v 3.284211 0.277867 3.157895
v 3.284211 -1.200000 3.157895
v 3.410526 0.295859 3.157895
v 3.410526 -1.200000 3.157895
v 3.536842 0.310609 3.157895
v 3.536842 -1.200000 3.157895
v 3.663158 0.321687 3.157895
v 3.663158 -1.200000 3.157895
v 3.789474 0.328740 3.157895
v 3.789474 -1.200000 3.157895
v 3.915789 0.331501 3.157895
v 3.915789 -1.200000 3.157895
v 4.042105 0.329795 3.157895
v 4.042105 -1.200000 3.157895
v 4.168421 0.323543 3.157895
v 4.168421 -1.200000 3.157895
v 4.294737 0.312762 3.157895
v 4.294737 -1.200000 3.157895
v 4.421053 0.297568 3.157895
v 4.421053 -1.200000 3.157895
v 4.547368 0.278171 3.157895
v 4.547368 -1.200000 3.157895
v 4.673684 0.254872 3.157895
v 4.673684 -1.200000 3.157895
v 4.800000 0.228058 3.157895
v 4.800000 -1.200000 3.157895
v -4.800000 -0.086378 3.284211
v -4.800000 -1.200000 3.284211
v -4.673684 -0.103341 3.284211
v -4.673684 -1.200000 3.284211
v -4.547368 -0.116199 3.284211
v -4.547368 -1.200000 3.284211
v -4.421053 -0.124543 3.284211
v -4.421053 -1.200000 3.284211
v -4.294737 -0.128055 3.284211
v -4.294737 -1.200000 3.284211
v -4.168421 -0.126512 3.284211
v -4.168421 -1.200000 3.284211
v -4.042105 -0.119792 3.284211
v -4.042105 -1.200000 3.284211
v -3.915789 -0.107879 3.284211
v -3.915789 -1.200000 3.284211
v -3.789474 -0.090866 3.284211
v -3.789474 -1.200000 3.284211
v -3.663158 -0.068953 3.284211
v -3.663158 -1.200000 3.284211
v -3.536842 -0.042448 3.284211
v -3.536842 -1.200000 3.284211
v -3.410526 -0.011759 3.284211
v -3.410526 -1.200000 3.284211
v -3.284211 0.022607 3.284211
v -3.284211 -1.200000 3.284211
v -3.157895 0.060059 3.284211
v -3.157895 -1.200000 3.284211
v -3.031579 0.099927 3.284211
v -3.031579 -1.200000 3.284211
v -2.905263 0.141480 3.284211
v -2.905263 -1.200000 3.284211
v -2.778947 0.183941 3.284211
v -2.778947 -1.200000 3.284211
v -2.652632 0.226502 3.284211
v -2.652632 -1.200000 3.284211
v -2.526316 0.268345 3.284211
v -2.526316 -1.200000 3.284211
v -2.400000 0.308661 3.284211
v -2.400000 -1.200000 3.284211
v -2.273684 0.346670 3.284211
v -2.273684 -1.200000 3.284211
v -2.147368 0.381641 3.284211
v -2.147368 -1.200000 3.284211
v -2.021053 0.412909 3.284211
v -2.021053 -1.200000 3.284211
v -1.894737 0.439891 3.284211
v -1.894737 -1.200000 3.284211
v -1.768421 0.462104 3.284211
v -1.768421 -1.200000 3.284211
v -1.642105 0.479168 3.284211
v -1.642105 -1.200000 3.284211
v -1.515789 0.490821 3.284211
v -1.515789 -1.200000 3.284211
v -1.389474 0.496920 3.284211
v -1.389474 -1.200000 3.284211
v -1.263158 0.497439 3.284211
v -1.263158 -1.200000 3.284211
v -1.136842 0.492471 3.284211
v -1.136842 -1.200000 3.284211
v -1.010526 0.482220 3.284211
v -1.010526 -1.200000 3.284211
v -0.884211 0.466994 3.284211
v -0.884211 -1.200000 3.284211
v -0.757895 0.447194 3.284211
v -0.757895 -1.200000 3.284211
v -0.631579 0.423303 3.284211
v -0.631579 -1.200000 3.284211
v -0.505263 0.395877 3.284211
v -0.505263 -1.200000 3.284211
v -0.378947 0.365524 3.284211
v -0.378947 -1.200000 3.284211
v -0.252632 0.332901 3.284211
v -0.252632 -1.200000 3.284211
v -0.126316 0.298691 3.284211
v -0.126316 -1.200000 3.284211
v 0.000000 0.263596 3.284211
v 0.000000 -1.200000 3.284211
v 0.126316 0.228322 3.284211
v 0.126316 -1.200000 3.284211
v 0.252632 0.193566 3.284211
v 0.252632 -1.200000 3.284211
v 0.378947 0.160002 3.284211
v 0.378947 -1.200000 3.284211
v 0.505263 0.128270 3.284211
v 0.505263 -1.200000 3.284211
v 0.631579 0.098967 3.284211
v 0.631579 -1.200000 3.284211
v 0.757895 0.072633 3.284211
v 0.757895 -1.200000 3.284211
v 0.884211 0.049739 3.284211
v 0.884211 -1.200000 3.284211
v 1.010526 0.030686 3.284211
v 1.010526 -1.200000 3.284211
v 1.136842 0.015788 3.284211
v 1.136842 -1.200000 3.284211
v 1.263158 0.005272 3.284211
v 1.263158 -1.200000 3.284211
v 1.389474 -0.000729 3.284211
v 1.389474 -1.200000 3.284211
v 1.515789 -0.002178 3.284211
v 1.515789 -1.200000 3.284211
v 1.642105 0.000863 3.284211
v 1.642105 -1.200000 3.284211
v 1.768421 0.008239 3.284211
v 1.768421 -1.200000 3.284211
v 1.894737 0.019698 3.284211
v 1.894737 -1.200000 3.284211
v 2.021053 0.034903 3.284211
v 2.021053 -1.200000 3.284211
v 2.147368 0.053435 3.284211
v 2.147368 -1.200000 3.284211
v 2.273684 0.074802 3.284211
v 2.273684 -1.200000 3.284211
v 2.400000 0.098452 3.284211
v 2.400000 -1.200000 3.284211
v 2.526316 0.123780 3.284211
v 2.526316 -1.200000 3.284211
v 2.652632 0.150147 3.284211
v 2.652632 -1.200000 3.284211
v 2.778947 0.176886 3.284211
v 2.778947 -1.200000 3.284211
v 2.905263 0.203325 3.284211
v 2.905263 -1.200000 3.284211
v 3.031579 0.228794 3.284211
v 3.031579 -1.200000 3.284211
v 3.157895 0.252645 3.284211
v 3.157895 -1.200000 3.284211
v 3.284211 0.274259 3.284211
v 3.284211 -1.200000 3.284211
v 3.410526 0.293069 3.284211
v 3.410526 -1.200000 3.284211
v 3.536842 0.308562 3.284211
v 3.536842 -1.200000 3.284211
v 3.663158 0.320300 3.284211
v 3.663158 -1.200000 3.284211
v 3.789474 0.327920 3.284211
v 3.789474 -1.200000 3.284211
v 3.915789 0.331149 3.284211
v 3.915789 -1.200000 3.284211
v 4.042105 0.329807 3.284211
v 4.042105 -1.200000 3.284211
v 4.168421 0.323813 3.284211
v 4.168421 -1.200000 3.284211
v 4.294737 0.313184 3.284211
v 4.294737 -1.200000 3.284211
v 4.421053 0.298036 3.284211
v 4.421053 -1.200000 3.284211
v 4.547368 0.278584 3.284211
v 4.547368 -1.200000 3.284211
v 4.673684 0.255135 3.284211
v 4.673684 -1.200000 3.284211
v 4.800000 0.228083 3.284211
v 4.800000 -1.200000 3.284211
v -4.800000 -0.090971 3.410526
v -4.800000 -1.200000 3.410526
v -4.673684 -0.108397 3.410526
v -4.673684 -1.200000 3.410526
v -4.547368 -0.121721 3.410526
v -4.547368 -1.200000 3.410526
v -4.421053 -0.130538 3.410526
v -4.421053 -1.200000 3.410526
v -4.294737 -0.134530 3.410526
v -4.294737 -1.200000 3.410526
v -4.168421 -0.133477 3.410526
v -4.168421 -1.200000 3.410526
v -4.042105 -0.127262 3.410526
v -4.042105 -1.200000 3.410526
v -3.915789 -0.115872 3.410526
v -3.915789 -1.200000 3.410526
v -3.789474 -0.099402 3.410526
v -3.789474 -1.200000 3.410526
v -3.663158 -0.078055 3.410526
v -3.663158 -1.200000 3.410526
v -3.536842 -0.052138 3.410526
v -3.536842 -1.200000 3.410526
v -3.410526 -0.022062 3.410526
v -3.410526 -1.200000 3.410526
v -3.284211 0.011672 3.410526
v -3.284211 -1.200000 3.410526
v -3.157895 0.048476 3.410526
v -3.157895 -1.200000 3.410526
v -3.031579 0.087689 3.410526
v -3.031579 -1.200000 3.410526
v -2.905263 0.128588 3.410526
v -2.905263 -1.200000 3.410526
v -2.778947 0.170408 3.410526
v -2.778947 -1.200000 3.410526
v -2.652632 0.212353 3.410526
v -2.652632 -1.200000 3.410526
v -2.526316 0.253620 3.410526
v -2.526316 -1.200000 3.410526
v -2.400000 0.293413 3.410526
v -2.400000 -1.200000 3.410526
v -2.273684 0.330966 3.410526
v -2.273684 -1.200000 3.410526
v -2.147368 0.365558 3.410526
v -2.147368 -1.200000 3.410526
v -2.021053 0.396533 3.410526
v -2.021053 -1.200000 3.410526
v -1.894737 0.423314 3.410526
v -1.894737 -1.200000 3.410526
v -1.768421 0.445418 3.410526
v -1.768421 -1.200000 3.410526
v -1.642105 0.462465 3.410526
v -1.642105 -1.200000 3.410526
v -1.515789 0.474186 3.410526
v -1.515789 -1.200000 3.410526
v -1.389474 0.480429 3.410526
v -1.389474 -1.200000 3.410526
v -1.263158 0.481156 3.410526
v -1.263158 -1.200000 3.410526
v -1.136842 0.476446 3.410526
v -1.136842 -1.200000 3.410526
v -1.010526 0.466488 3.410526
v -1.010526 -1.200000 3.410526
v -0.884211 0.451574 3.410526
v -0.884211 -1.200000 3.410526
v -0.757895 0.432092 3.410526
v -0.757895 -1.200000 3.410526
v -0.631579 0.408513 3.410526
v -0.631579 -1.200000 3.410526
v -0.505263 0.381378 3.410526
v -0.505263 -1.200000 3.410526
v -0.378947 0.351292 3.410526
v -0.378947 -1.200000 3.410526
v -0.252632 0.318904 3.410526
v -0.252632 -1.200000 3.410526
v -0.126316 0.284897 3.410526
v -0.126316 -1.200000 3.410526
v 0.000000 0.249972 3.410526
v 0.000000 -1.200000 3.410526
v 0.126316 0.214839 3.410526
v 0.126316 -1.200000 3.410526
v 0.252632 0.180199 3.410526
v 0.252632 -1.200000 3.410526
v 0.378947 0.146734 3.410526
v 0.378947 -1.200000 3.410526
v 0.505263 0.115092 3.410526
v 0.505263 -1.200000 3.410526
v 0.631579 0.085877 3.410526
v 0.631579 -1.200000 3.410526
v 0.757895 0.059638 3.410526
v 0.757895 -1.200000 3.410526
v 0.884211 0.036854 3.410526
v 0.884211 -1.200000 3.410526
v 1.010526 0.017931 3.410526
v 1.010526 -1.200000 3.410526
v 1.136842 0.003192 3.410526
v 1.136842 -1.200000 3.410526
v 1.263158 -0.007133 3.410526
v 1.263158 -1.200000 3.410526
v 1.389474 -0.012907 3.410526
v 1.389474 -1.200000 3.410526
v 1.515789 -0.014091 3.410526
v 1.515789 -1.200000 3.410526
v 1.642105 -0.010745 3.410526
v 1.642105 -1.200000 3.410526
v 1.768421 -0.003026 3.410526
v 1.768421 -1.200000 3.410526
v 1.894737 0.008815 3.410526
v 1.894737 -1.200000 3.410526
v 2.021053 0.024437 3.410526
v 2.021053 -1.200000 3.410526
v 2.147368 0.043418 3.410526
v 2.147368 -1.200000 3.410526
v 2.273684 0.065262 3.410526
v 2.273684 -1.200000 3.410526
v 2.400000 0.089411 3.410526
v 2.400000 -1.200000 3.410526
v 2.526316 0.115256 3.410526
v 2.526316 -1.200000 3.410526
v 2.652632 0.142150 3.410526
v 2.652632 -1.200000 3.410526
v 2.778947 0.169424 3.410526
v 2.778947 -1.200000 3.410526
v 2.905263 0.196397 3.410526
v 2.905263 -1.200000 3.410526
v 3.031579 0.222395 3.410526
v 3.031579 -1.200000 3.410526
v 3.157895 0.246760 3.410526
v 3.157895 -1.200000 3.410526
v 3.284211 0.268873 3.410526
v 3.284211 -1.200000 3.410526
v 3.410526 0.288157 3.410526
v 3.410526 -1.200000 3.410526
v 3.536842 0.304098 3.410526
v 3.536842 -1.200000 3.410526
v 3.663158 0.316251 3.410526
v 3.663158 -1.200000 3.410526
v 3.789474 0.324250 3.410526
v 3.789474 -1.200000 3.410526
v 3.915789 0.327821 3.410526
v 3.915789 -1.200000 3.410526
v 4.042105 0.326781 3.410526
v 4.042105 -1.200000 3.410526
v 4.168421 0.321047 3.410526
v 4.168421 -1.200000 3.410526
v 4.294737 0.310635 3.410526
v 4.294737 -1.200000 3.410526
v 4.421053 0.295663 3.410526
v 4.421053 -1.200000 3.410526
v 4.547368 0.276347 3.410526
v 4.547368 -1.200000 3.410526
v 4.673684 0.252994 3.410526
v 4.673684 -1.200000 3.410526
v 4.800000 0.226003 3.410526
v 4.800000 -1.200000 3.410526
v -4.800000 -0.093354 3.536842
v -4.800000 -1.200000 3.536842
v -4.673684 -0.110927 3.536842
v -4.673684 -1.200000 3.536842
v -4.547368 -0.124451 3.536842
v -4.547368 -1.200000 3.536842
v -4.421053 -0.133525 3.536842
v -4.421053 -1.200000 3.536842
v -4.294737 -0.137840 3.536842
v -4.294737 -1.200000 3.536842
v -4.168421 -0.137179 3.536842
v -4.168421 -1.200000 3.536842
v -4.042105 -0.131429 3.536842
v -4.042105 -1.200000 3.536842
v -3.915789 -0.120580 3.536842
v -3.915789 -1.200000 3.536842
v -3.789474 -0.104729 3.536842
v -3.789474 -1.200000 3.536842
v -3.663158 -0.084077 3.536842
v -3.663158 -1.200000 3.536842
v -3.536842 -0.058931 3.536842
v -3.536842 -1.200000 3.536842
v -3.410526 -0.029693 3.536842
v -3.410526 -1.200000 3.536842
v -3.284211 0.003142 3.536842
v -3.284211 -1.200000 3.536842
v -3.157895 0.038997 3.536842
v -3.157895 -1.200000 3.536842
v -3.031579 0.077226 3.536842
v -3.031579 -1.200000 3.536842
v -2.905263 0.117121 3.536842
v -2.905263 -1.200000 3.536842
v -2.778947 0.157937 3.536842
v -2.778947 -1.200000 3.536842
v -2.652632 0.198897 3.536842
v -2.652632 -1.200000 3.536842
v -2.526316 0.239219 3.536842
v -2.526316 -1.200000 3.536842
v -2.400000 0.278129 3.536842
v -2.400000 -1.200000 3.536842
v -2.273684 0.314878 3.536842
v -2.273684 -1.200000 3.536842
v -2.147368 0.348764 3.536842
v -2.147368 -1.200000 3.536842
v -2.021053 0.379146 3.536842
v -2.021053 -1.200000 3.536842
v -1.894737 0.405458 3.536842
v -1.894737 -1.200000 3.536842
v -1.768421 0.427224 3.536842
v -1.768421 -1.200000 3.536842
v -1.642105 0.444067 3.536842
v -1.642105 -1.200000 3.536842
v -1.515789 0.455717 3.536842
v -1.515789 -1.200000 3.536842
v -1.389474 0.462015 3.536842
v -1.389474 -1.200000 3.536842
v -1.263158 0.462916 3.536842
v -1.263158 -1.200000 3.536842
v -1.136842 0.458484 3.536842
v -1.136842 -1.200000 3.536842
v -1.010526 0.448896 3.536842
v -1.010526 -1.200000 3.536842
v -0.884211 0.434426 3.536842
v -0.884211 -1.200000 3.536842
v -0.757895 0.415447 3.536842
v -0.757895 -1.200000 3.536842
v -0.631579 0.392412 3.536842
v -0.631579 -1.200000 3.536842
v -0.505263 0.365849 3.536842
v -0.505263 -1.200000 3.536842
v -0.378947 0.336348 3.536842
v -0.378947 -1.200000 3.536842
v -0.252632 0.304546 3.536842
v -0.252632 -1.200000 3.536842
v -0.126316 0.271116 3.536842
v -0.126316 -1.200000 3.536842
v 0.000000 0.236753 3.536842
v 0.000000 -1.200000 3.536842
v 0.126316 0.202158 3.536842
v 0.126316 -1.200000 3.536842
v 0.252632 0.168030 3.536842
v 0.252632 -1.200000 3.536842
v 0.378947 0.135047 3.536842
v 0.378947 -1.200000 3.536842
v 0.505263 0.103856 3.536842
v 0.505263 -1.200000 3.536842
v 0.631579 0.075060 3.536842
v 0.631579 -1.200000 3.536842
v 0.757895 0.049207 3.536842
v 0.757895 -1.200000 3.536842
v 0.884211 0.026778 3.536842
v 0.884211 -1.200000 3.536842
v 1.010526 0.008180 3.536842
v 1.010526 -1.200000 3.536842
v 1.136842 -0.006264 3.536842
v 1.136842 -1.200000 3.536842
v 1.263158 -0.016322 3.536842
v 1.263158 -1.200000 3.536842
v 1.389474 -0.021857 3.536842
v 1.389474 -1.200000 3.536842
v 1.515789 -0.022827 3.536842
v 1.515789 -1.200000 3.536842
v 1.642105 -0.019290 3.536842
v 1.642105 -1.200000 3.536842
v 1.768421 -0.011403 3.536842
v 1.768421 -1.200000 3.536842
v 1.894737 0.000585 3.536842
v 1.894737 -1.200000 3.536842
v 2.021053 0.016337 3.536842
v 2.021053 -1.200000 3.536842
v 2.147368 0.035431 3.536842
v 2.147368 -1.200000 3.536842
v 2.273684 0.057376 3.536842
v 2.273684 -1.200000 3.536842
v 2.400000 0.081616 3.536842
v 2.400000 -1.200000 3.536842
v 2.526316 0.107546 3.536842
v 2.526316 -1.200000 3.536842
v 2.652632 0.134521 3.536842
v 2.652632 -1.200000 3.536842
v 2.778947 0.161876 3.536842
v 2.778947 -1.200000 3.536842
v 2.905263 0.188933 3.536842
v 2.905263 -1.200000 3.536842
v 3.031579 0.215021 3.536842
v 3.031579 -1.200000 3.536842
v 3.157895 0.239488 3.536842
v 3.157895 -1.200000 3.536842
v 3.284211 0.261714 3.536842
v 3.284211 -1.200000 3.536842
v 3.410526 0.281128 3.536842
v 3.410526 -1.200000 3.536842
v 3.536842 0.297217 3.536842
v 3.536842 -1.200000 3.536842
v 3.663158 0.309538 3.536842
v 3.663158 -1.200000 3.536842
v 3.789474 0.317728 3.536842
v 3.789474 -1.200000 3.536842
v 3.915789 0.321512 3.536842
v 3.915789 -1.200000 3.536842
v 4.042105 0.320710 3.536842
v 4.042105 -1.200000 3.536842
v 4.168421 0.315236 3.536842
v 4.168421 -1.200000 3.536842
v 4.294737 0.305108 3.536842
v 4.294737 -1.200000 3.536842
v 4.421053 0.290443 3.536842
v 4.421053 -1.200000 3.536842
v 4.547368 0.271453 3.536842
v 4.547368 -1.200000 3.536842
v 4.673684 0.248445 3.536842
v 4.673684 -1.200000 3.536842
v 4.800000 0.221814 3.536842
v 4.800000 -1.200000 3.536842
v -4.800000 -0.093531 3.663158
v -4.800000 -1.200000 3.663158
v -4.673684 -0.110938 3.663158
v -4.673684 -1.200000 3.663158
v -4.547368 -0.124396 3.663158
v -4.547368 -1.200000 3.663158
v -4.421053 -0.133516 3.663158
v -4.421053 -1.200000 3.663158
v -4.294737 -0.137996 3.663158
v -4.294737 -1.200000 3.663158
v -4.168421 -0.137629 3.663158
v -4.168421 -1.200000 3.663158
v -4.042105 -0.132305 3.663158
v -4.042105 -1.200000 3.663158
v -3.915789 -0.122016 3.663158
v -3.915789 -1.200000 3.663158
v -3.789474 -0.106861 3.663158
v -3.789474 -1.200000 3.663158
v -3.663158 -0.087036 3.663158
v -3.663158 -1.200000 3.663158
v -3.536842 -0.062841 3.663158
v -3.536842 -1.200000 3.663158
v -3.410526 -0.034669 3.663158
v -3.410526 -1.200000 3.663158
v -3.284211 -0.003001 3.663158
v -3.284211 -1.200000 3.663158
v -3.157895 0.031605 3.663158
v -3.157895 -1.200000 3.663158
v -3.031579 0.068520 3.663158
v -3.031579 -1.200000 3.663158
v -2.905263 0.107063 3.663158
v -2.905263 -1.200000 3.663158
v -2.778947 0.146511 3.663158
v -2.778947 -1.200000 3.663158
v -2.652632 0.186118 3.663158
v -2.652632 -1.200000 3.663158
v -2.526316 0.225126 3.663158
v -2.526316 -1.200000 3.663158
v -2.400000 0.262790 3.663158
v -2.400000 -1.200000 3.663158
v -2.273684 0.298388 3.663158
v -2.273684 -1.200000 3.663158
v -2.147368 0.331243 3.663158
v -2.147368 -1.200000 3.663158
v -2.021053 0.360733 3.663158
v -2.021053 -1.200000 3.663158
v -1.894737 0.386310 3.663158
v -1.894737 -1.200000 3.663158
v -1.768421 0.407512 3.663158
v -1.768421 -1.200000 3.663158
v -1.642105 0.423968 3.663158
v -1.642105 -1.200000 3.663158
v -1.515789 0.435410 3.663158
v -1.515789 -1.200000 3.663158
v -1.389474 0.441679 3.663158
v -1.389474 -1.200000 3.663158
v -1.263158 0.442721 3.663158
v -1.263158 -1.200000 3.663158
v -1.136842 0.438592 3.663158
v -1.136842 -1.200000 3.663158
v -1.010526 0.429452 3.663158
v -1.010526 -1.200000 3.663158
v -0.884211 0.415561 3.663158
v -0.884211 -1.200000 3.663158
v -0.757895 0.397270 3.663158
v -0.757895 -1.200000 3.663158
v -0.631579 0.375016 3.663158
v -0.631579 -1.200000 3.663158
v -0.505263 0.349306 3.663158
v -0.505263 -1.200000 3.663158
v -0.378947 0.320710 3.663158
v -0.378947 -1.200000 3.663158
v -0.252632 0.289846 3.663158
v -0.252632 -1.200000 3.663158
v -0.126316 0.257370 3.663158
v -0.126316 -1.200000 3.663158
v 0.000000 0.223959 3.663158
v 0.000000 -1.200000 3.663158
v 0.126316 0.190301 3.663158
v 0.126316 -1.200000 3.663158
v 0.252632 0.157078 3.663158
v 0.252632 -1.200000 3.663158
v 0.378947 0.124959 3.663158
v 0.378947 -1.200000 3.663158
v 0.505263 0.094578 3.663158
v 0.505263 -1.200000 3.663158
v 0.631579 0.066530 3.663158
v 0.631579 -1.200000 3.663158
v 0.757895 0.041355 3.663158
v 0.757895 -1.200000 3.663158
v 0.884211 0.019526 3.663158
v 0.884211 -1.200000 3.663158
v 1.010526 0.001445 3.663158
v 1.010526 -1.200000 3.663158
v 1.136842 -0.012568 3.663158
v 1.136842 -1.200000 3.663158
v 1.263158 -0.022285 3.663158
v 1.263158 -1.200000 3.663158
v 1.389474 -0.027567 3.663158
v 1.389474 -1.200000 3.663158
v 1.515789 -0.028375 3.663158
v 1.515789 -1.200000 3.663158
v 1.642105 -0.024763 3.663158
v 1.642105 -1.200000 3.663158
v 1.768421 -0.016884 3.663158
v 1.768421 -1.200000 3.663158
v 1.894737 -0.004982 3.663158
v 1.894737 -1.200000 3.663158
v 2.021053 0.010613 3.663158
v 2.021053 -1.200000 3.663158
v 2.147368 0.029488 3.663158
v 2.147368 -1.200000 3.663158
v 2.273684 0.051161 3.663158
v 2.273684 -1.200000 3.663158
v 2.400000 0.075086 3.663158
v 2.400000 -1.200000 3.663158
v 2.526316 0.100669 3.663158
v 2.526316 -1.200000 3.663158
v 2.652632 0.127280 3.663158
v 2.652632 -1.200000 3.663158
v 2.778947 0.154264 3.663158
v 2.778947 -1.200000 3.663158
v 2.905263 0.180957 3.663158
v 2.905263 -1.200000 3.663158
v 3.031579 0.206701 3.663158
v 3.031579 -1.200000 3.663158
v 3.157895 0.230855 3.663158
v 3.157895 -1.200000 3.663158
v 3.284211 0.252813 3.663158
v 3.284211 -1.200000 3.663158
v 3.410526 0.272012 3.663158
v 3.410526 -1.200000 3.663158
v 3.536842 0.287951 3.663158
v 3.536842 -1.200000 3.663158
v 3.663158 0.300194 3.663158
v 3.663158 -1.200000 3.663158
v 3.789474 0.308385 3.663158
v 3.789474 -1.200000 3.663158
v 3.915789 0.312255 3.663158
v 3.915789 -1.200000 3.663158
v 4.042105 0.311625 3.663158
v 4.042105 -1.200000 3.663158
v 4.168421 0.306413 3.663158
v 4.168421 -1.200000 3.663158
v 4.294737 0.296634 3.663158
v 4.294737 -1.200000 3.663158
v 4.421053 0.282403 3.663158
v 4.421053 -1.200000 3.663158
v 4.547368 0.263929 3.663158
v 4.547368 -1.200000 3.663158
v 4.673684 0.241511 3.663158
v 4.673684 -1.200000 3.663158
v 4.800000 0.215537 3.663158
v 4.800000 -1.200000 3.663158
v -4.800000 -0.091540 3.789474
v -4.800000 -1.200000 3.789474
v -4.673684 -0.108474 3.789474
v -4.673684 -1.200000 3.789474
v -4.547368 -0.121605 3.789474
v -4.547368 -1.200000 3.789474
v -4.421053 -0.130562 3.789474
v -4.421053 -1.200000 3.789474
v -4.294737 -0.135055 3.789474
v -4.294737 -1.200000 3.789474
v -4.168421 -0.134885 3.789474
v -4.168421 -1.200000 3.789474
v -4.042105 -0.129949 3.789474
v -4.042105 -1.200000 3.789474
v -3.915789 -0.120243 3.789474
v -3.915789 -1.200000 3.789474
v -3.789474 -0.105859 3.789474
v -3.789474 -1.200000 3.789474
v -3.663158 -0.086992 3.789474
v -3.663158 -1.200000 3.789474
v -3.536842 -0.063928 3.789474
v -3.536842 -1.200000 3.789474
v -3.410526 -0.037047 3.789474
v -3.410526 -1.200000 3.789474
v -3.284211 -0.006810 3.789474
v -3.284211 -1.200000 3.789474
v -3.157895 0.026247 3.789474
v -3.157895 -1.200000 3.789474
v -3.031579 0.061524 3.789474
v -3.031579 -1.200000 3.789474
v -2.905263 0.098368 3.789474
v -2.905263 -1.200000 3.789474
v -2.778947 0.136090 3.789474
v -2.778947 -1.200000 3.789474
v -2.652632 0.173977 3.789474
v -2.652632 -1.200000 3.789474
v -2.526316 0.211307 3.789474
v -2.526316 -1.200000 3.789474
v -2.400000 0.247369 3.789474
v -2.400000 -1.200000 3.789474
v -2.273684 0.281475 3.789474
v -2.273684 -1.200000 3.789474
v -2.147368 0.312977 3.789474
v -2.147368 -1.200000 3.789474
v -2.021053 0.341282 3.789474
v -2.021053 -1.200000 3.789474
v -1.894737 0.365865 3.789474
v -1.894737 -1.200000 3.789474
v -1.768421 0.386279 3.789474
v -1.768421 -1.200000 3.789474
v -1.642105 0.402169 3.789474
v -1.642105 -1.200000 3.789474
v -1.515789 0.413274 3.789474
v -1.515789 -1.200000 3.789474
v -1.389474 0.419433 3.789474
v -1.389474 -1.200000 3.789474
v -1.263158 0.420589 3.789474
v -1.263158 -1.200000 3.789474
v -1.136842 0.416790 3.789474
v -1.136842 -1.200000 3.789474
v -1.010526 0.408180 3.789474
v -1.010526 -1.200000 3.789474
v -0.884211 0.395003 3.789474
v -0.884211 -1.200000 3.789474
v -0.757895 0.377590 3.789474
v -0.757895 -1.200000 3.789474
v -0.631579 0.356353 3.789474
v -0.631579 -1.200000 3.789474
v -0.505263 0.331775 3.789474
v -0.505263 -1.200000 3.789474
v -0.378947 0.304402 3.789474
v -0.378947 -1.200000 3.789474
v -0.252632 0.274825 3.789474
v -0.252632 -1.200000 3.789474
v -0.126316 0.243674 3.789474
v -0.126316 -1.200000 3.789474
v 0.000000 0.211602 3.789474
v 0.000000 -1.200000 3.789474
v 0.126316 0.179272 3.789474
v 0.126316 -1.200000 3.789474
v 0.252632 0.147344 3.789474
v 0.252632 -1.200000 3.789474
v 0.378947 0.116465 3.789474
v 0.378947 -1.200000 3.789474
v 0.505263 0.087249 3.789474
v 0.505263 -1.200000 3.789474
v 0.631579 0.060272 3.789474
v 0.631579 -1.200000 3.789474
v 0.757895 0.036060 3.789474
v 0.757895 -1.200000 3.789474
v 0.884211 0.015071 3.789474
v 0.884211 -1.200000 3.789474
v 1.010526 -0.002303 3.789474
v 1.010526 -1.200000 3.789474
v 1.136842 -0.015753 3.789474
v 1.136842 -1.200000 3.789474
v 1.263158 -0.025055 3.789474
v 1.263158 -1.200000 3.789474
v 1.389474 -0.030074 3.789474
v 1.389474 -1.200000 3.789474
v 1.515789 -0.030770 3.789474
v 1.515789 -1.200000 3.789474
v 1.642105 -0.027196 3.789474
v 1.642105 -1.200000 3.789474
v 1.768421 -0.019497 3.789474
v 1.768421 -1.200000 3.789474
v 1.894737 -0.007909 3.789474
v 1.894737 -1.200000 3.789474
v 2.021053 0.007247 3.789474
v 2.021053 -1.200000 3.789474
v 2.147368 0.025575 3.789474
v 2.147368 -1.200000 3.789474
v 2.273684 0.046608 3.789474
v 2.273684 -1.200000 3.789474
v 2.400000 0.069819 3.789474
v 2.400000 -1.200000 3.789474
v 2.526316 0.094634 3.789474
v 2.526316 -1.200000 3.789474
v 2.652632 0.120442 3.789474
v 2.652632 -1.200000 3.789474
v 2.778947 0.146612 3.789474
v 2.778947 -1.200000 3.789474
v 2.905263 0.172502 3.789474
v 2.905263 -1.200000 3.789474
v 3.031579 0.197474 3.789474
v 3.031579 -1.200000 3.789474
v 3.157895 0.220910 3.789474
v 3.157895 -1.200000 3.789474
v 3.284211 0.242223 3.789474
v 3.284211 -1.200000 3.789474
v 3.410526 0.260870 3.789474
v 3.410526 -1.200000 3.789474
v 3.536842 0.276365 3.789474
v 3.536842 -1.200000 3.789474
v 3.663158 0.288288 3.789474
v 3.663158 -1.200000 3.789474
v 3.789474 0.296294 3.789474
v 3.789474 -1.200000 3.789474
v 3.915789 0.300123 3.789474
v 3.915789 -1.200000 3.789474
v 4.042105 0.299601 3.789474
v 4.042105 -1.200000 3.789474
v 4.168421 0.294649 3.789474
v 4.168421 -1.200000 3.789474
v 4.294737 0.285283 3.789474
v 4.294737 -1.200000 3.789474
v 4.421053 0.271612 3.789474
v 4.421053 -1.200000 3.789474
v 4.547368 0.253838 3.789474
v 4.547368 -1.200000 3.789474
v 4.673684 0.232251 3.789474
v 4.673684 -1.200000 3.789474
v 4.800000 0.207224 3.789474
v 4.800000 -1.200000 3.789474
v -4.800000 -0.087446 3.915789
v -4.800000 -1.200000 3.915789
v -4.673684 -0.103608 3.915789
v -4.673684 -1.200000 3.915789
v -4.547368 -0.116162 3.915789
v -4.547368 -1.200000 3.915789
v -4.421053 -0.124755 3.915789
v -4.421053 -1.200000 3.915789
v -4.294737 -0.129113 3.915789
v -4.294737 -1.200000 3.915789
v -4.168421 -0.129049 3.915789
v -4.168421 -1.200000 3.915789
v -4.042105 -0.124467 3.915789
v -4.042105 -1.200000 3.915789
v -3.915789 -0.115363 3.915789
v -3.915789 -1.200000 3.915789
v -3.789474 -0.101828 3.915789
v -3.789474 -1.200000 3.915789
v -3.663158 -0.084046 3.915789
v -3.663158 -1.200000 3.915789
v -3.536842 -0.062290 3.915789
v -3.536842 -1.200000 3.915789
v -3.410526 -0.036921 3.915789
v -3.410526 -1.200000 3.915789
v -3.284211 -0.008374 3.915789
v -3.284211 -1.200000 3.915789
v -3.157895 0.022843 3.915789
v -3.157895 -1.200000 3.915789
v -3.031579 0.056163 3.915789
v -3.031579 -1.200000 3.915789
v -2.905263 0.090970 3.915789
v -2.905263 -1.200000 3.915789
v -2.778947 0.126615 3.915789
v -2.778947 -1.200000 3.915789
v -2.652632 0.162425 3.915789
v -2.652632 -1.200000 3.915789
v -2.526316 0.197722 3.915789
v -2.526316 -1.200000 3.915789
v -2.400000 0.231835 3.915789
v -2.400000 -1.200000 3.915789
v -2.273684 0.264116 3.915789
v -2.273684 -1.200000 3.915789
v -2.147368 0.293953 3.915789
v -2.147368 -1.200000 3.915789
v -2.021053 0.320789 3.915789
v -2.021053 -1.200000 3.915789
v -1.894737 0.344125 3.915789
v -1.894737 -1.200000 3.915789
v -1.768421 0.363540 3.915789
v -1.768421 -1.200000 3.915789
v -1.642105 0.378694 3.915789
v -1.642105 -1.200000 3.915789
v -1.515789 0.389335 3.915789
v -1.515789 -1.200000 3.915789
v -1.389474 0.395310 3.915789
v -1.389474 -1.200000 3.915789
v -1.263158 0.396559 3.915789
v -1.263158 -1.200000 3.915789
v -1.136842 0.393120 3.915789
v -1.136842 -1.200000 3.915789
v -1.010526 0.385125 3.915789
v -1.010526 -1.200000 3.915789
v -0.884211 0.372799 3.915789
v -0.884211 -1.200000 3.915789
v -0.757895 0.356449 3.915789
v -0.757895 -1.200000 3.915789
v -0.631579 0.336462 3.915789
v -0.631579 -1.200000 3.915789
v -0.505263 0.313293 3.915789
v -0.505263 -1.200000 3.915789
v -0.378947 0.287453 3.915789
v -0.378947 -1.200000 3.915789
v -0.252632 0.259504 3.915789
v -0.252632 -1.200000 3.915789
v -0.126316 0.230041 3.915789
v -0.126316 -1.200000 3.915789
v 0.000000 0.199685 3.915789
v 0.000000 -1.200000 3.915789
v 0.126316 0.169065 3.915789
v 0.126316 -1.200000 3.915789
v 0.252632 0.138811 3.915789
v 0.252632 -1.200000 3.915789
v 0.378947 0.109536 3.915789
v 0.378947 -1.200000 3.915789
v 0.505263 0.081829 3.915789
v 0.505263 -1.200000 3.915789
v 0.631579 0.056239 3.915789
v 0.631579 -1.200000 3.915789
v 0.757895 0.033265 3.915789
v 0.757895 -1.200000 3.915789
v 0.884211 0.013350 3.915789
v 0.884211 -1.200000 3.915789
v 1.010526 -0.003135 3.915789
v 1.010526 -1.200000 3.915789
v 1.136842 -0.015893 3.915789
v 1.136842 -1.200000 3.915789
v 1.263158 -0.024709 3.915789
v 1.263158 -1.200000 3.915789
v 1.389474 -0.029453 3.915789
v 1.389474 -1.200000 3.915789
v 1.515789 -0.030087 3.915789
v 1.515789 -1.200000 3.915789
v 1.642105 -0.026660 3.915789
v 1.642105 -1.200000 3.915789
v 1.768421 -0.019310 3.915789
v 1.768421 -1.200000 3.915789
v 1.894737 -0.008259 3.915789
v 1.894737 -1.200000 3.915789
v 2.021053 0.006187 3.915789
v 2.021053 -1.200000 3.915789
v 2.147368 0.023651 3.915789
v 2.147368 -1.200000 3.915789
v 2.273684 0.043689 3.915789
v 2.273684 -1.200000 3.915789
v 2.400000 0.065799 3.915789
v 2.400000 -1.200000 3.915789
v 2.526316 0.089436 3.915789
v 2.526316 -1.200000 3.915789
v 2.652632 0.114018 3.915789
v 2.652632 -1.200000 3.915789
v 2.778947 0.138945 3.915789
v 2.778947 -1.200000 3.915789
v 2.905263 0.163604 3.915789
v 2.905263 -1.200000 3.915789
v 3.031579 0.187391 3.915789
v 3.031579 -1.200000 3.915789
v 3.157895 0.209716 3.915789
v 3.157895 -1.200000 3.915789
v 3.284211 0.230020 3.915789
v 3.284211 -1.200000 3.915789
v 3.410526 0.247787 3.915789
v 3.410526 -1.200000 3.915789
v 3.536842 0.262555 3.915789
v 3.536842 -1.200000 3.915789
v 3.663158 0.273923 3.915789
v 3.663158 -1.200000 3.915789
v 3.789474 0.281563 3.915789
v 3.789474 -1.200000 3.915789
v 3.915789 0.285227 3.915789
v 3.915789 -1.200000 3.915789
v 4.042105 0.284751 3.915789
v 4.042105 -1.200000 3.915789
v 4.168421 0.280059 3.915789
v 4.168421 -1.200000 3.915789
v 4.294737 0.271165 3.915789
v 4.294737 -1.200000 3.915789
v 4.421053 0.258174 3.915789
v 4.421053 -1.200000 3.915789
v 4.547368 0.241278 3.915789
v 4.547368 -1.200000 3.915789
v 4.673684 0.220753 3.915789
v 4.673684 -1.200000 3.915789
v 4.800000 0.196954 3.915789
v 4.800000 -1.200000 3.915789
v -4.800000 -0.081340 4.042105
v -4.800000 -1.200000 4.042105
v -4.673684 -0.096449 4.042105
v -4.673684 -1.200000 4.042105
v -4.547368 -0.108187 4.042105
v -4.547368 -1.200000 4.042105
v -4.421053 -0.116225 4.042105
v -4.421053 -1.200000 4.042105
v -4.294737 -0.120308 4.042105
v -4.294737 -1.200000 4.042105
v -4.168421 -0.120264 4.042105
v -4.168421 -1.200000 4.042105
v -4.042105 -0.116003 4.042105
v -4.042105 -1.200000 4.042105
v -3.915789 -0.107523 4.042105
v -3.915789 -1.200000 4.042105
v -3.789474 -0.094910 4.042105
v -3.789474 -1.200000 4.042105
v -3.663158 -0.078338 4.042105
v -3.663158 -1.200000 4.042105
v -3.536842 -0.058061 4.042105
v -3.536842 -1.200000 4.042105
v -3.410526 -0.034416 4.042105
v -3.410526 -1.200000 4.042105
v -3.284211 -0.007809 4.042105
v -3.284211 -1.200000 4.042105
v -3.157895 0.021286 4.042105
v -3.157895 -1.200000 4.042105
v -3.031579 0.052342 4.042105
v -3.031579 -1.200000 4.042105
v -2.905263 0.084787 4.042105
v -2.905263 -1.200000 4.042105
v -2.778947 0.118017 4.042105
v -2.778947 -1.200000 4.042105
v -2.652632 0.151408 4.042105
v -2.652632 -1.200000 4.042105
v -2.526316 0.184330 4.042105
v -2.526316 -1.200000 4.042105
v -2.400000 0.216160 4.042105
v -2.400000 -1.200000 4.042105
v -2.273684 0.246297 4.042105
v -2.273684 -1.200000 4.042105
v -2.147368 0.274173 4.042105
v -2.147368 -1.200000 4.042105
v -2.021053 0.299268 4.042105
v -2.021053 -1.200000 4.042105
v -1.894737 0.321119 4.042105
v -1.894737 -1.200000 4.042105
v -1.768421 0.339331 4.042105
v -1.768421 -1.200000 4.042105
v -1.642105 0.353587 4.042105
v -1.642105 -1.200000 4.042105
v -1.515789 0.363651 4.042105
v -1.515789 -1.200000 4.042105
v -1.389474 0.369374 4.042105
v -1.389474 -1.200000 4.042105
v -1.263158 0.370698 4.042105
v -1.263158 -1.200000 4.042105
v -1.136842 0.367652 4.042105
v -1.136842 -1.200000 4.042105
v -1.010526 0.360357 4.042105
v -1.010526 -1.200000 4.042105
v -0.884211 0.349016 4.042105
v -0.884211 -1.200000 4.042105
v -0.757895 0.333913 4.042105
v -0.757895 -1.200000 4.042105
v -0.631579 0.315403 4.042105
v -0.631579 -1.200000 4.042105
v -0.505263 0.293908 4.042105
v -0.505263 -1.200000 4.042105
v -0.378947 0.269904 4.042105
v -0.378947 -1.200000 4.042105
v -0.252632 0.243912 4.042105
v -0.252632 -1.200000 4.042105
v -0.126316 0.216487 4.042105
v -0.126316 -1.200000 4.042105
v 0.000000 0.188209 4.042105
v 0.000000 -1.200000 4.042105
v 0.126316 0.159666 4.042105
v 0.126316 -1.200000 4.042105
v 0.252632 0.131446 4.042105
v 0.252632 -1.200000 4.042105
v 0.378947 0.104126 4.042105
v 0.378947 -1.200000 4.042105
v 0.505263 0.078256 4.042105
v 0.505263 -1.200000 4.042105
v 0.631579 0.054352 4.042105
v 0.631579 -1.200000 4.042105
v 0.757895 0.032883 4.042105
v 0.757895 -1.200000 4.042105
v 0.884211 0.014262 4.042105
v 0.884211 -1.200000 4.042105
v 1.010526 -0.001159 4.042105
v 1.010526 -1.200000 4.042105
v 1.136842 -0.013102 4.042105
v 1.136842 -1.200000 4.042105
v 1.263158 -0.021365 4.042105
v 1.263158 -1.200000 4.042105
v 1.389474 -0.025825 4.042105
v 1.389474 -1.200000 4.042105
v 1.515789 -0.026445 4.042105
v 1.515789 -1.200000 4.042105
v 1.642105 -0.023269 4.042105
v 1.642105 -1.200000 4.042105
v 1.768421 -0.016427 4.042105
v 1.768421 -1.200000 4.042105
v 1.894737 -0.006125 4.042105
v 1.894737 -1.200000 4.042105
v 2.021053 0.007350 4.042105
v 2.021053 -1.200000 4.042105
v 2.147368 0.023647 4.042105
v 2.147368 -1.200000 4.042105
v 2.273684 0.042351 4.042105
v 2.273684 -1.200000 4.042105
v 2.400000 0.062992 4.042105
v 2.400000 -1.200000 4.042105
v 2.526316 0.085060 4.042105
v 2.526316 -1.200000 4.042105
v 2.652632 0.108012 4.042105
v 2.652632 -1.200000 4.042105
v 2.778947 0.131286 4.042105
v 2.778947 -1.200000 4.042105
v 2.905263 0.154309 4.042105
v 2.905263 -1.200000 4.042105
v 3.031579 0.176516 4.042105
v 3.031579 -1.200000 4.042105
v 3.157895 0.197354 4.042105
v 3.157895 -1.200000 4.042105
v 3.284211 0.216303 4.042105
v 3.284211 -1.200000 4.042105
v 3.410526 0.232878 4.042105
v 3.410526 -1.200000 4.042105
v 3.536842 0.246646 4.042105
v 3.536842 -1.200000 4.042105
v 3.663158 0.257235 4.042105
v 3.663158 -1.200000 4.042105
v 3.789474 0.264336 4.042105
v 3.789474 -1.200000 4.042105
v 3.915789 0.267718 4.042105
v 3.915789 -1.200000 4.042105
v 4.042105 0.267227 4.042105
v 4.042105 -1.200000 4.042105
v 4.168421 0.262792 4.042105
v 4.168421 -1.200000 4.042105
v 4.294737 0.254427 4.042105
v 4.294737 -1.200000 4.042105
v 4.421053 0.242230 4.042105
v 4.421053 -1.200000 4.042105
v 4.547368 0.226381 4.042105
v 4.547368 -1.200000 4.042105
v 4.673684 0.207137 4.042105
v 4.673684 -1.200000 4.042105
v 4.800000 0.184831 4.042105
v 4.800000 -1.200000 4.042105
v -4.800000 -0.073345 4.168421
v -4.800000 -1.200000 4.168421
v -4.673684 -0.087135 4.168421
v -4.673684 -1.200000 4.168421
v -4.547368 -0.097832 4.168421
v -4.547368 -1.200000 4.168421
v -4.421053 -0.105137 4.168421
v -4.421053 -1.200000 4.168421
v -4.294737 -0.108816 4.168421
v -4.294737 -1.200000 4.168421
v -4.168421 -0.108711 4.168421
v -4.168421 -1.200000 4.168421
v -4.042105 -0.104741 4.168421
v -4.042105 -1.200000 4.168421
v -3.915789 -0.096907 4.168421
v -3.915789 -1.200000 4.168421
v -3.789474 -0.085288 4.168421
v -3.789474 -1.200000 4.168421
v -3.663158 -0.070043 4.168421
v -3.663158 -1.200000 4.168421
v -3.536842 -0.051407 4.168421
v -3.536842 -1.200000 4.168421
v -3.410526 -0.029687 4.168421
v -3.410526 -1.200000 4.168421
v -3.284211 -0.005258 4.168421
v -3.284211 -1.200000 4.168421
v -3.157895 0.021449 4.168421
v -3.157895 -1.200000 4.168421
v -3.031579 0.049951 4.168421
v -3.031579 -1.200000 4.168421
v -2.905263 0.079727 4.168421
v -2.905263 -1.200000 4.168421
v -2.778947 0.110223 4.168421
v -2.778947 -1.200000 4.168421
v -2.652632 0.140871 4.168421
v -2.652632 -1.200000 4.168421
v -2.526316 0.171096 4.168421
v -2.526316 -1.200000 4.168421
v -2.400000 0.200329 4.168421
v -2.400000 -1.200000 4.168421
v -2.273684 0.228021 4.168421
v -2.273684 -1.200000 4.168421
v -2.147368 0.253655 4.168421
v -2.147368 -1.200000 4.168421
v -2.021053 0.276754 4.168421
v -2.021053 -1.200000 4.168421
v -1.894737 0.296896 4.168421
v -1.894737 -1.200000 4.168421
v -1.768421 0.313718 4.168421
v -1.768421 -1.200000 4.168421
v -1.642105 0.326928 4.168421
v -1.642105 -1.200000 4.168421
v -1.515789 0.336308 4.168421
v -1.515789 -1.200000 4.168421
v -1.389474 0.341720 4.168421
v -1.389474 -1.200000 4.168421
v -1.263158 0.343105 4.168421
v -1.263158 -1.200000 4.168421
v -1.136842 0.340490 4.168421
v -1.136842 -1.200000 4.168421
v -1.010526 0.333978 4.168421
v -1.010526 -1.200000 4.168421
v -0.884211 0.323754 4.168421
v -0.884211 -1.200000 4.168421
v -0.757895 0.310072 4.168421
v -0.757895 -1.200000 4.168421
v -0.631579 0.293257 4.168421
v -0.631579 -1.200000 4.168421
v -0.505263 0.273690 4.168421
v -0.505263 -1.200000 4.168421
v -0.378947 0.251807 4.168421
v -0.378947 -1.200000 4.168421
v -0.252632 0.228083 4.168421
v -0.252632 -1.200000 4.168421
v -0.126316 0.203027 4.168421
v -0.126316 -1.200000 4.168421
v 0.000000 0.177168 4.168421
v 0.000000 -1.200000 4.168421
v 0.126316 0.151047 4.168421
v 0.126316 -1.200000 4.168421
v 0.252632 0.125204 4.168421
v 0.252632 -1.200000 4.168421
v 0.378947 0.100168 4.168421
v 0.378947 -1.200000 4.168421
v 0.505263 0.076445 4.168421
v 0.505263 -1.200000 4.168421
v 0.631579 0.054508 4.168421
v 0.631579 -1.200000 4.168421
v 0.757895 0.034791 4.168421
v 0.757895 -1.200000 4.168421
v 0.884211 0.017674 4.168421
v 0.884211 -1.200000 4.168421
v 1.010526 0.003480 4.168421
v 1.010526 -1.200000 4.168421
v 1.136842 -0.007534 4.168421
v 1.136842 -1.200000 4.168421
v 1.263158 -0.015181 4.168421
v 1.263158 -1.200000 4.168421
v 1.389474 -0.019348 4.168421
v 1.389474 -1.200000 4.168421
v 1.515789 -0.019998 4.168421
v 1.515789 -1.200000 4.168421
v 1.642105 -0.017173 4.168421
v 1.642105 -1.200000 4.168421
v 1.768421 -0.010989 4.168421
v 1.768421 -1.200000 4.168421
v 1.894737 -0.001636 4.168421
v 1.894737 -1.200000 4.168421
v 2.021053 0.010625 4.168421
v 2.021053 -1.200000 4.168421
v 2.147368 0.025471 4.168421
v 2.147368 -1.200000 4.168421
v 2.273684 0.042522 4.168421
v 2.273684 -1.200000 4.168421
v 2.400000 0.061348 4.168421
v 2.400000 -1.200000 4.168421
v 2.526316 0.081481 4.168421
v 2.526316 -1.200000 4.168421
v 2.652632 0.102424 4.168421
v 2.652632 -1.200000 4.168421
v 2.778947 0.123661 4.168421
v 2.778947 -1.200000 4.168421
v 2.905263 0.144667 4.168421
v 2.905263 -1.200000 4.168421
v 3.031579 0.164923 4.168421
v 3.031579 -1.200000 4.168421
v 3.157895 0.183924 4.168421
v 3.157895 -1.200000 4.168421
v 3.284211 0.201190 4.168421
v 3.284211 -1.200000 4.168421
v 3.410526 0.216279 4.168421
v 3.410526 -1.200000 4.168421
v 3.536842 0.228794 4.168421
v 3.536842 -1.200000 4.168421
v 3.663158 0.238392 4.168421
v 3.663158 -1.200000 4.168421
v 3.789474 0.244791 4.168421
v 3.789474 -1.200000 4.168421
v 3.915789 0.247779 4.168421
v 3.915789 -1.200000 4.168421
v 4.042105 0.247216 4.168421
v 4.042105 -1.200000 4.168421
v 4.168421 0.243036 4.168421
v 4.168421 -1.200000 4.168421
v 4.294737 0.235252 4.168421
v 4.294737 -1.200000 4.168421
v 4.421053 0.223954 4.168421
v 4.421053 -1.200000 4.168421
v 4.547368 0.209308 4.168421
v 4.547368 -1.200000 4.168421
v 4.673684 0.191550 4.168421
v 4.673684 -1.200000 4.168421
v 4.800000 0.170985 4.168421
v 4.800000 -1.200000 4.168421
v -4.800000 -0.063603 4.294737
v -4.800000 -1.200000 4.294737
v -4.673684 -0.075832 4.294737
v -4.673684 -1.200000 4.294737
v -4.547368 -0.085284 4.294737
v -4.547368 -1.200000 4.294737
v -4.421053 -0.091691 4.294737
v -4.421053 -1.200000 4.294737
v -4.294737 -0.094845 4.294737
v -4.294737 -1.200000 4.294737
v -4.168421 -0.094606 4.294737
v -4.168421 -1.200000 4.294737
v -4.042105 -0.090903 4.294737
v -4.042105 -1.200000 4.294737
v -3.915789 -0.083735 4.294737
v -3.915789 -1.200000 4.294737
v -3.789474 -0.073175 4.294737
v -3.789474 -1.200000 4.294737
v -3.663158 -0.059367 4.294737
v -3.663158 -1.200000 4.294737
v -3.536842 -0.042522 4.294737
v -3.536842 -1.200000 4.294737
v -3.410526 -0.022915 4.294737
v -3.410526 -1.200000 4.294737
v -3.284211 -0.000882 4.294737
v -3.284211 -1.200000 4.294737
v -3.157895 0.023190 4.294737
v -3.157895 -1.200000 4.294737
v -3.031579 0.048869 4.294737
v -3.031579 -1.200000 4.294737
v -2.905263 0.075690 4.294737
v -2.905263 -1.200000 4.294737
v -2.778947 0.103157 4.294737
v -2.778947 -1.200000 4.294737
v -2.652632 0.130762 4.294737
v -2.652632 -1.200000 4.294737
v -2.526316 0.157991 4.294737
v -2.526316 -1.200000 4.294737
v -2.400000 0.184337 4.294737
v -2.400000 -1.200000 4.294737
v -2.273684 0.209308 4.294737
v -2.273684 -1.200000 4.294737
v -2.147368 0.232442 4.294737
v -2.147368 -1.200000 4.294737
v -2.021053 0.253312 4.294737
v -2.021053 -1.200000 4.294737
v -1.894737 0.271540 4.294737
v -1.894737 -1.200000 4.294737
v -1.768421 0.286800 4.294737
v -1.768421 -1.200000 4.294737
v -1.642105 0.298829 4.294737
v -1.642105 -1.200000 4.294737
v -1.515789 0.307431 4.294737
v -1.515789 -1.200000 4.294737
v -1.389474 0.312478 4.294737
v -1.389474 -1.200000 4.294737
v -1.263158 0.313918 4.294737
v -1.263158 -1.200000 4.294737
v -1.136842 0.311768 4.294737
v -1.136842 -1.200000 4.294737
v -1.010526 0.306121 4.294737
v -1.010526 -1.200000 4.294737
v -0.884211 0.297137 4.294737
v -0.884211 -1.200000 4.294737
v -0.757895 0.285043 4.294737
v -0.757895 -1.200000 4.294737
v -0.631579 0.270125 4.294737
v -0.631579 -1.200000 4.294737
v -0.505263 0.252724 4.294737
v -0.505263 -1.200000 4.294737
v -0.378947 0.233228 4.294737
v -0.378947 -1.200000 4.294737
v -0.252632 0.212062 4.294737
v -0.252632 -1.200000 4.294737
v -0.126316 0.189680 4.294737
v -0.126316 -1.200000 4.294737
v 0.000000 0.166558 4.294737
v 0.000000 -1.200000 4.294737
v 0.126316 0.143179 4.294737
v 0.126316 -1.200000 4.294737
v 0.252632 0.120027 4.294737
v 0.252632 -1.200000 4.294737
v 0.378947 0.097578 4.294737
v 0.378947 -1.200000 4.294737
v 0.505263 0.076286 4.294737
v 0.505263 -1.200000 4.294737
v 0.631579 0.056577 4.294737
v 0.631579 -1.200000 4.294737
v 0.757895 0.038840 4.294737
v 0.757895 -1.200000 4.294737
v 0.884211 0.023417 4.294737
v 0.884211 -1.200000 4.294737
v 1.010526 0.010600 4.294737
v 1.010526 -1.200000 4.294737
v 1.136842 0.000620 4.294737
v 1.136842 -1.200000 4.294737
v 1.263158 -0.006353 4.294737
v 1.263158 -1.200000 4.294737
v 1.389474 -0.010219 4.294737
v 1.389474 -1.200000 4.294737
v 1.515789 -0.010941 4.294737
v 1.515789 -1.200000 4.294737
v 1.642105 -0.008558 4.294737
v 1.642105 -1.200000 4.294737
v 1.768421 -0.003171 4.294737
v 1.768421 -1.200000 4.294737
v 1.894737 0.005050 4.294737
v 1.894737 -1.200000 4.294737
v 2.021053 0.015871 4.294737
v 2.021053 -1.200000 4.294737
v 2.147368 0.029005 4.294737
v 2.147368 -1.200000 4.294737
v 2.273684 0.044110 4.294737
v 2.273684 -1.200000 4.294737
v 2.400000 0.060803 4.294737
v 2.400000 -1.200000 4.294737
v 2.526316 0.078664 4.294737
v 2.526316 -1.200000 4.294737
v 2.652632 0.097249 4.294737
v 2.652632 -1.200000 4.294737
v 2.778947 0.116095 4.294737
v 2.778947 -1.200000 4.294737
v 2.905263 0.134733 4.294737
v 2.905263 -1.200000 4.294737
v 3.031579 0.152697 4.294737
v 3.031579 -1.200000 4.294737
v 3.157895 0.169536 4.294737
v 3.157895 -1.200000 4.294737
v 3.284211 0.184820 4.294737
v 3.284211 -1.200000 4.294737
v 3.410526 0.198153 4.294737
v 3.410526 -1.200000 4.294737
v 3.536842 0.209179 4.294737
v 3.536842 -1.200000 4.294737
v 3.663158 0.217591 4.294737
v 3.663158 -1.200000 4.294737
v 3.789474 0.223138 4.294737
v 3.789474 -1.200000 4.294737
v 3.915789 0.225630 4.294737
v 3.915789 -1.200000 4.294737
v 4.042105 0.224940 4.294737
v 4.042105 -1.200000 4.294737
v 4.168421 0.221011 4.294737
v 4.168421 -1.200000 4.294737
v 4.294737 0.213855 4.294737
v 4.294737 -1.200000 4.294737
v 4.421053 0.203553 4.294737
v 4.421053 -1.200000 4.294737
v 4.547368 0.190252 4.294737
v 4.547368 -1.200000 4.294737
v 4.673684 0.174167 4.294737
v 4.673684 -1.200000 4.294737
v 4.800000 0.155570 4.294737
v 4.800000 -1.200000 4.294737
v -4.800000 -0.052285 4.421053
v -4.800000 -1.200000 4.421053
v -4.673684 -0.062732 4.421053
v -4.673684 -1.200000 4.421053
v -4.547368 -0.070754 4.421053
v -4.547368 -1.200000 4.421053
v -4.421053 -0.076116 4.421053
v -4.421053 -1.200000 4.421053
v -4.294737 -0.078639 4.421053
v -4.294737 -1.200000 4.421053
v -4.168421 -0.078200 4.421053
v -4.168421 -1.200000 4.421053
v -4.042105 -0.074739 4.421053
v -4.042105 -1.200000 4.421053
v -3.915789 -0.068256 4.421053
v -3.915789 -1.200000 4.421053
v -3.789474 -0.058816 4.421053
v -3.789474 -1.200000 4.421053
v -3.663158 -0.046544 4.421053
v -3.663158 -1.200000 4.421053
v -3.536842 -0.031625 4.421053
v -3.536842 -1.200000 4.421053
v -3.410526 -0.014300 4.421053
v -3.410526 -1.200000 4.421053
v -3.284211 0.005138 4.421053
v -3.284211 -1.200000 4.421053
v -3.157895 0.026352 4.421053
v -3.157895 -1.200000 4.421053
v -3.031579 0.048966 4.421053
v -3.031579 -1.200000 4.421053
v -2.905263 0.072574 4.421053
v -2.905263 -1.200000 4.421053
v -2.778947 0.096745 4.421053
v -2.778947 -1.200000 4.421053
v -2.652632 0.121037 4.421053
v -2.652632 -1.200000 4.421053
v -2.526316 0.145002 4.421053
v -2.526316 -1.200000 4.421053
v -2.400000 0.168199 4.421053
v -2.400000 -1.200000 4.421053
v -2.273684 0.190200 4.421053
v -2.273684 -1.200000 4.421053
v -2.147368 0.210602 4.421053
v -2.147368 -1.200000 4.421053
v -2.021053 0.229033 4.421053
v -2.021053 -1.200000 4.421053
v -1.894737 0.245163 4.421053
v -1.894737 -1.200000 4.421053
v -1.768421 0.258708 4.421053
v -1.768421 -1.200000 4.421053
v -1.642105 0.269438 4.421053
v -1.642105 -1.200000 4.421053
v -1.515789 0.277178 4.421053
v -1.515789 -1.200000 4.421053
v -1.389474 0.281817 4.421053
v -1.389474 -1.200000 4.421053
v -1.263158 0.283306 4.421053
v -1.263158 -1.200000 4.421053
v -1.136842 0.281658 4.421053
v -1.136842 -1.200000 4.421053
v -1.010526 0.276951 4.421053
v -1.010526 -1.200000 4.421053
v -0.884211 0.269323 4.421053
v -0.884211 -1.200000 4.421053
v -0.757895 0.258968 4.421053
v -0.757895 -1.200000 4.421053
v -0.631579 0.246133 4.421053
v -0.631579 -1.200000 4.421053
v -0.505263 0.231115 4.421053
v -0.505263 -1.200000 4.421053
v -0.378947 0.214248 4.421053
v -0.378947 -1.200000 4.421053
v -0.252632 0.195901 4.421053
v -0.252632 -1.200000 4.421053
v -0.126316 0.176472 4.421053
v -0.126316 -1.200000 4.421053
v 0.000000 0.156371 4.421053
v 0.000000 -1.200000 4.421053
v 0.126316 0.136022 4.421053
v 0.126316 -1.200000 4.421053
v 0.252632 0.115846 4.421053
v 0.252632 -1.200000 4.421053
v 0.378947 0.096257 4.421053
v 0.378947 -1.200000 4.421053
v 0.505263 0.077652 4.421053
v 0.505263 -1.200000 4.421053
v 0.631579 0.060404 4.421053
v 0.631579 -1.200000 4.421053
v 0.757895 0.044852 4.421053
v 0.757895 -1.200000 4.421053
v 0.884211 0.031296 4.421053
v 0.884211 -1.200000 4.421053
v 1.010526 0.019991 4.421053
v 1.010526 -1.200000 4.421053
v 1.136842 0.011139 4.421053
v 1.136842 -1.200000 4.421053
v 1.263158 0.004889 4.421053
v 1.263158 -1.200000 4.421053
v 1.389474 0.001332 4.421053
v 1.389474 -1.200000 4.421053
v 1.515789 0.000498 4.421053
v 1.515789 -1.200000 4.421053
v 1.642105 0.002358 4.421053
v 1.642105 -1.200000 4.421053
v 1.768421 0.006823 4.421053
v 1.768421 -1.200000 4.421053
v 1.894737 0.013745 4.421053
v 1.894737 -1.200000 4.421053
v 2.021053 0.022924 4.421053
v 2.021053 -1.200000 4.421053
v 2.147368 0.034109 4.421053
v 2.147368 -1.200000 4.421053
v 2.273684 0.047005 4.421053
v 2.273684 -1.200000 4.421053
v 2.400000 0.061278 4.421053
v 2.400000 -1.200000 4.421053
v 2.526316 0.076564 4.421053
v 2.526316 -1.200000 4.421053
v 2.652632 0.092476 4.421053
v 2.652632 -1.200000 4.421053
v 2.778947 0.108613 4.421053
v 2.778947 -1.200000 4.421053
v 2.905263 0.124566 4.421053
v 2.905263 -1.200000 4.421053
v 3.031579 0.139932 4.421053
v 3.031579 -1.200000 4.421053
v 3.157895 0.154317 4.421053
v 3.157895 -1.200000 4.421053
v 3.284211 0.167348 4.421053
v 3.284211 -1.200000 4.421053
v 3.410526 0.178681 4.421053
v 3.410526 -1.200000 4.421053
v 3.536842 0.188006 4.421053
v 3.536842 -1.200000 4.421053
v 3.663158 0.195058 4.421053
v 3.663158 -1.200000 4.421053
v 3.789474 0.199617 4.421053
v 3.789474 -1.200000 4.421053
v 3.915789 0.201518 4.421053
v 3.915789 -1.200000 4.421053
v 4.042105 0.200652 4.421053
v 4.042105 -1.200000 4.421053
v 4.168421 0.196970 4.421053
v 4.168421 -1.200000 4.421053
v 4.294737 0.190483 4.421053
v 4.294737 -1.200000 4.421053
v 4.421053 0.181261 4.421053
v 4.421053 -1.200000 4.421053
v 4.547368 0.169433 4.421053
v 4.547368 -1.200000 4.421053
v 4.673684 0.155187 4.421053
v 4.673684 -1.200000 4.421053
v 4.800000 0.138761 4.421053
v 4.800000 -1.200000 4.421053
v -4.800000 -0.039576 4.547368
v -4.800000 -1.200000 4.547368
v -4.673684 -0.048052 4.547368
v -4.673684 -1.200000 4.547368
v -4.547368 -0.054482 4.547368
v -4.547368 -1.200000 4.547368
v -4.421053 -0.058670 4.547368
v -4.421053 -1.200000 4.547368
v -4.294737 -0.060467 4.547368
v -4.294737 -1.200000 4.547368
v -4.168421 -0.059770 4.547368
v -4.168421 -1.200000 4.547368
v -4.042105 -0.056530 4.547368
v -4.042105 -1.200000 4.547368
v -3.915789 -0.050748 4.547368
v -3.915789 -1.200000 4.547368
v -3.789474 -0.042479 4.547368
v -3.789474 -1.200000 4.547368
v -3.663158 -0.031830 4.547368
v -3.663158 -1.200000 4.547368
v -3.536842 -0.018957 4.547368
v -3.536842 -1.200000 4.547368
v -3.410526 -0.004062 4.547368
v -3.410526 -1.200000 4.547368
v -3.284211 0.012608 4.547368
v -3.284211 -1.200000 4.547368
v -3.157895 0.030770 4.547368
v -3.157895 -1.200000 4.547368
v -3.031579 0.050107 4.547368
v -3.031579 -1.200000 4.547368
v -2.905263 0.070277 4.547368
v -2.905263 -1.200000 4.547368
v -2.778947 0.090919 4.547368
v -2.778947 -1.200000 4.547368
v -2.652632 0.111661 4.547368
v -2.652632 -1.200000 4.547368
v -2.526316 0.132127 4.547368
v -2.526316 -1.200000 4.547368
v -2.400000 0.151946 4.547368
v -2.400000 -1.200000 4.547368
v -2.273684 0.170760 4.547368
v -2.273684 -1.200000 4.547368
v -2.147368 0.188228 4.547368
v -2.147368 -1.200000 4.547368
v -2.021053 0.204039 4.547368
v -2.021053 -1.200000 4.547368
v -1.894737 0.217913 4.547368
v -1.894737 -1.200000 4.547368
v -1.768421 0.229611 4.547368
v -1.768421 -1.200000 4.547368
v -1.642105 0.238938 4.547368
v -1.642105 -1.200000 4.547368
v -1.515789 0.245747 4.547368
v -1.515789 -1.200000 4.547368
v -1.389474 0.249941 4.547368
v -1.389474 -1.200000 4.547368
v -1.263158 0.251477 4.547368
v -1.263158 -1.200000 4.547368
v -1.136842 0.250366 4.547368
v -1.136842 -1.200000 4.547368
v -1.010526 0.246668 4.547368
v -1.010526 -1.200000 4.547368
v -0.884211 0.240498 4.547368
v -0.884211 -1.200000 4.547368
v -0.757895 0.232016 4.547368
v -0.757895 -1.200000 4.547368
v -0.631579 0.221430 4.547368
v -0.631579 -1.200000 4.547368
v -0.505263 0.208984 4.547368
v -0.505263 -1.200000 4.547368
v -0.378947 0.194959 4.547368
v -0.378947 -1.200000 4.547368
v -0.252632 0.179663 4.547368
v -0.252632 -1.200000 4.547368
v -0.126316 0.163429 4.547368
v -0.126316 -1.200000 4.547368
v 0.000000 0.146601 4.547368
v 0.000000 -1.200000 4.547368
v 0.126316 0.129534 4.547368
v 0.126316 -1.200000 4.547368
v 0.252632 0.112582 4.547368
v 0.252632 -1.200000 4.547368
v 0.378947 0.096093 4.547368
v 0.378947 -1.200000 4.547368
v 0.505263 0.080400 4.547368
v 0.505263 -1.200000 4.547368
v 0.631579 0.065816 4.547368
v 0.631579 -1.200000 4.547368
v 0.757895 0.052628 4.547368
v 0.757895 -1.200000 4.547368
v 0.884211 0.041088 4.547368
v 0.884211 -1.200000 4.547368
v 1.010526 0.031411 4.547368
v 1.010526 -1.200000 4.547368
v 1.136842 0.023768 4.547368
v 1.136842 -1.200000 4.547368
v 1.263158 0.018286 4.547368
v 1.263158 -1.200000 4.547368
v 1.389474 0.015042 4.547368
v 1.389474 -1.200000 4.547368
v 1.515789 0.014063 4.547368
v 1.515789 -1.200000 4.547368
v 1.642105 0.015326 4.547368
v 1.642105 -1.200000 4.547368
v 1.768421 0.018758 4.547368
v 1.768421 -1.200000 4.547368
v 1.894737 0.024236 4.547368
v 1.894737 -1.200000 4.547368
v 2.021053 0.031595 4.547368
v 2.021053 -1.200000 4.547368
v 2.147368 0.040625 4.547368
v 2.147368 -1.200000 4.547368
v 2.273684 0.051080 4.547368
v 2.273684 -1.200000 4.547368
v 2.400000 0.062682 4.547368
v 2.400000 -1.200000 4.547368
v 2.526316 0.075126 4.547368
v 2.526316 -1.200000 4.547368
v 2.652632 0.088091 4.547368
v 2.652632 -1.200000 4.547368
v 2.778947 0.101240 4.547368
v 2.778947 -1.200000 4.547368
v 2.905263 0.114232 4.547368
v 2.905263 -1.200000 4.547368
v 3.031579 0.126730 4.547368
v 3.031579 -1.200000 4.547368
v 3.157895 0.138406 4.547368
v 3.157895 -1.200000 4.547368
v 3.284211 0.148947 4.547368
v 3.284211 -1.200000 4.547368
v 3.410526 0.158066 4.547368
v 3.410526 -1.200000 4.547368
v 3.536842 0.165505 4.547368
v 3.536842 -1.200000 4.547368
v 3.663158 0.171040 4.547368
v 3.663158 -1.200000 4.547368
v 3.789474 0.174491 4.547368
v 3.789474 -1.200000 4.547368
v 3.915789 0.175719 4.547368
v 3.915789 -1.200000 4.547368
v 4.042105 0.174633 4.547368
v 4.042105 -1.200000 4.547368
v 4.168421 0.171193 4.547368
v 4.168421 -1.200000 4.547368
v 4.294737 0.165408 4.547368
v 4.294737 -1.200000 4.547368
v 4.421053 0.157339 4.547368
v 4.421053 -1.200000 4.547368
v 4.547368 0.147095 4.547368
v 4.547368 -1.200000 4.547368
v 4.673684 0.134833 4.547368
v 4.673684 -1.200000 4.547368
v 4.800000 0.120753 4.547368
v 4.800000 -1.200000 4.547368
v -4.800000 -0.025685 4.673684
v -4.800000 -1.200000 4.673684
v -4.673684 -0.032026 4.673684
v -4.673684 -1.200000 4.673684
v -4.547368 -0.036727 4.673684
v -4.547368 -1.200000 4.673684
v -4.421053 -0.039632 4.673684
v -4.421053 -1.200000 4.673684
v -4.294737 -0.040623 4.673684
v -4.294737 -1.200000 4.673684
v -4.168421 -0.039619 4.673684
v -4.168421 -1.200000 4.673684
v -4.042105 -0.036582 4.673684
v -4.042105 -1.200000 4.673684
v -3.915789 -0.031514 4.673684
v -3.915789 -1.200000 4.673684
v -3.789474 -0.024459 4.673684
v -3.789474 -1.200000 4.673684
v -3.663158 -0.015504 4.673684
v -3.663158 -1.200000 4.673684
v -3.536842 -0.004775 4.673684
v -3.536842 -1.200000 4.673684
v -3.410526 0.007567 4.673684
v -3.410526 -1.200000 4.673684
v -3.284211 0.021325 4.673684
v -3.284211 -1.200000 4.673684
v -3.157895 0.036270 4.673684
v -3.157895 -1.200000 4.673684
v -3.031579 0.052152 4.673684
v -3.031579 -1.200000 4.673684
v -2.905263 0.068695 4.673684
v -2.905263 -1.200000 4.673684
v -2.778947 0.085613 4.673684
v -2.778947 -1.200000 4.673684
v -2.652632 0.102607 4.673684
v -2.652632 -1.200000 4.673684
v -2.526316 0.119379 4.673684
v -2.526316 -1.200000 4.673684
v -2.400000 0.135630 4.673684
v -2.400000 -1.200000 4.673684
v -2.273684 0.151074 4.673684
v -2.273684 -1.200000 4.673684
v -2.147368 0.165440 4.673684
v -2.147368 -1.200000 4.673684
v -2.021053 0.178478 4.673684
v -2.021053 -1.200000 4.673684
v -1.894737 0.189964 4.673684
v -1.894737 -1.200000 4.673684
v -1.768421 0.199706 4.673684
v -1.768421 -1.200000 4.673684
v -1.642105 0.207546 4.673684
v -1.642105 -1.200000 4.673684
v -1.515789 0.213366 4.673684
v -1.515789 -1.200000 4.673684
v -1.389474 0.217087 4.673684
v -1.389474 -1.200000 4.673684
v -1.263158 0.218672 4.673684
v -1.263158 -1.200000 4.673684
v -1.136842 0.218126 4.673684
v -1.136842 -1.200000 4.673684
v -1.010526 0.215498 4.673684
v -1.010526 -1.200000 4.673684
v -0.884211 0.210874 4.673684
v -0.884211 -1.200000 4.673684
v -0.757895 0.204382 4.673684
v -0.757895 -1.200000 4.673684
v -0.631579 0.196183 4.673684
v -0.631579 -1.200000 4.673684
v -0.505263 0.186471 4.673684
v -0.505263 -1.200000 4.673684
v -0.378947 0.175468 4.673684
v -0.378947 -1.200000 4.673684
v -0.252632 0.163419 4.673684
v -0.252632 -1.200000 4.673684
v -0.126316 0.150585 4.673684
v -0.126316 -1.200000 4.673684
v 0.000000 0.137242 4.673684
v 0.000000 -1.200000 4.673684
v 0.126316 0.123669 4.673684
v 0.126316 -1.200000 4.673684
v 0.252632 0.110150 4.673684
v 0.252632 -1.200000 4.673684
v 0.378947 0.096961 4.673684
v 0.378947 -1.200000 4.673684
v 0.505263 0.084368 4.673684
v 0.505263 -1.200000 4.673684
v 0.631579 0.072619 4.673684
v 0.631579 -1.200000 4.673684
v 0.757895 0.061945 4.673684
v 0.757895 -1.200000 4.673684
v 0.884211 0.052546 4.673684
v 0.884211 -1.200000 4.673684
v 1.010526 0.044594 4.673684
v 1.010526 -1.200000 4.673684
v 1.136842 0.038228 4.673684
v 1.136842 -1.200000 4.673684
v 1.263158 0.033550 4.673684
v 1.263158 -1.200000 4.673684
v 1.389474 0.030622 4.673684
v 1.389474 -1.200000 4.673684
v 1.515789 0.029468 4.673684
v 1.515789 -1.200000 4.673684
v 1.642105 0.030072 4.673684
v 1.642105 -1.200000 4.673684
v 1.768421 0.032376 4.673684
v 1.768421 -1.200000 4.673684
v 1.894737 0.036288 4.673684
v 1.894737 -1.200000 4.673684
v 2.021053 0.041676 4.673684
v 2.021053 -1.200000 4.673684
v 2.147368 0.048375 4.673684
v 2.147368 -1.200000 4.673684
v 2.273684 0.056194 4.673684
v 2.273684 -1.200000 4.673684
v 2.400000 0.064912 4.673684
v 2.400000 -1.200000 4.673684
v 2.526316 0.074291 4.673684
v 2.526316 -1.200000 4.673684
v 2.652632 0.084075 4.673684
v 2.652632 -1.200000 4.673684
v 2.778947 0.094000 4.673684
v 2.778947 -1.200000 4.673684
v 2.905263 0.103798 4.673684
v 2.905263 -1.200000 4.673684
v 3.031579 0.113201 4.673684
v 3.031579 -1.200000 4.673684
v 3.157895 0.121950 4.673684
v 3.157895 -1.200000 4.673684
v 3.284211 0.129801 4.673684
v 3.284211 -1.200000 4.673684
v 3.410526 0.136525 4.673684
v 3.410526 -1.200000 4.673684
v 3.536842 0.141919 4.673684
v 3.536842 -1.200000 4.673684
v 3.663158 0.145808 4.673684
v 3.663158 -1.200000 4.673684
v 3.789474 0.148048 4.673684
v 3.789474 -1.200000 4.673684
v 3.915789 0.148531 4.673684
v 3.915789 -1.200000 4.673684
v 4.042105 0.147187 4.673684
v 4.042105 -1.200000 4.673684
v 4.168421 0.143983 4.673684
v 4.168421 -1.200000 4.673684
v 4.294737 0.138929 4.673684
v 4.294737 -1.200000 4.673684
v 4.421053 0.132073 4.673684
v 4.421053 -1.200000 4.673684
v 4.547368 0.123503 4.673684
v 4.547368 -1.200000 4.673684
v 4.673684 0.113344 4.673684
v 4.673684 -1.200000 4.673684
v 4.800000 0.101755 4.673684
v 4.800000 -1.200000 4.673684
v -4.800000 -0.010830 4.800000
v -4.800000 -1.200000 4.800000
v -4.673684 -0.014908 4.800000
v -4.673684 -1.200000 4.800000
v -4.547368 -0.017770 4.800000
v -4.547368 -1.200000 4.800000
v -4.421053 -0.019303 4.800000
v -4.421053 -1.200000 4.800000
v -4.294737 -0.019423 4.800000
v -4.294737 -1.200000 4.800000
v -4.168421 -0.018070 4.800000
v -4.168421 -1.200000 4.800000
v -4.042105 -0.015220 4.800000
v -4.042105 -1.200000 4.800000
v -3.915789 -0.010873 4.800000
v -3.915789 -1.200000 4.800000
v -3.789474 -0.005066 4.800000
v -3.789474 -1.200000 4.800000
v -3.663158 0.002139 4.800000
v -3.663158 -1.200000 4.800000
v -3.536842 0.010648 4.800000
v -3.536842 -1.200000 4.800000
v -3.410526 0.020341 4.800000
v -3.410526 -1.200000 4.800000
v -3.284211 0.031072 4.800000
v -3.284211 -1.200000 4.800000
v -3.157895 0.042674 4.800000
v -3.157895 -1.200000 4.800000
v -3.031579 0.054961 4.800000
v -3.031579 -1.200000 4.800000
v -2.905263 0.067730 4.800000
v -2.905263 -1.200000 4.800000
v -2.778947 0.080770 4.800000
v -2.778947 -1.200000 4.800000
v -2.652632 0.093861 4.800000
v -2.652632 -1.200000 4.800000
v -2.526316 0.106783 4.800000
v -2.526316 -1.200000 4.800000
v -2.400000 0.119316 4.800000
v -2.400000 -1.200000 4.800000
v -2.273684 0.131248 4.800000
v -2.273684 -1.200000 4.800000
v -2.147368 0.142380 4.800000
v -2.147368 -1.200000 4.800000
v -2.021053 0.152526 4.800000
v -2.021053 -1.200000 4.800000
v -1.894737 0.161520 4.800000
v -1.894737 -1.200000 4.800000
v -1.768421 0.169220 4.800000
v -1.768421 -1.200000 4.800000
v -1.642105 0.175509 4.800000
v -1.642105 -1.200000 4.800000
v -1.515789 0.180296 4.800000
v -1.515789 -1.200000 4.800000
v -1.389474 0.183522 4.800000
v -1.389474 -1.200000 4.800000
v -1.263158 0.185158 4.800000
v -1.263158 -1.200000 4.800000
v -1.136842 0.185204 4.800000
v -1.136842 -1.200000 4.800000
v -1.010526 0.183694 4.800000
v -1.010526 -1.200000 4.800000
v -0.884211 0.180688 4.800000
v -0.884211 -1.200000 4.800000
v -0.757895 0.176278 4.800000
v -0.757895 -1.200000 4.800000
v -0.631579 0.170579 4.800000
v -0.631579 -1.200000 4.800000
v -0.505263 0.163731 4.800000
v -0.505263 -1.200000 4.800000
v -0.378947 0.155895 4.800000
v -0.378947 -1.200000 4.800000
v -0.252632 0.147246 4.800000
v -0.252632 -1.200000 4.800000
v -0.126316 0.137977 4.800000
v -0.126316 -1.200000 4.800000
v 0.000000 0.128286 4.800000
v 0.000000 -1.200000 4.800000
v 0.126316 0.118378 4.800000
v 0.126316 -1.200000 4.800000
v 0.252632 0.108458 4.800000
v 0.252632 -1.200000 4.800000
v 0.378947 0.098728 4.800000
v 0.378947 -1.200000 4.800000
v 0.505263 0.089383 4.800000
v 0.505263 -1.200000 4.800000
v 0.631579 0.080606 4.800000
v 0.631579 -1.200000 4.800000
v 0.757895 0.072563 4.800000
v 0.757895 -1.200000 4.800000
v 0.884211 0.065403 4.800000
v 0.884211 -1.200000 4.800000
v 1.010526 0.059254 4.800000
v 1.010526 -1.200000 4.800000
v 1.136842 0.054217 4.800000
v 1.136842 -1.200000 4.800000
v 1.263158 0.050369 4.800000
v 1.263158 -1.200000 4.800000
v 1.389474 0.047759 4.800000
v 1.389474 -1.200000 4.800000
v 1.515789 0.046405 4.800000
v 1.515789 -1.200000 4.800000
v 1.642105 0.046298 4.800000
v 1.642105 -1.200000 4.800000
v 1.768421 0.047400 4.800000
v 1.768421 -1.200000 4.800000
v 1.894737 0.049645 4.800000
v 1.894737 -1.200000 4.800000
v 2.021053 0.052940 4.800000
v 2.021053 -1.200000 4.800000
v 2.147368 0.057168 4.800000
v 2.147368 -1.200000 4.800000
v 2.273684 0.062193 4.800000
v 2.273684 -1.200000 4.800000
v 2.400000 0.067857 4.800000
v 2.400000 -1.200000 4.800000
v 2.526316 0.073989 4.800000
v 2.526316 -1.200000 4.800000
v 2.652632 0.080406 4.800000
v 2.652632 -1.200000 4.800000
v 2.778947 0.086918 4.800000
v 2.778947 -1.200000 4.800000
v 2.905263 0.093333 4.800000
v 2.905263 -1.200000 4.800000
v 3.031579 0.099458 4.800000
v 3.031579 -1.200000 4.800000
v 3.157895 0.105108 4.800000
v 3.157895 -1.200000 4.800000
v 3.284211 0.110107 4.800000
v 3.284211 -1.200000 4.800000
v 3.410526 0.114290 4.800000
v 3.410526 -1.200000 4.800000
v 3.536842 0.117512 4.800000
v 3.536842 -1.200000 4.800000
v 3.663158 0.119648 4.800000
v 3.663158 -1.200000 4.800000
v 3.789474 0.120594 4.800000
v 3.789474 -1.200000 4.800000
v 3.915789 0.120275 4.800000
v 3.915789 -1.200000 4.800000
v 4.042105 0.118639 4.800000
v 4.042105 -1.200000 4.800000
v 4.168421 0.115665 4.800000
v 4.168421 -1.200000 4.800000
v 4.294737 0.111362 4.800000
v 4.294737 -1.200000 4.800000
v 4.421053 0.105764 4.800000
v 4.421053 -1.200000 4.800000
v 4.547368 0.098939 4.800000
v 4.547368 -1.200000 4.800000
v 4.673684 0.090976 4.800000
v 4.673684 -1.200000 4.800000
v 4.800000 0.081994 4.800000
v 4.800000 -1.200000 4.800000

g terrain_top
s 1
f 1 3 157
f 1 157 155
f 3 5 159
f 3 159 157
f 5 7 161
f 5 161 159
f 7 9 163
f 7 163 161
f 9 11 165
f 9 165 163
f 11 13 167
f 11 167 165
f 13 15 169
f 13 169 167
f 15 17 171
f 15 171 169
f 17 19 173
f 17 173 171
f 19 21 175
f 19 175 173
f 21 23 177
f 21 177 175
f 23 25 179
f 23 179 177
f 25 27 181
f 25 181 179
f 27 29 183
f 27 183 181
f 29 31 185
f 29 185 183
f 31 33 187
f 31 187 185
f 33 35 189
f 33 189 187
f 35 37 191
f 35 191 189
f 37 39 193
f 37 193 191
f 39 41 195
f 39 195 193
f 41 43 197
f 41 197 195
f 43 45 199
f 43 199 197
f 45 47 201
f 45 201 199
f 47 49 203
f 47 203 201
f 49 51 205
f 49 205 203
f 51 53 207
f 51 207 205
f 53 55 209
f 53 209 207
f 55 57 211
f 55 211 209
f 57 59 213
f 57 213 211
f 59 61 215
f 59 215 213
f 61 63 217
f 61 217 215
f 63 65 219
f 63 219 217
f 65 67 221
f 65 221 219
f 67 69 223
f 67 223 221
f 69 71 225
f 69 225 223
f 71 73 227
f 71 227 225
f 73 75 229
f 73 229 227
f 75 77 231
f 75 231 229
f 77 79 233
f 77 233 231
f 79 81 235
f 79 235 233
f 81 83 237
f 81 237 235
f 83 85 239
f 83 239 237
f 85 87 241
f 85 241 239
f 87 89 243
f 87 243 241
f 89 91 245
f 89 245 243
f 91 93 247
f 91 247 245
f 93 95 249
f 93 249 247
f 95 97 251
f 95 251 249
f 97 99 253
f 97 253 251
f 99 101 255
f 99 255 253
f 101 103 257
f 101 257 255
f 103 105 259
f 103 259 257
f 105 107 261
f 105 261 259
f 107 109 263
f 107 263 261
f 109 111 265
f 109 265 263
f 111 113 267
f 111 267 265
f 113 115 269
f 113 269 267
f 115 117 271
f 115 271 269
f 117 119 273
f 117 273 271
f 119 121 275
f 119 275 273
f 121 123 277
f 121 277 275
f 123 125 279
f 123 279 277
f 125 127 281
f 125 281 279
f 127 129 283
f 127 283 281
f 129 131 285
f 129 285 283
f 131 133 287
f 131 287 285
f 133 135 289
f 133 289 287
f 135 137 291
f 135 291 289
f 137 139 293
f 137 293 291
f 139 141 295
f 139 295 293
f 141 143 297
f 141 297 295
f 143 145 299
f 143 299 297
f 145 147 301
f 145 301 299
f 147 149 303
f 147 303 301
f 149 151 305
f 149 305 303
f 151 153 307
f 151 307 305
f 155 157 311
f 155 311 309
f 157 159 313
f 157 313 311
f 159 161 315
f 159 315 313
f 161 163 317
f 161 317 315
f 163 165 319
f 163 319 317
f 165 167 321
f 165 321 319
f 167 169 323
f 167 323 321
f 169 171 325
f 169 325 323
f 171 173 327
f 171 327 325
f 173 175 329
f 173 329 327
f 175 177 331
f 175 331 329
f 177 179 333
f 177 333 331
f 179 181 335
f 179 335 333
f 181 183 337
f 181 337 335
f 183 185 339
f 183 339 337
f 185 187 341
f 185 341 339
f 187 189 343
f 187 343 341
f 189 191 345
f 189 345 343
f 191 193 347
f 191 347 345
f 193 195 349
f 193 349 347
f 195 197 351
f 195 351 349
f 197 199 353
f 197 353 351
f 199 201 355
f 199 355 353
f 201 203 357
f 201 357 355
f 203 205 359
f 203 359 357
f 205 207 361
f 205 361 359
f 207 209 363
f 207 363 361
f 209 211 365
f 209 365 363
f 211 213 367
f 211 367 365
f 213 215 369
f 213 369 367
f 215 217 371
f 215 371 369
f 217 219 373
f 217 373 371
f 219 221 375
f 219 375 373
f 221 223 377
f 221 377 375
f 223 225 379
f 223 379 377
f 225 227 381
f 225 381 379
f 227 229 383
f 227 383 381
f 229 231 385
f 229 385 383
f 231 233 387
f 231 387 385
f 233 235 389
f 233 389 387
f 235 237 391
f 235 391 389
f 237 239 393
f 237 393 391
f 239 241 395
f 239 395 393
f 241 243 397
f 241 397 395
f 243 245 399
f 243 399 397
f 245 247 401
f 245 401 399
f 247 249 403
f 247 403 401
f 249 251 405
f 249 405 403
f 251 253 407
f 251 407 405
f 253 255 409
f 253 409 407
f 255 257 411
f 255 411 409
f 257 259 413
f 257 413 411
f 259 261 415
f 259 415 413
f 261 263 417
f 261 417 415
f 263 265 419
f 263 419 417
f 265 267 421
f 265 421 419
f 267 269 423
f 267 423 421
f 269 271 425
f 269 425 423
f 271 273 427
f 271 427 425
f 273 275 429
f 273 429 427
f 275 277 431
f 275 431 429
f 277 279 433
f 277 433 431
f 279 281 435
f 279 435 433
f 281 283 437
f 281 437 435
f 283 285 439
f 283 439 437
f 285 287 441
f 285 441 439
f 287 289 443
f 287 443 441
f 289 291 445
f 289 445 443
f 291 293 447
f 291 447 445
f 293 295 449
f 293 449 447
f 295 297 451
f 295 451 449
f 297 299 453
f 297 453 451
f 299 301 455
f 299 455 453
f 301 303 457
f 301 457 455
f 303 305 459
f 303 459 457
f 305 307 461
f 305 461 459
f 309 311 465
f 309 465 463
f 311 313 467
f 311 467 465
f 313 315 469
f 313 469 467
f 315 317 471
f 315 471 469
f 317 319 473
f 317 473 471
f 319 321 475
f 319 475 473
f 321 323 477
f 321 477 475
f 323 325 479
f 323 479 477
f 325 327 481
f 325 481 479
f 327 329 483
f 327 483 481
f 329 331 485
f 329 485 483
f 331 333 487
f 331 487 485
f 333 335 489
f 333 489 487
f 335 337 491
f 335 491 489
f 337 339 493
f 337 493 491
f 339 341 495
f 339 495 493
f 341 343 497
f 341 497 495
f 343 345 499
f 343 499 497
f 345 347 501
f 345 501 499
f 347 349 503
f 347 503 501
f 349 351 505
f 349 505 503
f 351 353 507
f 351 507 505
f 353 355 509
f 353 509 507
f 355 357 511
f 355 511 509
f 357 359 513
f 357 513 511
f 359 361 515
f 359 515 513
f 361 363 517
f 361 517 515
f 363 365 519
f 363 519 517
f 365 367 521
f 365 521 519
f 367 369 523
f 367 523 521
f 369 371 525
f 369 525 523
f 371 373 527
f 371 527 525
f 373 375 529
f 373 529 527
f 375 377 531
f 375 531 529
f 377 379 533
f 377 533 531
f 379 381 535
f 379 535 533
f 381 383 537
f 381 537 535
f 383 385 539
f 383 539 537
f 385 387 541
f 385 541 539
f 387 389 543
f 387 543 541
f 389 391 545
f 389 545 543
f 391 393 547
f 391 547 545
f 393 395 549
f 393 549 547
f 395 397 551
f 395 551 549
f 397 399 553
f 397 553 551
f 399 401 555
f 399 555 553
f 401 403 557
f 401 557 555
f 403 405 559
f 403 559 557
f 405 407 561
f 405 561 559
f 407 409 563
f 407 563 561
f 409 411 565
f 409 565 563
f 411 413 567
f 411 567 565
f 413 415 569
f 413 569 567
f 415 417 571
f 415 571 569
f 417 419 573
f 417 573 571
f 419 421 575
f 419 575 573
f 421 423 577
f 421 577 575
f 423 425 579
f 423 579 577
f 425 427 581
f 425 581 579
f 427 429 583
f 427 583 581
f 429 431 585
f 429 585 583
f 431 433 587
f 431 587 585
f 433 435 589
f 433 589 587
f 435 437 591
f 435 591 589
f 437 439 593
f 437 593 591
f 439 441 595
f 439 595 593
f 441 443 597
f 441 597 595
f 443 445 599
f 443 599 597
f 445 447 601
f 445 601 599
f 447 449 603
f 447 603 601
f 449 451 605
f 449 605 603
f 451 453 607
f 451 607 605
f 453 455 609
f 453 609 607
f 455 457 611
f 455 611 609
f 457 459 613
f 457 613 611
f 459 461 615
f 459 615 613
f 463 465 619
f 463 619 617
f 465 467 621
f 465 621 619
f 467 469 623
f 467 623 621
f 469 471 625
f 469 625 623
f 471 473 627
f 471 627 625
f 473 475 629
f 473 629 627
f 475 477 631
f 475 631 629
f 477 479 633
f 477 633 631
f 479 481 635
f 479 635 633
f 481 483 637
f 481 637 635
f 483 485 639
f 483 639 637
f 485 487 641
f 485 641 639
f 487 489 643
f 487 643 641
f 489 491 645
f 489 645 643
f 491 493 647
f 491 647 645
f 493 495 649
f 493 649 647
f 495 497 651
f 495 651 649
f 497 499 653
f 497 653 651
f 499 501 655
f 499 655 653
f 501 503 657
f 501 657 655
f 503 505 659
f 503 659 657
f 505 507 661
f 505 661 659
f 507 509 663
f 507 663 661
f 509 511 665
f 509 665 663
f 511 513 667
f 511 667 665
f 513 515 669
f 513 669 667
f 515 517 671
f 515 671 669
f 517 519 673
f 517 673 671
f 519 521 675
f 519 675 673
f 521 523 677
f 521 677 675
f 523 525 679
f 523 679 677
f 525 527 681
f 525 681 679
f 527 529 683
f 527 683 681
f 529 531 685
f 529 685 683
f 531 533 687
f 531 687 685
f 533 535 689
f 533 689 687
f 535 537 691
f 535 691 689
f 537 539 693
f 537 693 691
f 539 541 695
f 539 695 693
f 541 543 697
f 541 697 695
f 543 545 699
f 543 699 697
f 545 547 701
f 545 701 699
f 547 549 703
f 547 703 701
f 549 551 705
f 549 705 703
f 551 553 707
f 551 707 705
f 553 555 709
f 553 709 707
f 555 557 711
f 555 711 709
f 557 559 713
f 557 713 711
f 559 561 715
f 559 715 713
f 561 563 717
f 561 717 715
f 563 565 719
f 563 719 717
f 565 567 721
f 565 721 719
f 567 569 723
f 567 723 721
f 569 571 725
f 569 725 723
f 571 573 727
f 571 727 725
f 573 575 729
f 573 729 727
f 575 577 731
f 575 731 729
f 577 579 733
f 577 733 731
f 579 581 735
f 579 735 733
f 581 583 737
f 581 737 735
f 583 585 739
f 583 739 737
f 585 587 741
f 585 741 739
f 587 589 743
f 587 743 741
f 589 591 745
f 589 745 743
f 591 593 747
f 591 747 745
f 593 595 749
f 593 749 747
f 595 597 751
f 595 751 749
f 597 599 753
f 597 753 751
f 599 601 755
f 599 755 753
f 601 603 757
f 601 757 755
f 603 605 759
f 603 759 757
f 605 607 761
f 605 761 759
f 607 609 763
f 607 763 761
f 609 611 765
f 609 765 763
f 611 613 767
f 611 767 765
f 613 615 769
f 613 769 767
f 617 619 773
f 617 773 771
f 619 621 775
f 619 775 773
f 621 623 777
f 621 777 775
f 623 625 779
f 623 779 777
f 625 627 781
f 625 781 779
f 627 629 783
f 627 783 781
f 629 631 785
f 629 785 783
f 631 633 787
f 631 787 785
f 633 635 789
f 633 789 787
f 635 637 791
f 635 791 789
f 637 639 793
f 637 793 791
f 639 641 795
f 639 795 793
f 641 643 797
f 641 797 795
f 643 645 799
f 643 799 797
f 645 647 801
f 645 801 799
f 647 649 803
f 647 803 801
f 649 651 805
f 649 805 803
f 651 653 807
f 651 807 805
f 653 655 809
f 653 809 807
f 655 657 811
f 655 811 809
f 657 659 813
f 657 813 811
f 659 661 815
f 659 815 813
f 661 663 817
f 661 817 815
f 663 665 819
f 663 819 817
f 665 667 821
f 665 821 819
f 667 669 823
f 667 823 821
f 669 671 825
f 669 825 823
f 671 673 827
f 671 827 825
f 673 675 829
f 673 829 827
f 675 677 831
f 675 831 829
f 677 679 833
f 677 833 831
f 679 681 835
f 679 835 833
f 681 683 837
f 681 837 835
f 683 685 839
f 683 839 837
f 685 687 841
f 685 841 839
f 687 689 843
f 687 843 841
f 689 691 845
f 689 845 843
f 691 693 847
f 691 847 845
f 693 695 849
f 693 849 847
f 695 697 851
f 695 851 849
f 697 699 853
f 697 853 851
f 699 701 855
f 699 855 853
f 701 703 857
f 701 857 855
f 703 705 859
f 703 859 857
f 705 707 861
f 705 861 859
f 707 709 863
f 707 863 861
f 709 711 865
f 709 865 863
f 711 713 867
f 711 867 865
f 713 715 869
f 713 869 867
f 715 717 871
f 715 871 869
f 717 719 873
f 717 873 871
f 719 721 875
f 719 875 873
f 721 723 877
f 721 877 875
f 723 725 879
f 723 879 877
f 725 727 881
f 725 881 879
f 727 729 883
f 727 883 881
f 729 731 885
f 729 885 883
f 731 733 887
f 731 887 885
f 733 735 889
f 733 889 887
f 735 737 891
f 735 891 889
f 737 739 893
f 737 893 891
f 739 741 895
f 739 895 893
f 741 743 897
f 741 897 895
f 743 745 899
f 743 899 897
f 745 747 901
f 745 901 899
f 747 749 903
f 747 903 901
f 749 751 905
f 749 905 903
f 751 753 907
f 751 907 905
f 753 755 909
f 753 909 907
f 755 757 911
f 755 911 909
f 757 759 913
f 757 913 911
f 759 761 915
f 759 915 913
f 761 763 917
f 761 917 915
f 763 765 919
f 763 919 917
f 765 767 921
f 765 921 919
f 767 769 923
f 767 923 921
f 771 773 927
f 771 927 925
f 773 775 929
f 773 929 927
f 775 777 931
f 775 931 929
f 777 779 933
f 777 933 931
f 779 781 935
f 779 935 933
f 781 783 937
f 781 937 935
f 783 785 939
f 783 939 937
f 785 787 941
f 785 941 939
f 787 789 943
f 787 943 941
f 789 791 945
f 789 945 943
f 791 793 947
f 791 947 945
f 793 795 949
f 793 949 947
f 795 797 951
f 795 951 949
f 797 799 953
f 797 953 951
f 799 801 955
f 799 955 953
f 801 803 957
f 801 957 955
f 803 805 959
f 803 959 957
f 805 807 961
f 805 961 959
f 807 809 963
f 807 963 961
f 809 811 965
f 809 965 963
f 811 813 967
f 811 967 965
f 813 815 969
f 813 969 967
f 815 817 971
f 815 971 969
f 817 819 973
f 817 973 971
f 819 821 975
f 819 975 973
f 821 823 977
f 821 977 975
f 823 825 979
f 823 979 977
f 825 827 981
f 825 981 979
f 827 829 983
f 827 983 981
f 829 831 985
f 829 985 983
f 831 833 987
f 831 987 985
f 833 835 989
f 833 989 987
f 835 837 991
f 835 991 989
f 837 839 993
f 837 993 991
f 839 841 995
f 839 995 993
f 841 843 997
f 841 997 995
f 843 845 999
f 843 999 997
f 845 847 1001
f 845 1001 999
f 847 849 1003
f 847 1003 1001
f 849 851 1005
f 849 1005 1003
f 851 853 1007
f 851 1007 1005
f 853 855 1009
f 853 1009 1007
f 855 857 1011
f 855 1011 1009
f 857 859 1013
f 857 1013 1011
f 859 861 1015
f 859 1015 1013
f 861 863 1017
f 861 1017 1015
f 863 865 1019
f 863 1019 1017
f 865 867 1021
f 865 1021 1019
f 867 869 1023
f 867 1023 1021
f 869 871 1025
f 869 1025 1023
f 871 873 1027
f 871 1027 1025
f 873 875 1029
f 873 1029 1027
f 875 877 1031
f 875 1031 1029
f 877 879 1033
f 877 1033 1031
f 879 881 1035
f 879 1035 1033
f 881 883 1037
f 881 1037 1035
f 883 885 1039
f 883 1039 1037
f 885 887 1041
f 885 1041 1039
f 887 889 1043
f 887 1043 1041
f 889 891 1045
f 889 1045 1043
f 891 893 1047
f 891 1047 1045
f 893 895 1049
f 893 1049 1047
f 895 897 1051
f 895 1051 1049
f 897 899 1053
f 897 1053 1051
f 899 901 1055
f 899 1055 1053
f 901 903 1057
f 901 1057 1055
f 903 905 1059
f 903 1059 1057
f 905 907 1061
f 905 1061 1059
f 907 909 1063
f 907 1063 1061
f 909 911 1065
f 909 1065 1063
f 911 913 1067
f 911 1067 1065
f 913 915 1069
f 913 1069 1067
f 915 917 1071
f 915 1071 1069
f 917 919 1073
f 917 1073 1071
f 919 921 1075
f 919 1075 1073
f 921 923 1077
f 921 1077 1075
f 925 927 1081
f 925 1081 1079
f 927 929 1083
f 927 1083 1081
f 929 931 1085
f 929 1085 1083
f 931 933 1087
f 931 1087 1085
f 933 935 1089
f 933 1089 1087
f 935 937 1091
f 935 1091 1089
f 937 939 1093
f 937 1093 1091
f 939 941 1095
f 939 1095 1093
f 941 943 1097
f 941 1097 1095
f 943 945 1099
f 943 1099 1097
f 945 947 1101
f 945 1101 1099
f 947 949 1103
f 947 1103 1101
f 949 951 1105
f 949 1105 1103
f 951 953 1107
f 951 1107 1105
f 953 955 1109
f 953 1109 1107
f 955 957 1111
f 955 1111 1109
f 957 959 1113
f 957 1113 1111
f 959 961 1115
f 959 1115 1113
f 961 963 1117
f 961 1117 1115
f 963 965 1119
f 963 1119 1117
f 965 967 1121
f 965 1121 1119
f 967 969 1123
f 967 1123 1121
f 969 971 1125
f 969 1125 1123
f 971 973 1127
f 971 1127 1125
f 973 975 1129
f 973 1129 1127
f 975 977 1131
f 975 1131 1129
f 977 979 1133
f 977 1133 1131
f 979 981 1135
f 979 1135 1133
f 981 983 1137
f 981 1137 1135
f 983 985 1139
f 983 1139 1137
f 985 987 1141
f 985 1141 1139
f 987 989 1143
f 987 1143 1141
f 989 991 1145
f 989 1145 1143
f 991 993 1147
f 991 1147 1145
f 993 995 1149
f 993 1149 1147
f 995 997 1151
f 995 1151 1149
f 997 999 1153
f 997 1153 1151
f 999 1001 1155
f 999 1155 1153
f 1001 1003 1157
f 1001 1157 1155
f 1003 1005 1159
f 1003 1159 1157
f 1005 1007 1161
f 1005 1161 1159
f 1007 1009 1163
f 1007 1163 1161
f 1009 1011 1165
f 1009 1165 1163
f 1011 1013 1167
f 1011 1167 1165
f 1013 1015 1169
f 1013 1169 1167
f 1015 1017 1171
f 1015 1171 1169
f 1017 1019 1173
f 1017 1173 1171
f 1019 1021 1175
f 1019 1175 1173
f 1021 1023 1177
f 1021 1177 1175
f 1023 1025 1179
f 1023 1179 1177
f 1025 1027 1181
f 1025 1181 1179
f 1027 1029 1183
f 1027 1183 1181
f 1029 1031 1185
f 1029 1185 1183
f 1031 1033 1187
f 1031 1187 1185
f 1033 1035 1189
f 1033 1189 1187
f 1035 1037 1191
f 1035 1191 1189
f 1037 1039 1193
f 1037 1193 1191
f 1039 1041 1195
f 1039 1195 1193
f 1041 1043 1197
f 1041 1197 1195
f 1043 1045 1199
f 1043 1199 1197
f 1045 1047 1201
f 1045 1201 1199
f 1047 1049 1203
f 1047 1203 1201
f 1049 1051 1205
f 1049 1205 1203
f 1051 1053 1207
f 1051 1207 1205
f 1053 1055 1209
f 1053 1209 1207
f 1055 1057 1211
f 1055 1211 1209
f 1057 1059 1213
f 1057 1213 1211
f 1059 1061 1215
f 1059 1215 1213
f 1061 1063 1217
f 1061 1217 1215
f 1063 1065 1219
f 1063 1219 1217
f 1065 1067 1221
f 1065 1221 1219
f 1067 1069 1223
f 1067 1223 1221
f 1069 1071 1225
f 1069 1225 1223
f 1071 1073 1227
f 1071 1227 1225
f 1073 1075 1229
f 1073 1229 1227
f 1075 1077 1231
f 1075 1231 1229
f 1079 1081 1235
f 1079 1235 1233
f 1081 1083 1237
f 1081 1237 1235
f 1083 1085 1239
f 1083 1239 1237
f 1085 1087 1241
f 1085 1241 1239
f 1087 1089 1243
f 1087 1243 1241
f 1089 1091 1245
f 1089 1245 1243
f 1091 1093 1247
f 1091 1247 1245
f 1093 1095 1249
f 1093 1249 1247
f 1095 1097 1251
f 1095 1251 1249
f 1097 1099 1253
f 1097 1253 1251
f 1099 1101 1255
f 1099 1255 1253
f 1101 1103 1257
f 1101 1257 1255
f 1103 1105 1259
f 1103 1259 1257
f 1105 1107 1261
f 1105 1261 1259
f 1107 1109 1263
f 1107 1263 1261
f 1109 1111 1265
f 1109 1265 1263
f 1111 1113 1267
f 1111 1267 1265
f 1113 1115 1269
f 1113 1269 1267
f 1115 1117 1271
f 1115 1271 1269
f 1117 1119 1273
f 1117 1273 1271
f 1119 1121 1275
f 1119 1275 1273
f 1121 1123 1277
f 1121 1277 1275
f 1123 1125 1279
f 1123 1279 1277
f 1125 1127 1281
f 1125 1281 1279
f 1127 1129 1283
f 1127 1283 1281
f 1129 1131 1285
f 1129 1285 1283
f 1131 1133 1287
f 1131 1287 1285
f 1133 1135 1289
f 1133 1289 1287
f 1135 1137 1291
f 1135 1291 1289
f 1137 1139 1293
f 1137 1293 1291
f 1139 1141 1295
f 1139 1295 1293
f 1141 1143 1297
f 1141 1297 1295
f 1143 1145 1299
f 1143 1299 1297
f 1145 1147 1301
f 1145 1301 1299
f 1147 1149 1303
f 1147 1303 1301
f 1149 1151 1305
f 1149 1305 1303
f 1151 1153 1307
f 1151 1307 1305
f 1153 1155 1309
f 1153 1309 1307
f 1155 1157 1311
f 1155 1311 1309
f 1157 1159 1313
f 1157 1313 1311
f 1159 1161 1315
f 1159 1315 1313
f 1161 1163 1317
f 1161 1317 1315
f 1163 1165 1319
f 1163 1319 1317
f 1165 1167 1321
f 1165 1321 1319
f 1167 1169 1323
f 1167 1323 1321
f 1169 1171 1325
f 1169 1325 1323
f 1171 1173 1327
f 1171 1327 1325
f 1173 1175 1329
f 1173 1329 1327
f 1175 1177 1331
f 1175 1331 1329
f 1177 1179 1333
f 1177 1333 1331
f 1179 1181 1335
f 1179 1335 1333
f 1181 1183 1337
f 1181 1337 1335
f 1183 1185 1339
f 1183 1339 1337
f 1185 1187 1341
f 1185 1341 1339
f 1187 1189 1343
f 1187 1343 1341
f 1189 1191 1345
f 1189 1345 1343
f 1191 1193 1347
f 1191 1347 1345
f 1193 1195 1349
f 1193 1349 1347
f 1195 1197 1351
f 1195 1351 1349
f 1197 1199 1353
f 1197 1353 1351
f 1199 1201 1355
f 1199 1355 1353
f 1201 1203 1357
f 1201 1357 1355
f 1203 1205 1359
f 1203 1359 1357
f 1205 1207 1361
f 1205 1361 1359
f 1207 1209 1363
f 1207 1363 1361
f 1209 1211 1365
f 1209 1365 1363
f 1211 1213 1367
f 1211 1367 1365
f 1213 1215 1369
f 1213 1369 1367
f 1215 1217 1371
f 1215 1371 1369
f 1217 1219 1373
f 1217 1373 1371
f 1219 1221 1375
f 1219 1375 1373
f 1221 1223 1377
f 1221 1377 1375
f 1223 1225 1379
f 1223 1379 1377
f 1225 1227 1381
f 1225 1381 1379
f 1227 1229 1383
f 1227 1383 1381
f 1229 1231 1385
f 1229 1385 1383
f 1233 1235 1389
f 1233 1389 1387
f 1235 1237 1391
f 1235 1391 1389
f 1237 1239 1393
f 1237 1393 1391
f 1239 1241 1395
f 1239 1395 1393
f 1241 1243 1397
f 1241 1397 1395
f 1243 1245 1399
f 1243 1399 1397
f 1245 1247 1401
f 1245 1401 1399
f 1247 1249 1403
f 1247 1403 1401
f 1249 1251 1405
f 1249 1405 1403
f 1251 1253 1407
f 1251 1407 1405
f 1253 1255 1409
f 1253 1409 1407
f 1255 1257 1411
f 1255 1411 1409
f 1257 1259 1413
f 1257 1413 1411
f 1259 1261 1415
f 1259 1415 1413
f 1261 1263 1417
f 1261 1417 1415
f 1263 1265 1419
f 1263 1419 1417
f 1265 1267 1421
f 1265 1421 1419
f 1267 1269 1423
f 1267 1423 1421
f 1269 1271 1425
f 1269 1425 1423
f 1271 1273 1427
f 1271 1427 1425
f 1273 1275 1429
f 1273 1429 1427
f 1275 1277 1431
f 1275 1431 1429
f 1277 1279 1433
f 1277 1433 1431
f 1279 1281 1435
f 1279 1435 1433
f 1281 1283 1437
f 1281 1437 1435
f 1283 1285 1439
f 1283 1439 1437
f 1285 1287 1441
f 1285 1441 1439
f 1287 1289 1443
f 1287 1443 1441
f 1289 1291 1445
f 1289 1445 1443
f 1291 1293 1447
f 1291 1447 1445
f 1293 1295 1449
f 1293 1449 1447
f 1295 1297 1451
f 1295 1451 1449
f 1297 1299 1453
f 1297 1453 1451
f 1299 1301 1455
f 1299 1455 1453
f 1301 1303 1457
f 1301 1457 1455
f 1303 1305 1459
f 1303 1459 1457
f 1305 1307 1461
f 1305 1461 1459
f 1307 1309 1463
f 1307 1463 1461
f 1309 1311 1465
f 1309 1465 1463
f 1311 1313 1467
f 1311 1467 1465
f 1313 1315 1469
f 1313 1469 1467
f 1315 1317 1471
f 1315 1471 1469
f 1317 1319 1473
f 1317 1473 1471
f 1319 1321 1475
f 1319 1475 1473
f 1321 1323 1477
f 1321 1477 1475
f 1323 1325 1479
f 1323 1479 1477
f 1325 1327 1481
f 1325 1481 1479
f 1327 1329 1483
f 1327 1483 1481
f 1329 1331 1485
f 1329 1485 1483
f 1331 1333 1487
f 1331 1487 1485
f 1333 1335 1489
f 1333 1489 1487
f 1335 1337 1491
f 1335 1491 1489
f 1337 1339 1493
f 1337 1493 1491
f 1339 1341 1495
f 1339 1495 1493
f 1341 1343 1497
f 1341 1497 1495
f 1343 1345 1499
f 1343 1499 1497
f 1345 1347 1501
f 1345 1501 1499
f 1347 1349 1503
f 1347 1503 1501
f 1349 1351 1505
f 1349 1505 1503
f 1351 1353 1507
f 1351 1507 1505
f 1353 1355 1509
f 1353 1509 1507
f 1355 1357 1511
f 1355 1511 1509
f 1357 1359 1513
f 1357 1513 1511
f 1359 1361 1515
f 1359 1515 1513
f 1361 1363 1517
f 1361 1517 1515
f 1363 1365 1519
f 1363 1519 1517
f 1365 1367 1521
f 1365 1521 1519
f 1367 1369 1523
f 1367 1523 1521
f 1369 1371 1525
f 1369 1525 1523
f 1371 1373 1527
f 1371 1527 1525
f 1373 1375 1529
f 1373 1529 1527
f 1375 1377 1531
f 1375 1531 1529
f 1377 1379 1533
f 1377 1533 1531
f 1379 1381 1535
f 1379 1535 1533
f 1381 1383 1537
f 1381 1537 1535
f 1383 1385 1539
f 1383 1539 1537
f 1387 1389 1543
f 1387 1543 1541
f 1389 1391 1545
f 1389 1545 1543
f 1391 1393 1547
f 1391 1547 1545
f 1393 1395 1549
f 1393 1549 1547
f 1395 1397 1551
f 1395 1551 1549
f 1397 1399 1553
f 1397 1553 1551
f 1399 1401 1555
f 1399 1555 1553
f 1401 1403 1557
f 1401 1557 1555
f 1403 1405 1559
f 1403 1559 1557
f 1405 1407 1561
f 1405 1561 1559
f 1407 1409 1563
f 1407 1563 1561
f 1409 1411 1565
f 1409 1565 1563
f 1411 1413 1567
f 1411 1567 1565
f 1413 1415 1569
f 1413 1569 1567
f 1415 1417 1571
f 1415 1571 1569
f 1417 1419 1573
f 1417 1573 1571
f 1419 1421 1575
f 1419 1575 1573
f 1421 1423 1577
f 1421 1577 1575
f 1423 1425 1579
f 1423 1579 1577
f 1425 1427 1581
f 1425 1581 1579
f 1427 1429 1583
f 1427 1583 1581
f 1429 1431 1585
f 1429 1585 1583
f 1431 1433 1587
f 1431 1587 1585
f 1433 1435 1589
f 1433 1589 1587
f 1435 1437 1591
f 1435 1591 1589
f 1437 1439 1593
f 1437 1593 1591
f 1439 1441 1595
f 1439 1595 1593
f 1441 1443 1597
f 1441 1597 1595
f 1443 1445 1599
f 1443 1599 1597
f 1445 1447 1601
f 1445 1601 1599
f 1447 1449 1603
f 1447 1603 1601
f 1449 1451 1605
f 1449 1605 1603
f 1451 1453 1607
f 1451 1607 1605
f 1453 1455 1609
f 1453 1609 1607
f 1455 1457 1611
f 1455 1611 1609
f 1457 1459 1613
f 1457 1613 1611
f 1459 1461 1615
f 1459 1615 1613
f 1461 1463 1617
f 1461 1617 1615
f 1463 1465 1619
f 1463 1619 1617
f 1465 1467 1621
f 1465 1621 1619
f 1467 1469 1623
f 1467 1623 1621
f 1469 1471 1625
f 1469 1625 1623
f 1471 1473 1627
f 1471 1627 1625
f 1473 1475 1629
f 1473 1629 1627
f 1475 1477 1631
f 1475 1631 1629
f 1477 1479 1633
f 1477 1633 1631
f 1479 1481 1635
f 1479 1635 1633
f 1481 1483 1637
f 1481 1637 1635
f 1483 1485 1639
f 1483 1639 1637
f 1485 1487 1641
f 1485 1641 1639
f 1487 1489 1643
f 1487 1643 1641
f 1489 1491 1645
f 1489 1645 1643
f 1491 1493 1647
f 1491 1647 1645
f 1493 1495 1649
f 1493 1649 1647
f 1495 1497 1651
f 1495 1651 1649
f 1497 1499 1653
f 1497 1653 1651
f 1499 1501 1655
f 1499 1655 1653
f 1501 1503 1657
f 1501 1657 1655
f 1503 1505 1659
f 1503 1659 1657
f 1505 1507 1661
f 1505 1661 1659
f 1507 1509 1663
f 1507 1663 1661
f 1509 1511 1665
f 1509 1665 1663
f 1511 1513 1667
f 1511 1667 1665
f 1513 1515 1669
f 1513 1669 1667
f 1515 1517 1671
f 1515 1671 1669
f 1517 1519 1673
f 1517 1673 1671
f 1519 1521 1675
f 1519 1675 1673
f 1521 1523 1677
f 1521 1677 1675
f 1523 1525 1679
f 1523 1679 1677
f 1525 1527 1681
f 1525 1681 1679
f 1527 1529 1683
f 1527 1683 1681
f 1529 1531 1685
f 1529 1685 1683
f 1531 1533 1687
f 1531 1687 1685
f 1533 1535 1689
f 1533 1689 1687
f 1535 1537 1691
f 1535 1691 1689
f 1537 1539 1693
f 1537 1693 1691
f 1541 1543 1697
f 1541 1697 1695
f 1543 1545 1699
f 1543 1699 1697
f 1545 1547 1701
f 1545 1701 1699
f 1547 1549 1703
f 1547 1703 1701
f 1549 1551 1705
f 1549 1705 1703
f 1551 1553 1707
f 1551 1707 1705
f 1553 1555 1709
f 1553 1709 1707
f 1555 1557 1711
f 1555 1711 1709
f 1557 1559 1713
f 1557 1713 1711
f 1559 1561 1715
f 1559 1715 1713
f 1561 1563 1717
f 1561 1717 1715
f 1563 1565 1719
f 1563 1719 1717
f 1565 1567 1721
f 1565 1721 1719
f 1567 1569 1723
f 1567 1723 1721
f 1569 1571 1725
f 1569 1725 1723
f 1571 1573 1727
f 1571 1727 1725
f 1573 1575 1729
f 1573 1729 1727
f 1575 1577 1731
f 1575 1731 1729
f 1577 1579 1733
f 1577 1733 1731
f 1579 1581 1735
f 1579 1735 1733
f 1581 1583 1737
f 1581 1737 1735
f 1583 1585 1739
f 1583 1739 1737
f 1585 1587 1741
f 1585 1741 1739
f 1587 1589 1743
f 1587 1743 1741
f 1589 1591 1745
f 1589 1745 1743
f 1591 1593 1747
f 1591 1747 1745
f 1593 1595 1749
f 1593 1749 1747
f 1595 1597 1751
f 1595 1751 1749
f 1597 1599 1753
f 1597 1753 1751
f 1599 1601 1755
f 1599 1755 1753
f 1601 1603 1757
f 1601 1757 1755
f 1603 1605 1759
f 1603 1759 1757
f 1605 1607 1761
f 1605 1761 1759
f 1607 1609 1763
f 1607 1763 1761
f 1609 1611 1765
f 1609 1765 1763
f 1611 1613 1767
f 1611 1767 1765
f 1613 1615 1769
f 1613 1769 1767
f 1615 1617 1771
f 1615 1771 1769
f 1617 1619 1773
f 1617 1773 1771
f 1619 1621 1775
f 1619 1775 1773
f 1621 1623 1777
f 1621 1777 1775
f 1623 1625 1779
f 1623 1779 1777
f 1625 1627 1781
f 1625 1781 1779
f 1627 1629 1783
f 1627 1783 1781
f 1629 1631 1785
f 1629 1785 1783
f 1631 1633 1787
f 1631 1787 1785
f 1633 1635 1789
f 1633 1789 1787
f 1635 1637 1791
f 1635 1791 1789
f 1637 1639 1793
f 1637 1793 1791
f 1639 1641 1795
f 1639 1795 1793
f 1641 1643 1797
f 1641 1797 1795
f 1643 1645 1799
f 1643 1799 1797
f 1645 1647 1801
f 1645 1801 1799
f 1647 1649 1803
f 1647 1803 1801
f 1649 1651 1805
f 1649 1805 1803
f 1651 1653 1807
f 1651 1807 1805
f 1653 1655 1809
f 1653 1809 1807
f 1655 1657 1811
f 1655 1811 1809
f 1657 1659 1813
f 1657 1813 1811
f 1659 1661 1815
f 1659 1815 1813
f 1661 1663 1817
f 1661 1817 1815
f 1663 1665 1819
f 1663 1819 1817
f 1665 1667 1821
f 1665 1821 1819
f 1667 1669 1823
f 1667 1823 1821
f 1669 1671 1825
f 1669 1825 1823
f 1671 1673 1827
f 1671 1827 1825
f 1673 1675 1829
f 1673 1829 1827
f 1675 1677 1831
f 1675 1831 1829
f 1677 1679 1833
f 1677 1833 1831
f 1679 1681 1835
f 1679 1835 1833
f 1681 1683 1837
f 1681 1837 1835
f 1683 1685 1839
f 1683 1839 1837
f 1685 1687 1841
f 1685 1841 1839
f 1687 1689 1843
f 1687 1843 1841
f 1689 1691 1845
f 1689 1845 1843
f 1691 1693 1847
f 1691 1847 1845
f 1695 1697 1851
f 1695 1851 1849
f 1697 1699 1853
f 1697 1853 1851
f 1699 1701 1855
f 1699 1855 1853
f 1701 1703 1857
f 1701 1857 1855
f 1703 1705 1859
f 1703 1859 1857
f 1705 1707 1861
f 1705 1861 1859
f 1707 1709 1863
f 1707 1863 1861
f 1709 1711 1865
f 1709 1865 1863
f 1711 1713 1867
f 1711 1867 1865
f 1713 1715 1869
f 1713 1869 1867
f 1715 1717 1871
f 1715 1871 1869
f 1717 1719 1873
f 1717 1873 1871
f 1719 1721 1875
f 1719 1875 1873
f 1721 1723 1877
f 1721 1877 1875
f 1723 1725 1879
f 1723 1879 1877
f 1725 1727 1881
f 1725 1881 1879
f 1727 1729 1883
f 1727 1883 1881
f 1729 1731 1885
f 1729 1885 1883
f 1731 1733 1887
f 1731 1887 1885
f 1733 1735 1889
f 1733 1889 1887
f 1735 1737 1891
f 1735 1891 1889
f 1737 1739 1893
f 1737 1893 1891
f 1739 1741 1895
f 1739 1895 1893
f 1741 1743 1897
f 1741 1897 1895
f 1743 1745 1899
f 1743 1899 1897
f 1745 1747 1901
f 1745 1901 1899
f 1747 1749 1903
f 1747 1903 1901
f 1749 1751 1905
f 1749 1905 1903
f 1751 1753 1907
f 1751 1907 1905
f 1753 1755 1909
f 1753 1909 1907
f 1755 1757 1911
f 1755 1911 1909
f 1757 1759 1913
f 1757 1913 1911
f 1759 1761 1915
f 1759 1915 1913
f 1761 1763 1917
f 1761 1917 1915
f 1763 1765 1919
f 1763 1919 1917
f 1765 1767 1921
f 1765 1921 1919
f 1767 1769 1923
f 1767 1923 1921
f 1769 1771 1925
f 1769 1925 1923
f 1771 1773 1927
f 1771 1927 1925
f 1773 1775 1929
f 1773 1929 1927
f 1775 1777 1931
f 1775 1931 1929
f 1777 1779 1933
f 1777 1933 1931
f 1779 1781 1935
f 1779 1935 1933
f 1781 1783 1937
f 1781 1937 1935
f 1783 1785 1939
f 1783 1939 1937
f 1785 1787 1941
f 1785 1941 1939
f 1787 1789 1943
f 1787 1943 1941
f 1789 1791 1945
f 1789 1945 1943
f 1791 1793 1947
f 1791 1947 1945
f 1793 1795 1949
f 1793 1949 1947
f 1795 1797 1951
f 1795 1951 1949
f 1797 1799 1953
f 1797 1953 1951
f 1799 1801 1955
f 1799 1955 1953
f 1801 1803 1957
f 1801 1957 1955
f 1803 1805 1959
f 1803 1959 1957
f 1805 1807 1961
f 1805 1961 1959
f 1807 1809 1963
f 1807 1963 1961
f 1809 1811 1965
f 1809 1965 1963
f 1811 1813 1967
f 1811 1967 1965
f 1813 1815 1969
f 1813 1969 1967
f 1815 1817 1971
f 1815 1971 1969
f 1817 1819 1973
f 1817 1973 1971
f 1819 1821 1975
f 1819 1975 1973
f 1821 1823 1977
f 1821 1977 1975
f 1823 1825 1979
f 1823 1979 1977
f 1825 1827 1981
f 1825 1981 1979
f 1827 1829 1983
f 1827 1983 1981
f 1829 1831 1985
f 1829 1985 1983
f 1831 1833 1987
f 1831 1987 1985
f 1833 1835 1989
f 1833 1989 1987
f 1835 1837 1991
f 1835 1991 1989
f 1837 1839 1993
f 1837 1993 1991
f 1839 1841 1995
f 1839 1995 1993
f 1841 1843 1997
f 1841 1997 1995
f 1843 1845 1999
f 1843 1999 1997
f 1845 1847 2001
f 1845 2001 1999
f 1849 1851 2005
f 1849 2005 2003
f 1851 1853 2007
f 1851 2007 2005
f 1853 1855 2009
f 1853 2009 2007
f 1855 1857 2011
f 1855 2011 2009
f 1857 1859 2013
f 1857 2013 2011
f 1859 1861 2015
f 1859 2015 2013
f 1861 1863 2017
f 1861 2017 2015
f 1863 1865 2019
f 1863 2019 2017
f 1865 1867 2021
f 1865 2021 2019
f 1867 1869 2023
f 1867 2023 2021
f 1869 1871 2025
f 1869 2025 2023
f 1871 1873 2027
f 1871 2027 2025
f 1873 1875 2029
f 1873 2029 2027
f 1875 1877 2031
f 1875 2031 2029
f 1877 1879 2033
f 1877 2033 2031
f 1879 1881 2035
f 1879 2035 2033
f 1881 1883 2037
f 1881 2037 2035
f 1883 1885 2039
f 1883 2039 2037
f 1885 1887 2041
f 1885 2041 2039
f 1887 1889 2043
f 1887 2043 2041
f 1889 1891 2045
f 1889 2045 2043
f 1891 1893 2047
f 1891 2047 2045
f 1893 1895 2049
f 1893 2049 2047
f 1895 1897 2051
f 1895 2051 2049
f 1897 1899 2053
f 1897 2053 2051
f 1899 1901 2055
f 1899 2055 2053
f 1901 1903 2057
f 1901 2057 2055
f 1903 1905 2059
f 1903 2059 2057
f 1905 1907 2061
f 1905 2061 2059
f 1907 1909 2063
f 1907 2063 2061
f 1909 1911 2065
f 1909 2065 2063
f 1911 1913 2067
f 1911 2067 2065
f 1913 1915 2069
f 1913 2069 2067
f 1915 1917 2071
f 1915 2071 2069
f 1917 1919 2073
f 1917 2073 2071
f 1919 1921 2075
f 1919 2075 2073
f 1921 1923 2077
f 1921 2077 2075
f 1923 1925 2079
f 1923 2079 2077
f 1925 1927 2081
f 1925 2081 2079
f 1927 1929 2083
f 1927 2083 2081
f 1929 1931 2085
f 1929 2085 2083
f 1931 1933 2087
f 1931 2087 2085
f 1933 1935 2089
f 1933 2089 2087
f 1935 1937 2091
f 1935 2091 2089
f 1937 1939 2093
f 1937 2093 2091
f 1939 1941 2095
f 1939 2095 2093
f 1941 1943 2097
f 1941 2097 2095
f 1943 1945 2099
f 1943 2099 2097
f 1945 1947 2101
f 1945 2101 2099
f 1947 1949 2103
f 1947 2103 2101
f 1949 1951 2105
f 1949 2105 2103
f 1951 1953 2107
f 1951 2107 2105
f 1953 1955 2109
f 1953 2109 2107
f 1955 1957 2111
f 1955 2111 2109
f 1957 1959 2113
f 1957 2113 2111
f 1959 1961 2115
f 1959 2115 2113
f 1961 1963 2117
f 1961 2117 2115
f 1963 1965 2119
f 1963 2119 2117
f 1965 1967 2121
f 1965 2121 2119
f 1967 1969 2123
f 1967 2123 2121
f 1969 1971 2125
f 1969 2125 2123
f 1971 1973 2127
f 1971 2127 2125
f 1973 1975 2129
f 1973 2129 2127
f 1975 1977 2131
f 1975 2131 2129
f 1977 1979 2133
f 1977 2133 2131
f 1979 1981 2135
f 1979 2135 2133
f 1981 1983 2137
f 1981 2137 2135
f 1983 1985 2139
f 1983 2139 2137
f 1985 1987 2141
f 1985 2141 2139
f 1987 1989 2143
f 1987 2143 2141
f 1989 1991 2145
f 1989 2145 2143
f 1991 1993 2147
f 1991 2147 2145
f 1993 1995 2149
f 1993 2149 2147
f 1995 1997 2151
f 1995 2151 2149
f 1997 1999 2153
f 1997 2153 2151
f 1999 2001 2155
f 1999 2155 2153
f 2003 2005 2159
f 2003 2159 2157
f 2005 2007 2161
f 2005 2161 2159
f 2007 2009 2163
f 2007 2163 2161
f 2009 2011 2165
f 2009 2165 2163
f 2011 2013 2167
f 2011 2167 2165
f 2013 2015 2169
f 2013 2169 2167
f 2015 2017 2171
f 2015 2171 2169
f 2017 2019 2173
f 2017 2173 2171
f 2019 2021 2175
f 2019 2175 2173
f 2021 2023 2177
f 2021 2177 2175
f 2023 2025 2179
f 2023 2179 2177
f 2025 2027 2181
f 2025 2181 2179
f 2027 2029 2183
f 2027 2183 2181
f 2029 2031 2185
f 2029 2185 2183
f 2031 2033 2187
f 2031 2187 2185
f 2033 2035 2189
f 2033 2189 2187
f 2035 2037 2191
f 2035 2191 2189
f 2037 2039 2193
f 2037 2193 2191
f 2039 2041 2195
f 2039 2195 2193
f 2041 2043 2197
f 2041 2197 2195
f 2043 2045 2199
f 2043 2199 2197
f 2045 2047 2201
f 2045 2201 2199
f 2047 2049 2203
f 2047 2203 2201
f 2049 2051 2205
f 2049 2205 2203
f 2051 2053 2207
f 2051 2207 2205
f 2053 2055 2209
f 2053 2209 2207
f 2055 2057 2211
f 2055 2211 2209
f 2057 2059 2213
f 2057 2213 2211
f 2059 2061 2215
f 2059 2215 2213
f 2061 2063 2217
f 2061 2217 2215
f 2063 2065 2219
f 2063 2219 2217
f 2065 2067 2221
f 2065 2221 2219
f 2067 2069 2223
f 2067 2223 2221
f 2069 2071 2225
f 2069 2225 2223
f 2071 2073 2227
f 2071 2227 2225
f 2073 2075 2229
f 2073 2229 2227
f 2075 2077 2231
f 2075 2231 2229
f 2077 2079 2233
f 2077 2233 2231
f 2079 2081 2235
f 2079 2235 2233
f 2081 2083 2237
f 2081 2237 2235
f 2083 2085 2239
f 2083 2239 2237
f 2085 2087 2241
f 2085 2241 2239
f 2087 2089 2243
f 2087 2243 2241
f 2089 2091 2245
f 2089 2245 2243
f 2091 2093 2247
f 2091 2247 2245
f 2093 2095 2249
f 2093 2249 2247
f 2095 2097 2251
f 2095 2251 2249
f 2097 2099 2253
f 2097 2253 2251
f 2099 2101 2255
f 2099 2255 2253
f 2101 2103 2257
f 2101 2257 2255
f 2103 2105 2259
f 2103 2259 2257
f 2105 2107 2261
f 2105 2261 2259
f 2107 2109 2263
f 2107 2263 2261
f 2109 2111 2265
f 2109 2265 2263
f 2111 2113 2267
f 2111 2267 2265
f 2113 2115 2269
f 2113 2269 2267
f 2115 2117 2271
f 2115 2271 2269
f 2117 2119 2273
f 2117 2273 2271
f 2119 2121 2275
f 2119 2275 2273
f 2121 2123 2277
f 2121 2277 2275
f 2123 2125 2279
f 2123 2279 2277
f 2125 2127 2281
f 2125 2281 2279
f 2127 2129 2283
f 2127 2283 2281
f 2129 2131 2285
f 2129 2285 2283
f 2131 2133 2287
f 2131 2287 2285
f 2133 2135 2289
f 2133 2289 2287
f 2135 2137 2291
f 2135 2291 2289
f 2137 2139 2293
f 2137 2293 2291
f 2139 2141 2295
f 2139 2295 2293
f 2141 2143 2297
f 2141 2297 2295
f 2143 2145 2299
f 2143 2299 2297
f 2145 2147 2301
f 2145 2301 2299
f 2147 2149 2303
f 2147 2303 2301
f 2149 2151 2305
f 2149 2305 2303
f 2151 2153 2307
f 2151 2307 2305
f 2153 2155 2309
f 2153 2309 2307
f 2157 2159 2313
f 2157 2313 2311
f 2159 2161 2315
f 2159 2315 2313
f 2161 2163 2317
f 2161 2317 2315
f 2163 2165 2319
f 2163 2319 2317
f 2165 2167 2321
f 2165 2321 2319
f 2167 2169 2323
f 2167 2323 2321
f 2169 2171 2325
f 2169 2325 2323
f 2171 2173 2327
f 2171 2327 2325
f 2173 2175 2329
f 2173 2329 2327
f 2175 2177 2331
f 2175 2331 2329
f 2177 2179 2333
f 2177 2333 2331
f 2179 2181 2335
f 2179 2335 2333
f 2181 2183 2337
f 2181 2337 2335
f 2183 2185 2339
f 2183 2339 2337
f 2185 2187 2341
f 2185 2341 2339
f 2187 2189 2343
f 2187 2343 2341
f 2189 2191 2345
f 2189 2345 2343
f 2191 2193 2347
f 2191 2347 2345
f 2193 2195 2349
f 2193 2349 2347
f 2195 2197 2351
f 2195 2351 2349
f 2197 2199 2353
f 2197 2353 2351
f 2199 2201 2355
f 2199 2355 2353
f 2201 2203 2357
f 2201 2357 2355
f 2203 2205 2359
f 2203 2359 2357
f 2205 2207 2361
f 2205 2361 2359
f 2207 2209 2363
f 2207 2363 2361
f 2209 2211 2365
f 2209 2365 2363
f 2211 2213 2367
f 2211 2367 2365
f 2213 2215 2369
f 2213 2369 2367
f 2215 2217 2371
f 2215 2371 2369
f 2217 2219 2373
f 2217 2373 2371
f 2219 2221 2375
f 2219 2375 2373
f 2221 2223 2377
f 2221 2377 2375
f 2223 2225 2379
f 2223 2379 2377
f 2225 2227 2381
f 2225 2381 2379
f 2227 2229 2383
f 2227 2383 2381
f 2229 2231 2385
f 2229 2385 2383
f 2231 2233 2387
f 2231 2387 2385
f 2233 2235 2389
f 2233 2389 2387
f 2235 2237 2391
f 2235 2391 2389
f 2237 2239 2393
f 2237 2393 2391
f 2239 2241 2395
f 2239 2395 2393
f 2241 2243 2397
f 2241 2397 2395
f 2243 2245 2399
f 2243 2399 2397
f 2245 2247 2401
f 2245 2401 2399
f 2247 2249 2403
f 2247 2403 2401
f 2249 2251 2405
f 2249 2405 2403
f 2251 2253 2407
f 2251 2407 2405
f 2253 2255 2409
f 2253 2409 2407
f 2255 2257 2411
f 2255 2411 2409
f 2257 2259 2413
f 2257 2413 2411
f 2259 2261 2415
f 2259 2415 2413
f 2261 2263 2417
f 2261 2417 2415
f 2263 2265 2419
f 2263 2419 2417
f 2265 2267 2421
f 2265 2421 2419
f 2267 2269 2423
f 2267 2423 2421
f 2269 2271 2425
f 2269 2425 2423
f 2271 2273 2427
f 2271 2427 2425
f 2273 2275 2429
f 2273 2429 2427
f 2275 2277 2431
f 2275 2431 2429
f 2277 2279 2433
f 2277 2433 2431
f 2279 2281 2435
f 2279 2435 2433
f 2281 2283 2437
f 2281 2437 2435
f 2283 2285 2439
f 2283 2439 2437
f 2285 2287 2441
f 2285 2441 2439
f 2287 2289 2443
f 2287 2443 2441
f 2289 2291 2445
f 2289 2445 2443
f 2291 2293 2447
f 2291 2447 2445
f 2293 2295 2449
f 2293 2449 2447
f 2295 2297 2451
f 2295 2451 2449
f 2297 2299 2453
f 2297 2453 2451
f 2299 2301 2455
f 2299 2455 2453
f 2301 2303 2457
f 2301 2457 2455
f 2303 2305 2459
f 2303 2459 2457
f 2305 2307 2461
f 2305 2461 2459
f 2307 2309 2463
f 2307 2463 2461
f 2311 2313 2467
f 2311 2467 2465
f 2313 2315 2469
f 2313 2469 2467
f 2315 2317 2471
f 2315 2471 2469
f 2317 2319 2473
f 2317 2473 2471
f 2319 2321 2475
f 2319 2475 2473
f 2321 2323 2477
f 2321 2477 2475
f 2323 2325 2479
f 2323 2479 2477
f 2325 2327 2481
f 2325 2481 2479
f 2327 2329 2483
f 2327 2483 2481
f 2329 2331 2485
f 2329 2485 2483
f 2331 2333 2487
f 2331 2487 2485
f 2333 2335 2489
f 2333 2489 2487
f 2335 2337 2491
f 2335 2491 2489
f 2337 2339 2493
f 2337 2493 2491
f 2339 2341 2495
f 2339 2495 2493
f 2341 2343 2497
f 2341 2497 2495
f 2343 2345 2499
f 2343 2499 2497
f 2345 2347 2501
f 2345 2501 2499
f 2347 2349 2503
f 2347 2503 2501
f 2349 2351 2505
f 2349 2505 2503
f 2351 2353 2507
f 2351 2507 2505
f 2353 2355 2509
f 2353 2509 2507
f 2355 2357 2511
f 2355 2511 2509
f 2357 2359 2513
f 2357 2513 2511
f 2359 2361 2515
f 2359 2515 2513
f 2361 2363 2517
f 2361 2517 2515
f 2363 2365 2519
f 2363 2519 2517
f 2365 2367 2521
f 2365 2521 2519
f 2367 2369 2523
f 2367 2523 2521
f 2369 2371 2525
f 2369 2525 2523
f 2371 2373 2527
f 2371 2527 2525
f 2373 2375 2529
f 2373 2529 2527
f 2375 2377 2531
f 2375 2531 2529
f 2377 2379 2533
f 2377 2533 2531
f 2379 2381 2535
f 2379 2535 2533
f 2381 2383 2537
f 2381 2537 2535
f 2383 2385 2539
f 2383 2539 2537
f 2385 2387 2541
f 2385 2541 2539
f 2387 2389 2543
f 2387 2543 2541
f 2389 2391 2545
f 2389 2545 2543
f 2391 2393 2547
f 2391 2547 2545
f 2393 2395 2549
f 2393 2549 2547
f 2395 2397 2551
f 2395 2551 2549
f 2397 2399 2553
f 2397 2553 2551
f 2399 2401 2555
f 2399 2555 2553
f 2401 2403 2557
f 2401 2557 2555
f 2403 2405 2559
f 2403 2559 2557
f 2405 2407 2561
f 2405 2561 2559
f 2407 2409 2563
f 2407 2563 2561
f 2409 2411 2565
f 2409 2565 2563
f 2411 2413 2567
f 2411 2567 2565
f 2413 2415 2569
f 2413 2569 2567
f 2415 2417 2571
f 2415 2571 2569
f 2417 2419 2573
f 2417 2573 2571
f 2419 2421 2575
f 2419 2575 2573
f 2421 2423 2577
f 2421 2577 2575
f 2423 2425 2579
f 2423 2579 2577
f 2425 2427 2581
f 2425 2581 2579
f 2427 2429 2583
f 2427 2583 2581
f 2429 2431 2585
f 2429 2585 2583
f 2431 2433 2587
f 2431 2587 2585
f 2433 2435 2589
f 2433 2589 2587
f 2435 2437 2591
f 2435 2591 2589
f 2437 2439 2593
f 2437 2593 2591
f 2439 2441 2595
f 2439 2595 2593
f 2441 2443 2597
f 2441 2597 2595
f 2443 2445 2599
f 2443 2599 2597
f 2445 2447 2601
f 2445 2601 2599
f 2447 2449 2603
f 2447 2603 2601
f 2449 2451 2605
f 2449 2605 2603
f 2451 2453 2607
f 2451 2607 2605
f 2453 2455 2609
f 2453 2609 2607
f 2455 2457 2611
f 2455 2611 2609
f 2457 2459 2613
f 2457 2613 2611
f 2459 2461 2615
f 2459 2615 2613
f 2461 2463 2617
f 2461 2617 2615
f 2465 2467 2621
f 2465 2621 2619
f 2467 2469 2623
f 2467 2623 2621
f 2469 2471 2625
f 2469 2625 2623
f 2471 2473 2627
f 2471 2627 2625
f 2473 2475 2629
f 2473 2629 2627
f 2475 2477 2631
f 2475 2631 2629
f 2477 2479 2633
f 2477 2633 2631
f 2479 2481 2635
f 2479 2635 2633
f 2481 2483 2637
f 2481 2637 2635
f 2483 2485 2639
f 2483 2639 2637
f 2485 2487 2641
f 2485 2641 2639
f 2487 2489 2643
f 2487 2643 2641
f 2489 2491 2645
f 2489 2645 2643
f 2491 2493 2647
f 2491 2647 2645
f 2493 2495 2649
f 2493 2649 2647
f 2495 2497 2651
f 2495 2651 2649
f 2497 2499 2653
f 2497 2653 2651
f 2499 2501 2655
f 2499 2655 2653
f 2501 2503 2657
f 2501 2657 2655
f 2503 2505 2659
f 2503 2659 2657
f 2505 2507 2661
f 2505 2661 2659
f 2507 2509 2663
f 2507 2663 2661
f 2509 2511 2665
f 2509 2665 2663
f 2511 2513 2667
f 2511 2667 2665
f 2513 2515 2669
f 2513 2669 2667
f 2515 2517 2671
f 2515 2671 2669
f 2517 2519 2673
f 2517 2673 2671
f 2519 2521 2675
f 2519 2675 2673
f 2521 2523 2677
f 2521 2677 2675
f 2523 2525 2679
f 2523 2679 2677
f 2525 2527 2681
f 2525 2681 2679
f 2527 2529 2683
f 2527 2683 2681
f 2529 2531 2685
f 2529 2685 2683
f 2531 2533 2687
f 2531 2687 2685
f 2533 2535 2689
f 2533 2689 2687
f 2535 2537 2691
f 2535 2691 2689
f 2537 2539 2693
f 2537 2693 2691
f 2539 2541 2695
f 2539 2695 2693
f 2541 2543 2697
f 2541 2697 2695
f 2543 2545 2699
f 2543 2699 2697
f 2545 2547 2701
f 2545 2701 2699
f 2547 2549 2703
f 2547 2703 2701
f 2549 2551 2705
f 2549 2705 2703
f 2551 2553 2707
f 2551 2707 2705
f 2553 2555 2709
f 2553 2709 2707
f 2555 2557 2711
f 2555 2711 2709
f 2557 2559 2713
f 2557 2713 2711
f 2559 2561 2715
f 2559 2715 2713
f 2561 2563 2717
f 2561 2717 2715
f 2563 2565 2719
f 2563 2719 2717
f 2565 2567 2721
f 2565 2721 2719
f 2567 2569 2723
f 2567 2723 2721
f 2569 2571 2725
f 2569 2725 2723
f 2571 2573 2727
f 2571 2727 2725
f 2573 2575 2729
f 2573 2729 2727
f 2575 2577 2731
f 2575 2731 2729
f 2577 2579 2733
f 2577 2733 2731
f 2579 2581 2735
f 2579 2735 2733
f 2581 2583 2737
f 2581 2737 2735
f 2583 2585 2739
f 2583 2739 2737
f 2585 2587 2741
f 2585 2741 2739
f 2587 2589 2743
f 2587 2743 2741
f 2589 2591 2745
f 2589 2745 2743
f 2591 2593 2747
f 2591 2747 2745
f 2593 2595 2749
f 2593 2749 2747
f 2595 2597 2751
f 2595 2751 2749
f 2597 2599 2753
f 2597 2753 2751
f 2599 2601 2755
f 2599 2755 2753
f 2601 2603 2757
f 2601 2757 2755
f 2603 2605 2759
f 2603 2759 2757
f 2605 2607 2761
f 2605 2761 2759
f 2607 2609 2763
f 2607 2763 2761
f 2609 2611 2765
f 2609 2765 2763
f 2611 2613 2767
f 2611 2767 2765
f 2613 2615 2769
f 2613 2769 2767
f 2615 2617 2771
f 2615 2771 2769
f 2619 2621 2775
f 2619 2775 2773
f 2621 2623 2777
f 2621 2777 2775
f 2623 2625 2779
f 2623 2779 2777
f 2625 2627 2781
f 2625 2781 2779
f 2627 2629 2783
f 2627 2783 2781
f 2629 2631 2785
f 2629 2785 2783
f 2631 2633 2787
f 2631 2787 2785
f 2633 2635 2789
f 2633 2789 2787
f 2635 2637 2791
f 2635 2791 2789
f 2637 2639 2793
f 2637 2793 2791
f 2639 2641 2795
f 2639 2795 2793
f 2641 2643 2797
f 2641 2797 2795
f 2643 2645 2799
f 2643 2799 2797
f 2645 2647 2801
f 2645 2801 2799
f 2647 2649 2803
f 2647 2803 2801
f 2649 2651 2805
f 2649 2805 2803
f 2651 2653 2807
f 2651 2807 2805
f 2653 2655 2809
f 2653 2809 2807
f 2655 2657 2811
f 2655 2811 2809
f 2657 2659 2813
f 2657 2813 2811
f 2659 2661 2815
f 2659 2815 2813
f 2661 2663 2817
f 2661 2817 2815
f 2663 2665 2819
f 2663 2819 2817
f 2665 2667 2821
f 2665 2821 2819
f 2667 2669 2823
f 2667 2823 2821
f 2669 2671 2825
f 2669 2825 2823
f 2671 2673 2827
f 2671 2827 2825
f 2673 2675 2829
f 2673 2829 2827
f 2675 2677 2831
f 2675 2831 2829
f 2677 2679 2833
f 2677 2833 2831
f 2679 2681 2835
f 2679 2835 2833
f 2681 2683 2837
f 2681 2837 2835
f 2683 2685 2839
f 2683 2839 2837
f 2685 2687 2841
f 2685 2841 2839
f 2687 2689 2843
f 2687 2843 2841
f 2689 2691 2845
f 2689 2845 2843
f 2691 2693 2847
f 2691 2847 2845
f 2693 2695 2849
f 2693 2849 2847
f 2695 2697 2851
f 2695 2851 2849
f 2697 2699 2853
f 2697 2853 2851
f 2699 2701 2855
f 2699 2855 2853
f 2701 2703 2857
f 2701 2857 2855
f 2703 2705 2859
f 2703 2859 2857
f 2705 2707 2861
f 2705 2861 2859
f 2707 2709 2863
f 2707 2863 2861
f 2709 2711 2865
f 2709 2865 2863
f 2711 2713 2867
f 2711 2867 2865
f 2713 2715 2869
f 2713 2869 2867
f 2715 2717 2871
f 2715 2871 2869
f 2717 2719 2873
f 2717 2873 2871
f 2719 2721 2875
f 2719 2875 2873
f 2721 2723 2877
f 2721 2877 2875
f 2723 2725 2879
f 2723 2879 2877
f 2725 2727 2881
f 2725 2881 2879
f 2727 2729 2883
f 2727 2883 2881
f 2729 2731 2885
f 2729 2885 2883
f 2731 2733 2887
f 2731 2887 2885
f 2733 2735 2889
f 2733 2889 2887
f 2735 2737 2891
f 2735 2891 2889
f 2737 2739 2893
f 2737 2893 2891
f 2739 2741 2895
f 2739 2895 2893
f 2741 2743 2897
f 2741 2897 2895
f 2743 2745 2899
f 2743 2899 2897
f 2745 2747 2901
f 2745 2901 2899
f 2747 2749 2903
f 2747 2903 2901
f 2749 2751 2905
f 2749 2905 2903
f 2751 2753 2907
f 2751 2907 2905
f 2753 2755 2909
f 2753 2909 2907
f 2755 2757 2911
f 2755 2911 2909
f 2757 2759 2913
f 2757 2913 2911
f 2759 2761 2915
f 2759 2915 2913
f 2761 2763 2917
f 2761 2917 2915
f 2763 2765 2919
f 2763 2919 2917
f 2765 2767 2921
f 2765 2921 2919
f 2767 2769 2923
f 2767 2923 2921
f 2769 2771 2925
f 2769 2925 2923
f 2773 2775 2929
f 2773 2929 2927
f 2775 2777 2931
f 2775 2931 2929
f 2777 2779 2933
f 2777 2933 2931
f 2779 2781 2935
f 2779 2935 2933
f 2781 2783 2937
f 2781 2937 2935
f 2783 2785 2939
f 2783 2939 2937
f 2785 2787 2941
f 2785 2941 2939
f 2787 2789 2943
f 2787 2943 2941
f 2789 2791 2945
f 2789 2945 2943
f 2791 2793 2947
f 2791 2947 2945
f 2793 2795 2949
f 2793 2949 2947
f 2795 2797 2951
f 2795 2951 2949
f 2797 2799 2953
f 2797 2953 2951
f 2799 2801 2955
f 2799 2955 2953
f 2801 2803 2957
f 2801 2957 2955
f 2803 2805 2959
f 2803 2959 2957
f 2805 2807 2961
f 2805 2961 2959
f 2807 2809 2963
f 2807 2963 2961
f 2809 2811 2965
f 2809 2965 2963
f 2811 2813 2967
f 2811 2967 2965
f 2813 2815 2969
f 2813 2969 2967
f 2815 2817 2971
f 2815 2971 2969
f 2817 2819 2973
f 2817 2973 2971
f 2819 2821 2975
f 2819 2975 2973
f 2821 2823 2977
f 2821 2977 2975
f 2823 2825 2979
f 2823 2979 2977
f 2825 2827 2981
f 2825 2981 2979
f 2827 2829 2983
f 2827 2983 2981
f 2829 2831 2985
f 2829 2985 2983
f 2831 2833 2987
f 2831 2987 2985
f 2833 2835 2989
f 2833 2989 2987
f 2835 2837 2991
f 2835 2991 2989
f 2837 2839 2993
f 2837 2993 2991
f 2839 2841 2995
f 2839 2995 2993
f 2841 2843 2997
f 2841 2997 2995
f 2843 2845 2999
f 2843 2999 2997
f 2845 2847 3001
f 2845 3001 2999
f 2847 2849 3003
f 2847 3003 3001
f 2849 2851 3005
f 2849 3005 3003
f 2851 2853 3007
f 2851 3007 3005
f 2853 2855 3009
f 2853 3009 3007
f 2855 2857 3011
f 2855 3011 3009
f 2857 2859 3013
f 2857 3013 3011
f 2859 2861 3015
f 2859 3015 3013
f 2861 2863 3017
f 2861 3017 3015
f 2863 2865 3019
f 2863 3019 3017
f 2865 2867 3021
f 2865 3021 3019
f 2867 2869 3023
f 2867 3023 3021
f 2869 2871 3025
f 2869 3025 3023
f 2871 2873 3027
f 2871 3027 3025
f 2873 2875 3029
f 2873 3029 3027
f 2875 2877 3031
f 2875 3031 3029
f 2877 2879 3033
f 2877 3033 3031
f 2879 2881 3035
f 2879 3035 3033
f 2881 2883 3037
f 2881 3037 3035
f 2883 2885 3039
f 2883 3039 3037
f 2885 2887 3041
f 2885 3041 3039
f 2887 2889 3043
f 2887 3043 3041
f 2889 2891 3045
f 2889 3045 3043
f 2891 2893 3047
f 2891 3047 3045
f 2893 2895 3049
f 2893 3049 3047
f 2895 2897 3051
f 2895 3051 3049
f 2897 2899 3053
f 2897 3053 3051
f 2899 2901 3055
f 2899 3055 3053
f 2901 2903 3057
f 2901 3057 3055
f 2903 2905 3059
f 2903 3059 3057
f 2905 2907 3061
f 2905 3061 3059
f 2907 2909 3063
f 2907 3063 3061
f 2909 2911 3065
f 2909 3065 3063
f 2911 2913 3067
f 2911 3067 3065
f 2913 2915 3069
f 2913 3069 3067
f 2915 2917 3071
f 2915 3071 3069
f 2917 2919 3073
f 2917 3073 3071
f 2919 2921 3075
f 2919 3075 3073
f 2921 2923 3077
f 2921 3077 3075
f 2923 2925 3079
f 2923 3079 3077
f 2927 2929 3083
f 2927 3083 3081
f 2929 2931 3085
f 2929 3085 3083
f 2931 2933 3087
f 2931 3087 3085
f 2933 2935 3089
f 2933 3089 3087
f 2935 2937 3091
f 2935 3091 3089
f 2937 2939 3093
f 2937 3093 3091
f 2939 2941 3095
f 2939 3095 3093
f 2941 2943 3097
f 2941 3097 3095
f 2943 2945 3099
f 2943 3099 3097
f 2945 2947 3101
f 2945 3101 3099
f 2947 2949 3103
f 2947 3103 3101
f 2949 2951 3105
f 2949 3105 3103
f 2951 2953 3107
f 2951 3107 3105
f 2953 2955 3109
f 2953 3109 3107
f 2955 2957 3111
f 2955 3111 3109
f 2957 2959 3113
f 2957 3113 3111
f 2959 2961 3115
f 2959 3115 3113
f 2961 2963 3117
f 2961 3117 3115
f 2963 2965 3119
f 2963 3119 3117
f 2965 2967 3121
f 2965 3121 3119
f 2967 2969 3123
f 2967 3123 3121
f 2969 2971 3125
f 2969 3125 3123
f 2971 2973 3127
f 2971 3127 3125
f 2973 2975 3129
f 2973 3129 3127
f 2975 2977 3131
f 2975 3131 3129
f 2977 2979 3133
f 2977 3133 3131
f 2979 2981 3135
f 2979 3135 3133
f 2981 2983 3137
f 2981 3137 3135
f 2983 2985 3139
f 2983 3139 3137
f 2985 2987 3141
f 2985 3141 3139
f 2987 2989 3143
f 2987 3143 3141
f 2989 2991 3145
f 2989 3145 3143
f 2991 2993 3147
f 2991 3147 3145
f 2993 2995 3149
f 2993 3149 3147
f 2995 2997 3151
f 2995 3151 3149
f 2997 2999 3153
f 2997 3153 3151
f 2999 3001 3155
f 2999 3155 3153
f 3001 3003 3157
f 3001 3157 3155
f 3003 3005 3159
f 3003 3159 3157
f 3005 3007 3161
f 3005 3161 3159
f 3007 3009 3163
f 3007 3163 3161
f 3009 3011 3165
f 3009 3165 3163
f 3011 3013 3167
f 3011 3167 3165
f 3013 3015 3169
f 3013 3169 3167
f 3015 3017 3171
f 3015 3171 3169
f 3017 3019 3173
f 3017 3173 3171
f 3019 3021 3175
f 3019 3175 3173
f 3021 3023 3177
f 3021 3177 3175
f 3023 3025 3179
f 3023 3179 3177
f 3025 3027 3181
f 3025 3181 3179
f 3027 3029 3183
f 3027 3183 3181
f 3029 3031 3185
f 3029 3185 3183
f 3031 3033 3187
f 3031 3187 3185
f 3033 3035 3189
f 3033 3189 3187
f 3035 3037 3191
f 3035 3191 3189
f 3037 3039 3193
f 3037 3193 3191
f 3039 3041 3195
f 3039 3195 3193
f 3041 3043 3197
f 3041 3197 3195
f 3043 3045 3199
f 3043 3199 3197
f 3045 3047 3201
f 3045 3201 3199
f 3047 3049 3203
f 3047 3203 3201
f 3049 3051 3205
f 3049 3205 3203
f 3051 3053 3207
f 3051 3207 3205
f 3053 3055 3209
f 3053 3209 3207
f 3055 3057 3211
f 3055 3211 3209
f 3057 3059 3213
f 3057 3213 3211
f 3059 3061 3215
f 3059 3215 3213
f 3061 3063 3217
f 3061 3217 3215
f 3063 3065 3219
f 3063 3219 3217
f 3065 3067 3221
f 3065 3221 3219
f 3067 3069 3223
f 3067 3223 3221
f 3069 3071 3225
f 3069 3225 3223
f 3071 3073 3227
f 3071 3227 3225
f 3073 3075 3229
f 3073 3229 3227
f 3075 3077 3231
f 3075 3231 3229
f 3077 3079 3233
f 3077 3233 3231
f 3081 3083 3237
f 3081 3237 3235
f 3083 3085 3239
f 3083 3239 3237
f 3085 3087 3241
f 3085 3241 3239
f 3087 3089 3243
f 3087 3243 3241
f 3089 3091 3245
f 3089 3245 3243
f 3091 3093 3247
f 3091 3247 3245
f 3093 3095 3249
f 3093 3249 3247
f 3095 3097 3251
f 3095 3251 3249
f 3097 3099 3253
f 3097 3253 3251
f 3099 3101 3255
f 3099 3255 3253
f 3101 3103 3257
f 3101 3257 3255
f 3103 3105 3259
f 3103 3259 3257
f 3105 3107 3261
f 3105 3261 3259
f 3107 3109 3263
f 3107 3263 3261
f 3109 3111 3265
f 3109 3265 3263
f 3111 3113 3267
f 3111 3267 3265
f 3113 3115 3269
f 3113 3269 3267
f 3115 3117 3271
f 3115 3271 3269
f 3117 3119 3273
f 3117 3273 3271
f 3119 3121 3275
f 3119 3275 3273
f 3121 3123 3277
f 3121 3277 3275
f 3123 3125 3279
f 3123 3279 3277
f 3125 3127 3281
f 3125 3281 3279
f 3127 3129 3283
f 3127 3283 3281
f 3129 3131 3285
f 3129 3285 3283
f 3131 3133 3287
f 3131 3287 3285
f 3133 3135 3289
f 3133 3289 3287
f 3135 3137 3291
f 3135 3291 3289
f 3137 3139 3293
f 3137 3293 3291
f 3139 3141 3295
f 3139 3295 3293
f 3141 3143 3297
f 3141 3297 3295
f 3143 3145 3299
f 3143 3299 3297
f 3145 3147 3301
f 3145 3301 3299
f 3147 3149 3303
f 3147 3303 3301
f 3149 3151 3305
f 3149 3305 3303
f 3151 3153 3307
f 3151 3307 3305
f 3153 3155 3309
f 3153 3309 3307
f 3155 3157 3311
f 3155 3311 3309
f 3157 3159 3313
f 3157 3313 3311
f 3159 3161 3315
f 3159 3315 3313
f 3161 3163 3317
f 3161 3317 3315
f 3163 3165 3319
f 3163 3319 3317
f 3165 3167 3321
f 3165 3321 3319
f 3167 3169 3323
f 3167 3323 3321
f 3169 3171 3325
f 3169 3325 3323
f 3171 3173 3327
f 3171 3327 3325
f 3173 3175 3329
f 3173 3329 3327
f 3175 3177 3331
f 3175 3331 3329
f 3177 3179 3333
f 3177 3333 3331
f 3179 3181 3335
f 3179 3335 3333
f 3181 3183 3337
f 3181 3337 3335
f 3183 3185 3339
f 3183 3339 3337
f 3185 3187 3341
f 3185 3341 3339
f 3187 3189 3343
f 3187 3343 3341
f 3189 3191 3345
f 3189 3345 3343
f 3191 3193 3347
f 3191 3347 3345
f 3193 3195 3349
f 3193 3349 3347
f 3195 3197 3351
f 3195 3351 3349
f 3197 3199 3353
f 3197 3353 3351
f 3199 3201 3355
f 3199 3355 3353
f 3201 3203 3357
f 3201 3357 3355
f 3203 3205 3359
f 3203 3359 3357
f 3205 3207 3361
f 3205 3361 3359
f 3207 3209 3363
f 3207 3363 3361
f 3209 3211 3365
f 3209 3365 3363
f 3211 3213 3367
f 3211 3367 3365
f 3213 3215 3369
f 3213 3369 3367
f 3215 3217 3371
f 3215 3371 3369
f 3217 3219 3373
f 3217 3373 3371
f 3219 3221 3375
f 3219 3375 3373
f 3221 3223 3377
f 3221 3377 3375
f 3223 3225 3379
f 3223 3379 3377
f 3225 3227 3381
f 3225 3381 3379
f 3227 3229 3383
f 3227 3383 3381
f 3229 3231 3385
f 3229 3385 3383
f 3231 3233 3387
f 3231 3387 3385
f 3235 3237 3391
f 3235 3391 3389
f 3237 3239 3393
f 3237 3393 3391
f 3239 3241 3395
f 3239 3395 3393
f 3241 3243 3397
f 3241 3397 3395
f 3243 3245 3399
f 3243 3399 3397
f 3245 3247 3401
f 3245 3401 3399
f 3247 3249 3403
f 3247 3403 3401
f 3249 3251 3405
f 3249 3405 3403
f 3251 3253 3407
f 3251 3407 3405
f 3253 3255 3409
f 3253 3409 3407
f 3255 3257 3411
f 3255 3411 3409
f 3257 3259 3413
f 3257 3413 3411
f 3259 3261 3415
f 3259 3415 3413
f 3261 3263 3417
f 3261 3417 3415
f 3263 3265 3419
f 3263 3419 3417
f 3265 3267 3421
f 3265 3421 3419
f 3267 3269 3423
f 3267 3423 3421
f 3269 3271 3425
f 3269 3425 3423
f 3271 3273 3427
f 3271 3427 3425
f 3273 3275 3429
f 3273 3429 3427
f 3275 3277 3431
f 3275 3431 3429
f 3277 3279 3433
f 3277 3433 3431
f 3279 3281 3435
f 3279 3435 3433
f 3281 3283 3437
f 3281 3437 3435
f 3283 3285 3439
f 3283 3439 3437
f 3285 3287 3441
f 3285 3441 3439
f 3287 3289 3443
f 3287 3443 3441
f 3289 3291 3445
f 3289 3445 3443
f 3291 3293 3447
f 3291 3447 3445
f 3293 3295 3449
f 3293 3449 3447
f 3295 3297 3451
f 3295 3451 3449
f 3297 3299 3453
f 3297 3453 3451
f 3299 3301 3455
f 3299 3455 3453
f 3301 3303 3457
f 3301 3457 3455
f 3303 3305 3459
f 3303 3459 3457
f 3305 3307 3461
f 3305 3461 3459
f 3307 3309 3463
f 3307 3463 3461
f 3309 3311 3465
f 3309 3465 3463
f 3311 3313 3467
f 3311 3467 3465
f 3313 3315 3469
f 3313 3469 3467
f 3315 3317 3471
f 3315 3471 3469
f 3317 3319 3473
f 3317 3473 3471
f 3319 3321 3475
f 3319 3475 3473
f 3321 3323 3477
f 3321 3477 3475
f 3323 3325 3479
f 3323 3479 3477
f 3325 3327 3481
f 3325 3481 3479
f 3327 3329 3483
f 3327 3483 3481
f 3329 3331 3485
f 3329 3485 3483
f 3331 3333 3487
f 3331 3487 3485
f 3333 3335 3489
f 3333 3489 3487
f 3335 3337 3491
f 3335 3491 3489
f 3337 3339 3493
f 3337 3493 3491
f 3339 3341 3495
f 3339 3495 3493
f 3341 3343 3497
f 3341 3497 3495
f 3343 3345 3499
f 3343 3499 3497
f 3345 3347 3501
f 3345 3501 3499
f 3347 3349 3503
f 3347 3503 3501
f 3349 3351 3505
f 3349 3505 3503
f 3351 3353 3507
f 3351 3507 3505
f 3353 3355 3509
f 3353 3509 3507
f 3355 3357 3511
f 3355 3511 3509
f 3357 3359 3513
f 3357 3513 3511
f 3359 3361 3515
f 3359 3515 3513
f 3361 3363 3517
f 3361 3517 3515
f 3363 3365 3519
f 3363 3519 3517
f 3365 3367 3521
f 3365 3521 3519
f 3367 3369 3523
f 3367 3523 3521
f 3369 3371 3525
f 3369 3525 3523
f 3371 3373 3527
f 3371 3527 3525
f 3373 3375 3529
f 3373 3529 3527
f 3375 3377 3531
f 3375 3531 3529
f 3377 3379 3533
f 3377 3533 3531
f 3379 3381 3535
f 3379 3535 3533
f 3381 3383 3537
f 3381 3537 3535
f 3383 3385 3539
f 3383 3539 3537
f 3385 3387 3541
f 3385 3541 3539
f 3389 3391 3545
f 3389 3545 3543
f 3391 3393 3547
f 3391 3547 3545
f 3393 3395 3549
f 3393 3549 3547
f 3395 3397 3551
f 3395 3551 3549
f 3397 3399 3553
f 3397 3553 3551
f 3399 3401 3555
f 3399 3555 3553
f 3401 3403 3557
f 3401 3557 3555
f 3403 3405 3559
f 3403 3559 3557
f 3405 3407 3561
f 3405 3561 3559
f 3407 3409 3563
f 3407 3563 3561
f 3409 3411 3565
f 3409 3565 3563
f 3411 3413 3567
f 3411 3567 3565
f 3413 3415 3569
f 3413 3569 3567
f 3415 3417 3571
f 3415 3571 3569
f 3417 3419 3573
f 3417 3573 3571
f 3419 3421 3575
f 3419 3575 3573
f 3421 3423 3577
f 3421 3577 3575
f 3423 3425 3579
f 3423 3579 3577
f 3425 3427 3581
f 3425 3581 3579
f 3427 3429 3583
f 3427 3583 3581
f 3429 3431 3585
f 3429 3585 3583
f 3431 3433 3587
f 3431 3587 3585
f 3433 3435 3589
f 3433 3589 3587
f 3435 3437 3591
f 3435 3591 3589
f 3437 3439 3593
f 3437 3593 3591
f 3439 3441 3595
f 3439 3595 3593
f 3441 3443 3597
f 3441 3597 3595
f 3443 3445 3599
f 3443 3599 3597
f 3445 3447 3601
f 3445 3601 3599
f 3447 3449 3603
f 3447 3603 3601
f 3449 3451 3605
f 3449 3605 3603
f 3451 3453 3607
f 3451 3607 3605
f 3453 3455 3609
f 3453 3609 3607
f 3455 3457 3611
f 3455 3611 3609
f 3457 3459 3613
f 3457 3613 3611
f 3459 3461 3615
f 3459 3615 3613
f 3461 3463 3617
f 3461 3617 3615
f 3463 3465 3619
f 3463 3619 3617
f 3465 3467 3621
f 3465 3621 3619
f 3467 3469 3623
f 3467 3623 3621
f 3469 3471 3625
f 3469 3625 3623
f 3471 3473 3627
f 3471 3627 3625
f 3473 3475 3629
f 3473 3629 3627
f 3475 3477 3631
f 3475 3631 3629
f 3477 3479 3633
f 3477 3633 3631
f 3479 3481 3635
f 3479 3635 3633
f 3481 3483 3637
f 3481 3637 3635
f 3483 3485 3639
f 3483 3639 3637
f 3485 3487 3641
f 3485 3641 3639
f 3487 3489 3643
f 3487 3643 3641
f 3489 3491 3645
f 3489 3645 3643
f 3491 3493 3647
f 3491 3647 3645
f 3493 3495 3649
f 3493 3649 3647
f 3495 3497 3651
f 3495 3651 3649
f 3497 3499 3653
f 3497 3653 3651
f 3499 3501 3655
f 3499 3655 3653
f 3501 3503 3657
f 3501 3657 3655
f 3503 3505 3659
f 3503 3659 3657
f 3505 3507 3661
f 3505 3661 3659
f 3507 3509 3663
f 3507 3663 3661
f 3509 3511 3665
f 3509 3665 3663
f 3511 3513 3667
f 3511 3667 3665
f 3513 3515 3669
f 3513 3669 3667
f 3515 3517 3671
f 3515 3671 3669
f 3517 3519 3673
f 3517 3673 3671
f 3519 3521 3675
f 3519 3675 3673
f 3521 3523 3677
f 3521 3677 3675
f 3523 3525 3679
f 3523 3679 3677
f 3525 3527 3681
f 3525 3681 3679
f 3527 3529 3683
f 3527 3683 3681
f 3529 3531 3685
f 3529 3685 3683
f 3531 3533 3687
f 3531 3687 3685
f 3533 3535 3689
f 3533 3689 3687
f 3535 3537 3691
f 3535 3691 3689
f 3537 3539 3693
f 3537 3693 3691
f 3539 3541 3695
f 3539 3695 3693
f 3543 3545 3699
f 3543 3699 3697
f 3545 3547 3701
f 3545 3701 3699
f 3547 3549 3703
f 3547 3703 3701
f 3549 3551 3705
f 3549 3705 3703
f 3551 3553 3707
f 3551 3707 3705
f 3553 3555 3709
f 3553 3709 3707
f 3555 3557 3711
f 3555 3711 3709
f 3557 3559 3713
f 3557 3713 3711
f 3559 3561 3715
f 3559 3715 3713
f 3561 3563 3717
f 3561 3717 3715
f 3563 3565 3719
f 3563 3719 3717
f 3565 3567 3721
f 3565 3721 3719
f 3567 3569 3723
f 3567 3723 3721
f 3569 3571 3725
f 3569 3725 3723
f 3571 3573 3727
f 3571 3727 3725
f 3573 3575 3729
f 3573 3729 3727
f 3575 3577 3731
f 3575 3731 3729
f 3577 3579 3733
f 3577 3733 3731
f 3579 3581 3735
f 3579 3735 3733
f 3581 3583 3737
f 3581 3737 3735
f 3583 3585 3739
f 3583 3739 3737
f 3585 3587 3741
f 3585 3741 3739
f 3587 3589 3743
f 3587 3743 3741
f 3589 3591 3745
f 3589 3745 3743
f 3591 3593 3747
f 3591 3747 3745
f 3593 3595 3749
f 3593 3749 3747
f 3595 3597 3751
f 3595 3751 3749
f 3597 3599 3753
f 3597 3753 3751
f 3599 3601 3755
f 3599 3755 3753
f 3601 3603 3757
f 3601 3757 3755
f 3603 3605 3759
f 3603 3759 3757
f 3605 3607 3761
f 3605 3761 3759
f 3607 3609 3763
f 3607 3763 3761
f 3609 3611 3765
f 3609 3765 3763
f 3611 3613 3767
f 3611 3767 3765
f 3613 3615 3769
f 3613 3769 3767
f 3615 3617 3771
f 3615 3771 3769
f 3617 3619 3773
f 3617 3773 3771
f 3619 3621 3775
f 3619 3775 3773
f 3621 3623 3777
f 3621 3777 3775
f 3623 3625 3779
f 3623 3779 3777
f 3625 3627 3781
f 3625 3781 3779
f 3627 3629 3783
f 3627 3783 3781
f 3629 3631 3785
f 3629 3785 3783
f 3631 3633 3787
f 3631 3787 3785
f 3633 3635 3789
f 3633 3789 3787
f 3635 3637 3791
f 3635 3791 3789
f 3637 3639 3793
f 3637 3793 3791
f 3639 3641 3795
f 3639 3795 3793
f 3641 3643 3797
f 3641 3797 3795
f 3643 3645 3799
f 3643 3799 3797
f 3645 3647 3801
f 3645 3801 3799
f 3647 3649 3803
f 3647 3803 3801
f 3649 3651 3805
f 3649 3805 3803
f 3651 3653 3807
f 3651 3807 3805
f 3653 3655 3809
f 3653 3809 3807
f 3655 3657 3811
f 3655 3811 3809
f 3657 3659 3813
f 3657 3813 3811
f 3659 3661 3815
f 3659 3815 3813
f 3661 3663 3817
f 3661 3817 3815
f 3663 3665 3819
f 3663 3819 3817
f 3665 3667 3821
f 3665 3821 3819
f 3667 3669 3823
f 3667 3823 3821
f 3669 3671 3825
f 3669 3825 3823
f 3671 3673 3827
f 3671 3827 3825
f 3673 3675 3829
f 3673 3829 3827
f 3675 3677 3831
f 3675 3831 3829
f 3677 3679 3833
f 3677 3833 3831
f 3679 3681 3835
f 3679 3835 3833
f 3681 3683 3837
f 3681 3837 3835
f 3683 3685 3839
f 3683 3839 3837
f 3685 3687 3841
f 3685 3841 3839
f 3687 3689 3843
f 3687 3843 3841
f 3689 3691 3845
f 3689 3845 3843
f 3691 3693 3847
f 3691 3847 3845
f 3693 3695 3849
f 3693 3849 3847
f 3697 3699 3853
f 3697 3853 3851
f 3699 3701 3855
f 3699 3855 3853
f 3701 3703 3857
f 3701 3857 3855
f 3703 3705 3859
f 3703 3859 3857
f 3705 3707 3861
f 3705 3861 3859
f 3707 3709 3863
f 3707 3863 3861
f 3709 3711 3865
f 3709 3865 3863
f 3711 3713 3867
f 3711 3867 3865
f 3713 3715 3869
f 3713 3869 3867
f 3715 3717 3871
f 3715 3871 3869
f 3717 3719 3873
f 3717 3873 3871
f 3719 3721 3875
f 3719 3875 3873
f 3721 3723 3877
f 3721 3877 3875
f 3723 3725 3879
f 3723 3879 3877
f 3725 3727 3881
f 3725 3881 3879
f 3727 3729 3883
f 3727 3883 3881
f 3729 3731 3885
f 3729 3885 3883
f 3731 3733 3887
f 3731 3887 3885
f 3733 3735 3889
f 3733 3889 3887
f 3735 3737 3891
f 3735 3891 3889
f 3737 3739 3893
f 3737 3893 3891
f 3739 3741 3895
f 3739 3895 3893
f 3741 3743 3897
f 3741 3897 3895
f 3743 3745 3899
f 3743 3899 3897
f 3745 3747 3901
f 3745 3901 3899
f 3747 3749 3903
f 3747 3903 3901
f 3749 3751 3905
f 3749 3905 3903
f 3751 3753 3907
f 3751 3907 3905
f 3753 3755 3909
f 3753 3909 3907
f 3755 3757 3911
f 3755 3911 3909
f 3757 3759 3913
f 3757 3913 3911
f 3759 3761 3915
f 3759 3915 3913
f 3761 3763 3917
f 3761 3917 3915
f 3763 3765 3919
f 3763 3919 3917
f 3765 3767 3921
f 3765 3921 3919
f 3767 3769 3923
f 3767 3923 3921
f 3769 3771 3925
f 3769 3925 3923
f 3771 3773 3927
f 3771 3927 3925
f 3773 3775 3929
f 3773 3929 3927
f 3775 3777 3931
f 3775 3931 3929
f 3777 3779 3933
f 3777 3933 3931
f 3779 3781 3935
f 3779 3935 3933
f 3781 3783 3937
f 3781 3937 3935
f 3783 3785 3939
f 3783 3939 3937
f 3785 3787 3941
f 3785 3941 3939
f 3787 3789 3943
f 3787 3943 3941
f 3789 3791 3945
f 3789 3945 3943
f 3791 3793 3947
f 3791 3947 3945
f 3793 3795 3949
f 3793 3949 3947
f 3795 3797 3951
f 3795 3951 3949
f 3797 3799 3953
f 3797 3953 3951
f 3799 3801 3955
f 3799 3955 3953
f 3801 3803 3957
f 3801 3957 3955
f 3803 3805 3959
f 3803 3959 3957
f 3805 3807 3961
f 3805 3961 3959
f 3807 3809 3963
f 3807 3963 3961
f 3809 3811 3965
f 3809 3965 3963
f 3811 3813 3967
f 3811 3967 3965
f 3813 3815 3969
f 3813 3969 3967
f 3815 3817 3971
f 3815 3971 3969
f 3817 3819 3973
f 3817 3973 3971
f 3819 3821 3975
f 3819 3975 3973
f 3821 3823 3977
f 3821 3977 3975
f 3823 3825 3979
f 3823 3979 3977
f 3825 3827 3981
f 3825 3981 3979
f 3827 3829 3983
f 3827 3983 3981
f 3829 3831 3985
f 3829 3985 3983
f 3831 3833 3987
f 3831 3987 3985
f 3833 3835 3989
f 3833 3989 3987
f 3835 3837 3991
f 3835 3991 3989
f 3837 3839 3993
f 3837 3993 3991
f 3839 3841 3995
f 3839 3995 3993
f 3841 3843 3997
f 3841 3997 3995
f 3843 3845 3999
f 3843 3999 3997
f 3845 3847 4001
f 3845 4001 3999
f 3847 3849 4003
f 3847 4003 4001
f 3851 3853 4007
f 3851 4007 4005
f 3853 3855 4009
f 3853 4009 4007
f 3855 3857 4011
f 3855 4011 4009
f 3857 3859 4013
f 3857 4013 4011
f 3859 3861 4015
f 3859 4015 4013
f 3861 3863 4017
f 3861 4017 4015
f 3863 3865 4019
f 3863 4019 4017
f 3865 3867 4021
f 3865 4021 4019
f 3867 3869 4023
f 3867 4023 4021
f 3869 3871 4025
f 3869 4025 4023
f 3871 3873 4027
f 3871 4027 4025
f 3873 3875 4029
f 3873 4029 4027
f 3875 3877 4031
f 3875 4031 4029
f 3877 3879 4033
f 3877 4033 4031
f 3879 3881 4035
f 3879 4035 4033
f 3881 3883 4037
f 3881 4037 4035
f 3883 3885 4039
f 3883 4039 4037
f 3885 3887 4041
f 3885 4041 4039
f 3887 3889 4043
f 3887 4043 4041
f 3889 3891 4045
f 3889 4045 4043
f 3891 3893 4047
f 3891 4047 4045
f 3893 3895 4049
f 3893 4049 4047
f 3895 3897 4051
f 3895 4051 4049
f 3897 3899 4053
f 3897 4053 4051
f 3899 3901 4055
f 3899 4055 4053
f 3901 3903 4057
f 3901 4057 4055
f 3903 3905 4059
f 3903 4059 4057
f 3905 3907 4061
f 3905 4061 4059
f 3907 3909 4063
f 3907 4063 4061
f 3909 3911 4065
f 3909 4065 4063
f 3911 3913 4067
f 3911 4067 4065
f 3913 3915 4069
f 3913 4069 4067
f 3915 3917 4071
f 3915 4071 4069
f 3917 3919 4073
f 3917 4073 4071
f 3919 3921 4075
f 3919 4075 4073
f 3921 3923 4077
f 3921 4077 4075
f 3923 3925 4079
f 3923 4079 4077
f 3925 3927 4081
f 3925 4081 4079
f 3927 3929 4083
f 3927 4083 4081
f 3929 3931 4085
f 3929 4085 4083
f 3931 3933 4087
f 3931 4087 4085
f 3933 3935 4089
f 3933 4089 4087
f 3935 3937 4091
f 3935 4091 4089
f 3937 3939 4093
f 3937 4093 4091
f 3939 3941 4095
f 3939 4095 4093
f 3941 3943 4097
f 3941 4097 4095
f 3943 3945 4099
f 3943 4099 4097
f 3945 3947 4101
f 3945 4101 4099
f 3947 3949 4103
f 3947 4103 4101
f 3949 3951 4105
f 3949 4105 4103
f 3951 3953 4107
f 3951 4107 4105
f 3953 3955 4109
f 3953 4109 4107
f 3955 3957 4111
f 3955 4111 4109
f 3957 3959 4113
f 3957 4113 4111
f 3959 3961 4115
f 3959 4115 4113
f 3961 3963 4117
f 3961 4117 4115
f 3963 3965 4119
f 3963 4119 4117
f 3965 3967 4121
f 3965 4121 4119
f 3967 3969 4123
f 3967 4123 4121
f 3969 3971 4125
f 3969 4125 4123
f 3971 3973 4127
f 3971 4127 4125
f 3973 3975 4129
f 3973 4129 4127
f 3975 3977 4131
f 3975 4131 4129
f 3977 3979 4133
f 3977 4133 4131
f 3979 3981 4135
f 3979 4135 4133
f 3981 3983 4137
f 3981 4137 4135
f 3983 3985 4139
f 3983 4139 4137
f 3985 3987 4141
f 3985 4141 4139
f 3987 3989 4143
f 3987 4143 4141
f 3989 3991 4145
f 3989 4145 4143
f 3991 3993 4147
f 3991 4147 4145
f 3993 3995 4149
f 3993 4149 4147
f 3995 3997 4151
f 3995 4151 4149
f 3997 3999 4153
f 3997 4153 4151
f 3999 4001 4155
f 3999 4155 4153
f 4001 4003 4157
f 4001 4157 4155
f 4005 4007 4161
f 4005 4161 4159
f 4007 4009 4163
f 4007 4163 4161
f 4009 4011 4165
f 4009 4165 4163
f 4011 4013 4167
f 4011 4167 4165
f 4013 4015 4169
f 4013 4169 4167
f 4015 4017 4171
f 4015 4171 4169
f 4017 4019 4173
f 4017 4173 4171
f 4019 4021 4175
f 4019 4175 4173
f 4021 4023 4177
f 4021 4177 4175
f 4023 4025 4179
f 4023 4179 4177
f 4025 4027 4181
f 4025 4181 4179
f 4027 4029 4183
f 4027 4183 4181
f 4029 4031 4185
f 4029 4185 4183
f 4031 4033 4187
f 4031 4187 4185
f 4033 4035 4189
f 4033 4189 4187
f 4035 4037 4191
f 4035 4191 4189
f 4037 4039 4193
f 4037 4193 4191
f 4039 4041 4195
f 4039 4195 4193
f 4041 4043 4197
f 4041 4197 4195
f 4043 4045 4199
f 4043 4199 4197
f 4045 4047 4201
f 4045 4201 4199
f 4047 4049 4203
f 4047 4203 4201
f 4049 4051 4205
f 4049 4205 4203
f 4051 4053 4207
f 4051 4207 4205
f 4053 4055 4209
f 4053 4209 4207
f 4055 4057 4211
f 4055 4211 4209
f 4057 4059 4213
f 4057 4213 4211
f 4059 4061 4215
f 4059 4215 4213
f 4061 4063 4217
f 4061 4217 4215
f 4063 4065 4219
f 4063 4219 4217
f 4065 4067 4221
f 4065 4221 4219
f 4067 4069 4223
f 4067 4223 4221
f 4069 4071 4225
f 4069 4225 4223
f 4071 4073 4227
f 4071 4227 4225
f 4073 4075 4229
f 4073 4229 4227
f 4075 4077 4231
f 4075 4231 4229
f 4077 4079 4233
f 4077 4233 4231
f 4079 4081 4235
f 4079 4235 4233
f 4081 4083 4237
f 4081 4237 4235
f 4083 4085 4239
f 4083 4239 4237
f 4085 4087 4241
f 4085 4241 4239
f 4087 4089 4243
f 4087 4243 4241
f 4089 4091 4245
f 4089 4245 4243
f 4091 4093 4247
f 4091 4247 4245
f 4093 4095 4249
f 4093 4249 4247
f 4095 4097 4251
f 4095 4251 4249
f 4097 4099 4253
f 4097 4253 4251
f 4099 4101 4255
f 4099 4255 4253
f 4101 4103 4257
f 4101 4257 4255
f 4103 4105 4259
f 4103 4259 4257
f 4105 4107 4261
f 4105 4261 4259
f 4107 4109 4263
f 4107 4263 4261
f 4109 4111 4265
f 4109 4265 4263
f 4111 4113 4267
f 4111 4267 4265
f 4113 4115 4269
f 4113 4269 4267
f 4115 4117 4271
f 4115 4271 4269
f 4117 4119 4273
f 4117 4273 4271
f 4119 4121 4275
f 4119 4275 4273
f 4121 4123 4277
f 4121 4277 4275
f 4123 4125 4279
f 4123 4279 4277
f 4125 4127 4281
f 4125 4281 4279
f 4127 4129 4283
f 4127 4283 4281
f 4129 4131 4285
f 4129 4285 4283
f 4131 4133 4287
f 4131 4287 4285
f 4133 4135 4289
f 4133 4289 4287
f 4135 4137 4291
f 4135 4291 4289
f 4137 4139 4293
f 4137 4293 4291
f 4139 4141 4295
f 4139 4295 4293
f 4141 4143 4297
f 4141 4297 4295
f 4143 4145 4299
f 4143 4299 4297
f 4145 4147 4301
f 4145 4301 4299
f 4147 4149 4303
f 4147 4303 4301
f 4149 4151 4305
f 4149 4305 4303
f 4151 4153 4307
f 4151 4307 4305
f 4153 4155 4309
f 4153 4309 4307
f 4155 4157 4311
f 4155 4311 4309
f 4159 4161 4315
f 4159 4315 4313
f 4161 4163 4317
f 4161 4317 4315
f 4163 4165 4319
f 4163 4319 4317
f 4165 4167 4321
f 4165 4321 4319
f 4167 4169 4323
f 4167 4323 4321
f 4169 4171 4325
f 4169 4325 4323
f 4171 4173 4327
f 4171 4327 4325
f 4173 4175 4329
f 4173 4329 4327
f 4175 4177 4331
f 4175 4331 4329
f 4177 4179 4333
f 4177 4333 4331
f 4179 4181 4335
f 4179 4335 4333
f 4181 4183 4337
f 4181 4337 4335
f 4183 4185 4339
f 4183 4339 4337
f 4185 4187 4341
f 4185 4341 4339
f 4187 4189 4343
f 4187 4343 4341
f 4189 4191 4345
f 4189 4345 4343
f 4191 4193 4347
f 4191 4347 4345
f 4193 4195 4349
f 4193 4349 4347
f 4195 4197 4351
f 4195 4351 4349
f 4197 4199 4353
f 4197 4353 4351
f 4199 4201 4355
f 4199 4355 4353
f 4201 4203 4357
f 4201 4357 4355
f 4203 4205 4359
f 4203 4359 4357
f 4205 4207 4361
f 4205 4361 4359
f 4207 4209 4363
f 4207 4363 4361
f 4209 4211 4365
f 4209 4365 4363
f 4211 4213 4367
f 4211 4367 4365
f 4213 4215 4369
f 4213 4369 4367
f 4215 4217 4371
f 4215 4371 4369
f 4217 4219 4373
f 4217 4373 4371
f 4219 4221 4375
f 4219 4375 4373
f 4221 4223 4377
f 4221 4377 4375
f 4223 4225 4379
f 4223 4379 4377
f 4225 4227 4381
f 4225 4381 4379
f 4227 4229 4383
f 4227 4383 4381
f 4229 4231 4385
f 4229 4385 4383
f 4231 4233 4387
f 4231 4387 4385
f 4233 4235 4389
f 4233 4389 4387
f 4235 4237 4391
f 4235 4391 4389
f 4237 4239 4393
f 4237 4393 4391
f 4239 4241 4395
f 4239 4395 4393
f 4241 4243 4397
f 4241 4397 4395
f 4243 4245 4399
f 4243 4399 4397
f 4245 4247 4401
f 4245 4401 4399
f 4247 4249 4403
f 4247 4403 4401
f 4249 4251 4405
f 4249 4405 4403
f 4251 4253 4407
f 4251 4407 4405
f 4253 4255 4409
f 4253 4409 4407
f 4255 4257 4411
f 4255 4411 4409
f 4257 4259 4413
f 4257 4413 4411
f 4259 4261 4415
f 4259 4415 4413
f 4261 4263 4417
f 4261 4417 4415
f 4263 4265 4419
f 4263 4419 4417
f 4265 4267 4421
f 4265 4421 4419
f 4267 4269 4423
f 4267 4423 4421
f 4269 4271 4425
f 4269 4425 4423
f 4271 4273 4427
f 4271 4427 4425
f 4273 4275 4429
f 4273 4429 4427
f 4275 4277 4431
f 4275 4431 4429
f 4277 4279 4433
f 4277 4433 4431
f 4279 4281 4435
f 4279 4435 4433
f 4281 4283 4437
f 4281 4437 4435
f 4283 4285 4439
f 4283 4439 4437
f 4285 4287 4441
f 4285 4441 4439
f 4287 4289 4443
f 4287 4443 4441
f 4289 4291 4445
f 4289 4445 4443
f 4291 4293 4447
f 4291 4447 4445
f 4293 4295 4449
f 4293 4449 4447
f 4295 4297 4451
f 4295 4451 4449
f 4297 4299 4453
f 4297 4453 4451
f 4299 4301 4455
f 4299 4455 4453
f 4301 4303 4457
f 4301 4457 4455
f 4303 4305 4459
f 4303 4459 4457
f 4305 4307 4461
f 4305 4461 4459
f 4307 4309 4463
f 4307 4463 4461
f 4309 4311 4465
f 4309 4465 4463
f 4313 4315 4469
f 4313 4469 4467
f 4315 4317 4471
f 4315 4471 4469
f 4317 4319 4473
f 4317 4473 4471
f 4319 4321 4475
f 4319 4475 4473
f 4321 4323 4477
f 4321 4477 4475
f 4323 4325 4479
f 4323 4479 4477
f 4325 4327 4481
f 4325 4481 4479
f 4327 4329 4483
f 4327 4483 4481
f 4329 4331 4485
f 4329 4485 4483
f 4331 4333 4487
f 4331 4487 4485
f 4333 4335 4489
f 4333 4489 4487
f 4335 4337 4491
f 4335 4491 4489
f 4337 4339 4493
f 4337 4493 4491
f 4339 4341 4495
f 4339 4495 4493
f 4341 4343 4497
f 4341 4497 4495
f 4343 4345 4499
f 4343 4499 4497
f 4345 4347 4501
f 4345 4501 4499
f 4347 4349 4503
f 4347 4503 4501
f 4349 4351 4505
f 4349 4505 4503
f 4351 4353 4507
f 4351 4507 4505
f 4353 4355 4509
f 4353 4509 4507
f 4355 4357 4511
f 4355 4511 4509
f 4357 4359 4513
f 4357 4513 4511
f 4359 4361 4515
f 4359 4515 4513
f 4361 4363 4517
f 4361 4517 4515
f 4363 4365 4519
f 4363 4519 4517
f 4365 4367 4521
f 4365 4521 4519
f 4367 4369 4523
f 4367 4523 4521
f 4369 4371 4525
f 4369 4525 4523
f 4371 4373 4527
f 4371 4527 4525
f 4373 4375 4529
f 4373 4529 4527
f 4375 4377 4531
f 4375 4531 4529
f 4377 4379 4533
f 4377 4533 4531
f 4379 4381 4535
f 4379 4535 4533
f 4381 4383 4537
f 4381 4537 4535
f 4383 4385 4539
f 4383 4539 4537
f 4385 4387 4541
f 4385 4541 4539
f 4387 4389 4543
f 4387 4543 4541
f 4389 4391 4545
f 4389 4545 4543
f 4391 4393 4547
f 4391 4547 4545
f 4393 4395 4549
f 4393 4549 4547
f 4395 4397 4551
f 4395 4551 4549
f 4397 4399 4553
f 4397 4553 4551
f 4399 4401 4555
f 4399 4555 4553
f 4401 4403 4557
f 4401 4557 4555
f 4403 4405 4559
f 4403 4559 4557
f 4405 4407 4561
f 4405 4561 4559
f 4407 4409 4563
f 4407 4563 4561
f 4409 4411 4565
f 4409 4565 4563
f 4411 4413 4567
f 4411 4567 4565
f 4413 4415 4569
f 4413 4569 4567
f 4415 4417 4571
f 4415 4571 4569
f 4417 4419 4573
f 4417 4573 4571
f 4419 4421 4575
f 4419 4575 4573
f 4421 4423 4577
f 4421 4577 4575
f 4423 4425 4579
f 4423 4579 4577
f 4425 4427 4581
f 4425 4581 4579
f 4427 4429 4583
f 4427 4583 4581
f 4429 4431 4585
f 4429 4585 4583
f 4431 4433 4587
f 4431 4587 4585
f 4433 4435 4589
f 4433 4589 4587
f 4435 4437 4591
f 4435 4591 4589
f 4437 4439 4593
f 4437 4593 4591
f 4439 4441 4595
f 4439 4595 4593
f 4441 4443 4597
f 4441 4597 4595
f 4443 4445 4599
f 4443 4599 4597
f 4445 4447 4601
f 4445 4601 4599
f 4447 4449 4603
f 4447 4603 4601
f 4449 4451 4605
f 4449 4605 4603
f 4451 4453 4607
f 4451 4607 4605
f 4453 4455 4609
f 4453 4609 4607
f 4455 4457 4611
f 4455 4611 4609
f 4457 4459 4613
f 4457 4613 4611
f 4459 4461 4615
f 4459 4615 4613
f 4461 4463 4617
f 4461 4617 4615
f 4463 4465 4619
f 4463 4619 4617
f 4467 4469 4623
f 4467 4623 4621
f 4469 4471 4625
f 4469 4625 4623
f 4471 4473 4627
f 4471 4627 4625
f 4473 4475 4629
f 4473 4629 4627
f 4475 4477 4631
f 4475 4631 4629
f 4477 4479 4633
f 4477 4633 4631
f 4479 4481 4635
f 4479 4635 4633
f 4481 4483 4637
f 4481 4637 4635
f 4483 4485 4639
f 4483 4639 4637
f 4485 4487 4641
f 4485 4641 4639
f 4487 4489 4643
f 4487 4643 4641
f 4489 4491 4645
f 4489 4645 4643
f 4491 4493 4647
f 4491 4647 4645
f 4493 4495 4649
f 4493 4649 4647
f 4495 4497 4651
f 4495 4651 4649
f 4497 4499 4653
f 4497 4653 4651
f 4499 4501 4655
f 4499 4655 4653
f 4501 4503 4657
f 4501 4657 4655
f 4503 4505 4659
f 4503 4659 4657
f 4505 4507 4661
f 4505 4661 4659
f 4507 4509 4663
f 4507 4663 4661
f 4509 4511 4665
f 4509 4665 4663
f 4511 4513 4667
f 4511 4667 4665
f 4513 4515 4669
f 4513 4669 4667
f 4515 4517 4671
f 4515 4671 4669
f 4517 4519 4673
f 4517 4673 4671
f 4519 4521 4675
f 4519 4675 4673
f 4521 4523 4677
f 4521 4677 4675
f 4523 4525 4679
f 4523 4679 4677
f 4525 4527 4681
f 4525 4681 4679
f 4527 4529 4683
f 4527 4683 4681
f 4529 4531 4685
f 4529 4685 4683
f 4531 4533 4687
f 4531 4687 4685
f 4533 4535 4689
f 4533 4689 4687
f 4535 4537 4691
f 4535 4691 4689
f 4537 4539 4693
f 4537 4693 4691
f 4539 4541 4695
f 4539 4695 4693
f 4541 4543 4697
f 4541 4697 4695
f 4543 4545 4699
f 4543 4699 4697
f 4545 4547 4701
f 4545 4701 4699
f 4547 4549 4703
f 4547 4703 4701
f 4549 4551 4705
f 4549 4705 4703
f 4551 4553 4707
f 4551 4707 4705
f 4553 4555 4709
f 4553 4709 4707
f 4555 4557 4711
f 4555 4711 4709
f 4557 4559 4713
f 4557 4713 4711
f 4559 4561 4715
f 4559 4715 4713
f 4561 4563 4717
f 4561 4717 4715
f 4563 4565 4719
f 4563 4719 4717
f 4565 4567 4721
f 4565 4721 4719
f 4567 4569 4723
f 4567 4723 4721
f 4569 4571 4725
f 4569 4725 4723
f 4571 4573 4727
f 4571 4727 4725
f 4573 4575 4729
f 4573 4729 4727
f 4575 4577 4731
f 4575 4731 4729
f 4577 4579 4733
f 4577 4733 4731
f 4579 4581 4735
f 4579 4735 4733
f 4581 4583 4737
f 4581 4737 4735
f 4583 4585 4739
f 4583 4739 4737
f 4585 4587 4741
f 4585 4741 4739
f 4587 4589 4743
f 4587 4743 4741
f 4589 4591 4745
f 4589 4745 4743
f 4591 4593 4747
f 4591 4747 4745
f 4593 4595 4749
f 4593 4749 4747
f 4595 4597 4751
f 4595 4751 4749
f 4597 4599 4753
f 4597 4753 4751
f 4599 4601 4755
f 4599 4755 4753
f 4601 4603 4757
f 4601 4757 4755
f 4603 4605 4759
f 4603 4759 4757
f 4605 4607 4761
f 4605 4761 4759
f 4607 4609 4763
f 4607 4763 4761
f 4609 4611 4765
f 4609 4765 4763
f 4611 4613 4767
f 4611 4767 4765
f 4613 4615 4769
f 4613 4769 4767
f 4615 4617 4771
f 4615 4771 4769
f 4617 4619 4773
f 4617 4773 4771
f 4621 4623 4777
f 4621 4777 4775
f 4623 4625 4779
f 4623 4779 4777
f 4625 4627 4781
f 4625 4781 4779
f 4627 4629 4783
f 4627 4783 4781
f 4629 4631 4785
f 4629 4785 4783
f 4631 4633 4787
f 4631 4787 4785
f 4633 4635 4789
f 4633 4789 4787
f 4635 4637 4791
f 4635 4791 4789
f 4637 4639 4793
f 4637 4793 4791
f 4639 4641 4795
f 4639 4795 4793
f 4641 4643 4797
f 4641 4797 4795
f 4643 4645 4799
f 4643 4799 4797
f 4645 4647 4801
f 4645 4801 4799
f 4647 4649 4803
f 4647 4803 4801
f 4649 4651 4805
f 4649 4805 4803
f 4651 4653 4807
f 4651 4807 4805
f 4653 4655 4809
f 4653 4809 4807
f 4655 4657 4811
f 4655 4811 4809
f 4657 4659 4813
f 4657 4813 4811
f 4659 4661 4815
f 4659 4815 4813
f 4661 4663 4817
f 4661 4817 4815
f 4663 4665 4819
f 4663 4819 4817
f 4665 4667 4821
f 4665 4821 4819
f 4667 4669 4823
f 4667 4823 4821
f 4669 4671 4825
f 4669 4825 4823
f 4671 4673 4827
f 4671 4827 4825
f 4673 4675 4829
f 4673 4829 4827
f 4675 4677 4831
f 4675 4831 4829
f 4677 4679 4833
f 4677 4833 4831
f 4679 4681 4835
f 4679 4835 4833
f 4681 4683 4837
f 4681 4837 4835
f 4683 4685 4839
f 4683 4839 4837
f 4685 4687 4841
f 4685 4841 4839
f 4687 4689 4843
f 4687 4843 4841
f 4689 4691 4845
f 4689 4845 4843
f 4691 4693 4847
f 4691 4847 4845
f 4693 4695 4849
f 4693 4849 4847
f 4695 4697 4851
f 4695 4851 4849
f 4697 4699 4853
f 4697 4853 4851
f 4699 4701 4855
f 4699 4855 4853
f 4701 4703 4857
f 4701 4857 4855
f 4703 4705 4859
f 4703 4859 4857
f 4705 4707 4861
f 4705 4861 4859
f 4707 4709 4863
f 4707 4863 4861
f 4709 4711 4865
f 4709 4865 4863
f 4711 4713 4867
f 4711 4867 4865
f 4713 4715 4869
f 4713 4869 4867
f 4715 4717 4871
f 4715 4871 4869
f 4717 4719 4873
f 4717 4873 4871
f 4719 4721 4875
f 4719 4875 4873
f 4721 4723 4877
f 4721 4877 4875
f 4723 4725 4879
f 4723 4879 4877
f 4725 4727 4881
f 4725 4881 4879
f 4727 4729 4883
f 4727 4883 4881
f 4729 4731 4885
f 4729 4885 4883
f 4731 4733 4887
f 4731 4887 4885
f 4733 4735 4889
f 4733 4889 4887
f 4735 4737 4891
f 4735 4891 4889
f 4737 4739 4893
f 4737 4893 4891
f 4739 4741 4895
f 4739 4895 4893
f 4741 4743 4897
f 4741 4897 4895
f 4743 4745 4899
f 4743 4899 4897
f 4745 4747 4901
f 4745 4901 4899
f 4747 4749 4903
f 4747 4903 4901
f 4749 4751 4905
f 4749 4905 4903
f 4751 4753 4907
f 4751 4907 4905
f 4753 4755 4909
f 4753 4909 4907
f 4755 4757 4911
f 4755 4911 4909
f 4757 4759 4913
f 4757 4913 4911
f 4759 4761 4915
f 4759 4915 4913
f 4761 4763 4917
f 4761 4917 4915
f 4763 4765 4919
f 4763 4919 4917
f 4765 4767 4921
f 4765 4921 4919
f 4767 4769 4923
f 4767 4923 4921
f 4769 4771 4925
f 4769 4925 4923
f 4771 4773 4927
f 4771 4927 4925
f 4775 4777 4931
f 4775 4931 4929
f 4777 4779 4933
f 4777 4933 4931
f 4779 4781 4935
f 4779 4935 4933
f 4781 4783 4937
f 4781 4937 4935
f 4783 4785 4939
f 4783 4939 4937
f 4785 4787 4941
f 4785 4941 4939
f 4787 4789 4943
f 4787 4943 4941
f 4789 4791 4945
f 4789 4945 4943
f 4791 4793 4947
f 4791 4947 4945
f 4793 4795 4949
f 4793 4949 4947
f 4795 4797 4951
f 4795 4951 4949
f 4797 4799 4953
f 4797 4953 4951
f 4799 4801 4955
f 4799 4955 4953
f 4801 4803 4957
f 4801 4957 4955
f 4803 4805 4959
f 4803 4959 4957
f 4805 4807 4961
f 4805 4961 4959
f 4807 4809 4963
f 4807 4963 4961
f 4809 4811 4965
f 4809 4965 4963
f 4811 4813 4967
f 4811 4967 4965
f 4813 4815 4969
f 4813 4969 4967
f 4815 4817 4971
f 4815 4971 4969
f 4817 4819 4973
f 4817 4973 4971
f 4819 4821 4975
f 4819 4975 4973
f 4821 4823 4977
f 4821 4977 4975
f 4823 4825 4979
f 4823 4979 4977
f 4825 4827 4981
f 4825 4981 4979
f 4827 4829 4983
f 4827 4983 4981
f 4829 4831 4985
f 4829 4985 4983
f 4831 4833 4987
f 4831 4987 4985
f 4833 4835 4989
f 4833 4989 4987
f 4835 4837 4991
f 4835 4991 4989
f 4837 4839 4993
f 4837 4993 4991
f 4839 4841 4995
f 4839 4995 4993
f 4841 4843 4997
f 4841 4997 4995
f 4843 4845 4999
f 4843 4999 4997
f 4845 4847 5001
f 4845 5001 4999
f 4847 4849 5003
f 4847 5003 5001
f 4849 4851 5005
f 4849 5005 5003
f 4851 4853 5007
f 4851 5007 5005
f 4853 4855 5009
f 4853 5009 5007
f 4855 4857 5011
f 4855 5011 5009
f 4857 4859 5013
f 4857 5013 5011
f 4859 4861 5015
f 4859 5015 5013
f 4861 4863 5017
f 4861 5017 5015
f 4863 4865 5019
f 4863 5019 5017
f 4865 4867 5021
f 4865 5021 5019
f 4867 4869 5023
f 4867 5023 5021
f 4869 4871 5025
f 4869 5025 5023
f 4871 4873 5027
f 4871 5027 5025
f 4873 4875 5029
f 4873 5029 5027
f 4875 4877 5031
f 4875 5031 5029
f 4877 4879 5033
f 4877 5033 5031
f 4879 4881 5035
f 4879 5035 5033
f 4881 4883 5037
f 4881 5037 5035
f 4883 4885 5039
f 4883 5039 5037
f 4885 4887 5041
f 4885 5041 5039
f 4887 4889 5043
f 4887 5043 5041
f 4889 4891 5045
f 4889 5045 5043
f 4891 4893 5047
f 4891 5047 5045
f 4893 4895 5049
f 4893 5049 5047
f 4895 4897 5051
f 4895 5051 5049
f 4897 4899 5053
f 4897 5053 5051
f 4899 4901 5055
f 4899 5055 5053
f 4901 4903 5057
f 4901 5057 5055
f 4903 4905 5059
f 4903 5059 5057
f 4905 4907 5061
f 4905 5061 5059
f 4907 4909 5063
f 4907 5063 5061
f 4909 4911 5065
f 4909 5065 5063
f 4911 4913 5067
f 4911 5067 5065
f 4913 4915 5069
f 4913 5069 5067
f 4915 4917 5071
f 4915 5071 5069
f 4917 4919 5073
f 4917 5073 5071
f 4919 4921 5075
f 4919 5075 5073
f 4921 4923 5077
f 4921 5077 5075
f 4923 4925 5079
f 4923 5079 5077
f 4925 4927 5081
f 4925 5081 5079
f 4929 4931 5085
f 4929 5085 5083
f 4931 4933 5087
f 4931 5087 5085
f 4933 4935 5089
f 4933 5089 5087
f 4935 4937 5091
f 4935 5091 5089
f 4937 4939 5093
f 4937 5093 5091
f 4939 4941 5095
f 4939 5095 5093
f 4941 4943 5097
f 4941 5097 5095
f 4943 4945 5099
f 4943 5099 5097
f 4945 4947 5101
f 4945 5101 5099
f 4947 4949 5103
f 4947 5103 5101
f 4949 4951 5105
f 4949 5105 5103
f 4951 4953 5107
f 4951 5107 5105
f 4953 4955 5109
f 4953 5109 5107
f 4955 4957 5111
f 4955 5111 5109
f 4957 4959 5113
f 4957 5113 5111
f 4959 4961 5115
f 4959 5115 5113
f 4961 4963 5117
f 4961 5117 5115
f 4963 4965 5119
f 4963 5119 5117
f 4965 4967 5121
f 4965 5121 5119
f 4967 4969 5123
f 4967 5123 5121
f 4969 4971 5125
f 4969 5125 5123
f 4971 4973 5127
f 4971 5127 5125
f 4973 4975 5129
f 4973 5129 5127
f 4975 4977 5131
f 4975 5131 5129
f 4977 4979 5133
f 4977 5133 5131
f 4979 4981 5135
f 4979 5135 5133
f 4981 4983 5137
f 4981 5137 5135
f 4983 4985 5139
f 4983 5139 5137
f 4985 4987 5141
f 4985 5141 5139
f 4987 4989 5143
f 4987 5143 5141
f 4989 4991 5145
f 4989 5145 5143
f 4991 4993 5147
f 4991 5147 5145
f 4993 4995 5149
f 4993 5149 5147
f 4995 4997 5151
f 4995 5151 5149
f 4997 4999 5153
f 4997 5153 5151
f 4999 5001 5155
f 4999 5155 5153
f 5001 5003 5157
f 5001 5157 5155
f 5003 5005 5159
f 5003 5159 5157
f 5005 5007 5161
f 5005 5161 5159
f 5007 5009 5163
f 5007 5163 5161
f 5009 5011 5165
f 5009 5165 5163
f 5011 5013 5167
f 5011 5167 5165
f 5013 5015 5169
f 5013 5169 5167
f 5015 5017 5171
f 5015 5171 5169
f 5017 5019 5173
f 5017 5173 5171
f 5019 5021 5175
f 5019 5175 5173
f 5021 5023 5177
f 5021 5177 5175
f 5023 5025 5179
f 5023 5179 5177
f 5025 5027 5181
f 5025 5181 5179
f 5027 5029 5183
f 5027 5183 5181
f 5029 5031 5185
f 5029 5185 5183
f 5031 5033 5187
f 5031 5187 5185
f 5033 5035 5189
f 5033 5189 5187
f 5035 5037 5191
f 5035 5191 5189
f 5037 5039 5193
f 5037 5193 5191
f 5039 5041 5195
f 5039 5195 5193
f 5041 5043 5197
f 5041 5197 5195
f 5043 5045 5199
f 5043 5199 5197
f 5045 5047 5201
f 5045 5201 5199
f 5047 5049 5203
f 5047 5203 5201
f 5049 5051 5205
f 5049 5205 5203
f 5051 5053 5207
f 5051 5207 5205
f 5053 5055 5209
f 5053 5209 5207
f 5055 5057 5211
f 5055 5211 5209
f 5057 5059 5213
f 5057 5213 5211
f 5059 5061 5215
f 5059 5215 5213
f 5061 5063 5217
f 5061 5217 5215
f 5063 5065 5219
f 5063 5219 5217
f 5065 5067 5221
f 5065 5221 5219
f 5067 5069 5223
f 5067 5223 5221
f 5069 5071 5225
f 5069 5225 5223
f 5071 5073 5227
f 5071 5227 5225
f 5073 5075 5229
f 5073 5229 5227
f 5075 5077 5231
f 5075 5231 5229
f 5077 5079 5233
f 5077 5233 5231
f 5079 5081 5235
f 5079 5235 5233
f 5083 5085 5239
f 5083 5239 5237
f 5085 5087 5241
f 5085 5241 5239
f 5087 5089 5243
f 5087 5243 5241
f 5089 5091 5245
f 5089 5245 5243
f 5091 5093 5247
f 5091 5247 5245
f 5093 5095 5249
f 5093 5249 5247
f 5095 5097 5251
f 5095 5251 5249
f 5097 5099 5253
f 5097 5253 5251
f 5099 5101 5255
f 5099 5255 5253
f 5101 5103 5257
f 5101 5257 5255
f 5103 5105 5259
f 5103 5259 5257
f 5105 5107 5261
f 5105 5261 5259
f 5107 5109 5263
f 5107 5263 5261
f 5109 5111 5265
f 5109 5265 5263
f 5111 5113 5267
f 5111 5267 5265
f 5113 5115 5269
f 5113 5269 5267
f 5115 5117 5271
f 5115 5271 5269
f 5117 5119 5273
f 5117 5273 5271
f 5119 5121 5275
f 5119 5275 5273
f 5121 5123 5277
f 5121 5277 5275
f 5123 5125 5279
f 5123 5279 5277
f 5125 5127 5281
f 5125 5281 5279
f 5127 5129 5283
f 5127 5283 5281
f 5129 5131 5285
f 5129 5285 5283
f 5131 5133 5287
f 5131 5287 5285
f 5133 5135 5289
f 5133 5289 5287
f 5135 5137 5291
f 5135 5291 5289
f 5137 5139 5293
f 5137 5293 5291
f 5139 5141 5295
f 5139 5295 5293
f 5141 5143 5297
f 5141 5297 5295
f 5143 5145 5299
f 5143 5299 5297
f 5145 5147 5301
f 5145 5301 5299
f 5147 5149 5303
f 5147 5303 5301
f 5149 5151 5305
f 5149 5305 5303
f 5151 5153 5307
f 5151 5307 5305
f 5153 5155 5309
f 5153 5309 5307
f 5155 5157 5311
f 5155 5311 5309
f 5157 5159 5313
f 5157 5313 5311
f 5159 5161 5315
f 5159 5315 5313
f 5161 5163 5317
f 5161 5317 5315
f 5163 5165 5319
f 5163 5319 5317
f 5165 5167 5321
f 5165 5321 5319
f 5167 5169 5323
f 5167 5323 5321
f 5169 5171 5325
f 5169 5325 5323
f 5171 5173 5327
f 5171 5327 5325
f 5173 5175 5329
f 5173 5329 5327
f 5175 5177 5331
f 5175 5331 5329
f 5177 5179 5333
f 5177 5333 5331
f 5179 5181 5335
f 5179 5335 5333
f 5181 5183 5337
f 5181 5337 5335
f 5183 5185 5339
f 5183 5339 5337
f 5185 5187 5341
f 5185 5341 5339
f 5187 5189 5343
f 5187 5343 5341
f 5189 5191 5345
f 5189 5345 5343
f 5191 5193 5347
f 5191 5347 5345
f 5193 5195 5349
f 5193 5349 5347
f 5195 5197 5351
f 5195 5351 5349
f 5197 5199 5353
f 5197 5353 5351
f 5199 5201 5355
f 5199 5355 5353
f 5201 5203 5357
f 5201 5357 5355
f 5203 5205 5359
f 5203 5359 5357
f 5205 5207 5361
f 5205 5361 5359
f 5207 5209 5363
f 5207 5363 5361
f 5209 5211 5365
f 5209 5365 5363
f 5211 5213 5367
f 5211 5367 5365
f 5213 5215 5369
f 5213 5369 5367
f 5215 5217 5371
f 5215 5371 5369
f 5217 5219 5373
f 5217 5373 5371
f 5219 5221 5375
f 5219 5375 5373
f 5221 5223 5377
f 5221 5377 5375
f 5223 5225 5379
f 5223 5379 5377
f 5225 5227 5381
f 5225 5381 5379
f 5227 5229 5383
f 5227 5383 5381
f 5229 5231 5385
f 5229 5385 5383
f 5231 5233 5387
f 5231 5387 5385
f 5233 5235 5389
f 5233 5389 5387
f 5237 5239 5393
f 5237 5393 5391
f 5239 5241 5395
f 5239 5395 5393
f 5241 5243 5397
f 5241 5397 5395
f 5243 5245 5399
f 5243 5399 5397
f 5245 5247 5401
f 5245 5401 5399
f 5247 5249 5403
f 5247 5403 5401
f 5249 5251 5405
f 5249 5405 5403
f 5251 5253 5407
f 5251 5407 5405
f 5253 5255 5409
f 5253 5409 5407
f 5255 5257 5411
f 5255 5411 5409
f 5257 5259 5413
f 5257 5413 5411
f 5259 5261 5415
f 5259 5415 5413
f 5261 5263 5417
f 5261 5417 5415
f 5263 5265 5419
f 5263 5419 5417
f 5265 5267 5421
f 5265 5421 5419
f 5267 5269 5423
f 5267 5423 5421
f 5269 5271 5425
f 5269 5425 5423
f 5271 5273 5427
f 5271 5427 5425
f 5273 5275 5429
f 5273 5429 5427
f 5275 5277 5431
f 5275 5431 5429
f 5277 5279 5433
f 5277 5433 5431
f 5279 5281 5435
f 5279 5435 5433
f 5281 5283 5437
f 5281 5437 5435
f 5283 5285 5439
f 5283 5439 5437
f 5285 5287 5441
f 5285 5441 5439
f 5287 5289 5443
f 5287 5443 5441
f 5289 5291 5445
f 5289 5445 5443
f 5291 5293 5447
f 5291 5447 5445
f 5293 5295 5449
f 5293 5449 5447
f 5295 5297 5451
f 5295 5451 5449
f 5297 5299 5453
f 5297 5453 5451
f 5299 5301 5455
f 5299 5455 5453
f 5301 5303 5457
f 5301 5457 5455
f 5303 5305 5459
f 5303 5459 5457
f 5305 5307 5461
f 5305 5461 5459
f 5307 5309 5463
f 5307 5463 5461
f 5309 5311 5465
f 5309 5465 5463
f 5311 5313 5467
f 5311 5467 5465
f 5313 5315 5469
f 5313 5469 5467
f 5315 5317 5471
f 5315 5471 5469
f 5317 5319 5473
f 5317 5473 5471
f 5319 5321 5475
f 5319 5475 5473
f 5321 5323 5477
f 5321 5477 5475
f 5323 5325 5479
f 5323 5479 5477
f 5325 5327 5481
f 5325 5481 5479
f 5327 5329 5483
f 5327 5483 5481
f 5329 5331 5485
f 5329 5485 5483
f 5331 5333 5487
f 5331 5487 5485
f 5333 5335 5489
f 5333 5489 5487
f 5335 5337 5491
f 5335 5491 5489
f 5337 5339 5493
f 5337 5493 5491
f 5339 5341 5495
f 5339 5495 5493
f 5341 5343 5497
f 5341 5497 5495
f 5343 5345 5499
f 5343 5499 5497
f 5345 5347 5501
f 5345 5501 5499
f 5347 5349 5503
f 5347 5503 5501
f 5349 5351 5505
f 5349 5505 5503
f 5351 5353 5507
f 5351 5507 5505
f 5353 5355 5509
f 5353 5509 5507
f 5355 5357 5511
f 5355 5511 5509
f 5357 5359 5513
f 5357 5513 5511
f 5359 5361 5515
f 5359 5515 5513
f 5361 5363 5517
f 5361 5517 5515
f 5363 5365 5519
f 5363 5519 5517
f 5365 5367 5521
f 5365 5521 5519
f 5367 5369 5523
f 5367 5523 5521
f 5369 5371 5525
f 5369 5525 5523
f 5371 5373 5527
f 5371 5527 5525
f 5373 5375 5529
f 5373 5529 5527
f 5375 5377 5531
f 5375 5531 5529
f 5377 5379 5533
f 5377 5533 5531
f 5379 5381 5535
f 5379 5535 5533
f 5381 5383 5537
f 5381 5537 5535
f 5383 5385 5539
f 5383 5539 5537
f 5385 5387 5541
f 5385 5541 5539
f 5387 5389 5543
f 5387 5543 5541
f 5391 5393 5547
f 5391 5547 5545
f 5393 5395 5549
f 5393 5549 5547
f 5395 5397 5551
f 5395 5551 5549
f 5397 5399 5553
f 5397 5553 5551
f 5399 5401 5555
f 5399 5555 5553
f 5401 5403 5557
f 5401 5557 5555
f 5403 5405 5559
f 5403 5559 5557
f 5405 5407 5561
f 5405 5561 5559
f 5407 5409 5563
f 5407 5563 5561
f 5409 5411 5565
f 5409 5565 5563
f 5411 5413 5567
f 5411 5567 5565
f 5413 5415 5569
f 5413 5569 5567
f 5415 5417 5571
f 5415 5571 5569
f 5417 5419 5573
f 5417 5573 5571
f 5419 5421 5575
f 5419 5575 5573
f 5421 5423 5577
f 5421 5577 5575
f 5423 5425 5579
f 5423 5579 5577
f 5425 5427 5581
f 5425 5581 5579
f 5427 5429 5583
f 5427 5583 5581
f 5429 5431 5585
f 5429 5585 5583
f 5431 5433 5587
f 5431 5587 5585
f 5433 5435 5589
f 5433 5589 5587
f 5435 5437 5591
f 5435 5591 5589
f 5437 5439 5593
f 5437 5593 5591
f 5439 5441 5595
f 5439 5595 5593
f 5441 5443 5597
f 5441 5597 5595
f 5443 5445 5599
f 5443 5599 5597
f 5445 5447 5601
f 5445 5601 5599
f 5447 5449 5603
f 5447 5603 5601
f 5449 5451 5605
f 5449 5605 5603
f 5451 5453 5607
f 5451 5607 5605
f 5453 5455 5609
f 5453 5609 5607
f 5455 5457 5611
f 5455 5611 5609
f 5457 5459 5613
f 5457 5613 5611
f 5459 5461 5615
f 5459 5615 5613
f 5461 5463 5617
f 5461 5617 5615
f 5463 5465 5619
f 5463 5619 5617
f 5465 5467 5621
f 5465 5621 5619
f 5467 5469 5623
f 5467 5623 5621
f 5469 5471 5625
f 5469 5625 5623
f 5471 5473 5627
f 5471 5627 5625
f 5473 5475 5629
f 5473 5629 5627
f 5475 5477 5631
f 5475 5631 5629
f 5477 5479 5633
f 5477 5633 5631
f 5479 5481 5635
f 5479 5635 5633
f 5481 5483 5637
f 5481 5637 5635
f 5483 5485 5639
f 5483 5639 5637
f 5485 5487 5641
f 5485 5641 5639
f 5487 5489 5643
f 5487 5643 5641
f 5489 5491 5645
f 5489 5645 5643
f 5491 5493 5647
f 5491 5647 5645
f 5493 5495 5649
f 5493 5649 5647
f 5495 5497 5651
f 5495 5651 5649
f 5497 5499 5653
f 5497 5653 5651
f 5499 5501 5655
f 5499 5655 5653
f 5501 5503 5657
f 5501 5657 5655
f 5503 5505 5659
f 5503 5659 5657
f 5505 5507 5661
f 5505 5661 5659
f 5507 5509 5663
f 5507 5663 5661
f 5509 5511 5665
f 5509 5665 5663
f 5511 5513 5667
f 5511 5667 5665
f 5513 5515 5669
f 5513 5669 5667
f 5515 5517 5671
f 5515 5671 5669
f 5517 5519 5673
f 5517 5673 5671
f 5519 5521 5675
f 5519 5675 5673
f 5521 5523 5677
f 5521 5677 5675
f 5523 5525 5679
f 5523 5679 5677
f 5525 5527 5681
f 5525 5681 5679
f 5527 5529 5683
f 5527 5683 5681
f 5529 5531 5685
f 5529 5685 5683
f 5531 5533 5687
f 5531 5687 5685
f 5533 5535 5689
f 5533 5689 5687
f 5535 5537 5691
f 5535 5691 5689
f 5537 5539 5693
f 5537 5693 5691
f 5539 5541 5695
f 5539 5695 5693
f 5541 5543 5697
f 5541 5697 5695
f 5545 5547 5701
f 5545 5701 5699
f 5547 5549 5703
f 5547 5703 5701
f 5549 5551 5705
f 5549 5705 5703
f 5551 5553 5707
f 5551 5707 5705
f 5553 5555 5709
f 5553 5709 5707
f 5555 5557 5711
f 5555 5711 5709
f 5557 5559 5713
f 5557 5713 5711
f 5559 5561 5715
f 5559 5715 5713
f 5561 5563 5717
f 5561 5717 5715
f 5563 5565 5719
f 5563 5719 5717
f 5565 5567 5721
f 5565 5721 5719
f 5567 5569 5723
f 5567 5723 5721
f 5569 5571 5725
f 5569 5725 5723
f 5571 5573 5727
f 5571 5727 5725
f 5573 5575 5729
f 5573 5729 5727
f 5575 5577 5731
f 5575 5731 5729
f 5577 5579 5733
f 5577 5733 5731
f 5579 5581 5735
f 5579 5735 5733
f 5581 5583 5737
f 5581 5737 5735
f 5583 5585 5739
f 5583 5739 5737
f 5585 5587 5741
f 5585 5741 5739
f 5587 5589 5743
f 5587 5743 5741
f 5589 5591 5745
f 5589 5745 5743
f 5591 5593 5747
f 5591 5747 5745
f 5593 5595 5749
f 5593 5749 5747
f 5595 5597 5751
f 5595 5751 5749
f 5597 5599 5753
f 5597 5753 5751
f 5599 5601 5755
f 5599 5755 5753
f 5601 5603 5757
f 5601 5757 5755
f 5603 5605 5759
f 5603 5759 5757
f 5605 5607 5761
f 5605 5761 5759
f 5607 5609 5763
f 5607 5763 5761
f 5609 5611 5765
f 5609 5765 5763
f 5611 5613 5767
f 5611 5767 5765
f 5613 5615 5769
f 5613 5769 5767
f 5615 5617 5771
f 5615 5771 5769
f 5617 5619 5773
f 5617 5773 5771
f 5619 5621 5775
f 5619 5775 5773
f 5621 5623 5777
f 5621 5777 5775
f 5623 5625 5779
f 5623 5779 5777
f 5625 5627 5781
f 5625 5781 5779
f 5627 5629 5783
f 5627 5783 5781
f 5629 5631 5785
f 5629 5785 5783
f 5631 5633 5787
f 5631 5787 5785
f 5633 5635 5789
f 5633 5789 5787
f 5635 5637 5791
f 5635 5791 5789
f 5637 5639 5793
f 5637 5793 5791
f 5639 5641 5795
f 5639 5795 5793
f 5641 5643 5797
f 5641 5797 5795
f 5643 5645 5799
f 5643 5799 5797
f 5645 5647 5801
f 5645 5801 5799
f 5647 5649 5803
f 5647 5803 5801
f 5649 5651 5805
f 5649 5805 5803
f 5651 5653 5807
f 5651 5807 5805
f 5653 5655 5809
f 5653 5809 5807
f 5655 5657 5811
f 5655 5811 5809
f 5657 5659 5813
f 5657 5813 5811
f 5659 5661 5815
f 5659 5815 5813
f 5661 5663 5817
f 5661 5817 5815
f 5663 5665 5819
f 5663 5819 5817
f 5665 5667 5821
f 5665 5821 5819
f 5667 5669 5823
f 5667 5823 5821
f 5669 5671 5825
f 5669 5825 5823
f 5671 5673 5827
f 5671 5827 5825
f 5673 5675 5829
f 5673 5829 5827
f 5675 5677 5831
f 5675 5831 5829
f 5677 5679 5833
f 5677 5833 5831
f 5679 5681 5835
f 5679 5835 5833
f 5681 5683 5837
f 5681 5837 5835
f 5683 5685 5839
f 5683 5839 5837
f 5685 5687 5841
f 5685 5841 5839
f 5687 5689 5843
f 5687 5843 5841
f 5689 5691 5845
f 5689 5845 5843
f 5691 5693 5847
f 5691 5847 5845
f 5693 5695 5849
f 5693 5849 5847
f 5695 5697 5851
f 5695 5851 5849
f 5699 5701 5855
f 5699 5855 5853
f 5701 5703 5857
f 5701 5857 5855
f 5703 5705 5859
f 5703 5859 5857
f 5705 5707 5861
f 5705 5861 5859
f 5707 5709 5863
f 5707 5863 5861
f 5709 5711 5865
f 5709 5865 5863
f 5711 5713 5867
f 5711 5867 5865
f 5713 5715 5869
f 5713 5869 5867
f 5715 5717 5871
f 5715 5871 5869
f 5717 5719 5873
f 5717 5873 5871
f 5719 5721 5875
f 5719 5875 5873
f 5721 5723 5877
f 5721 5877 5875
f 5723 5725 5879
f 5723 5879 5877
f 5725 5727 5881
f 5725 5881 5879
f 5727 5729 5883
f 5727 5883 5881
f 5729 5731 5885
f 5729 5885 5883
f 5731 5733 5887
f 5731 5887 5885
f 5733 5735 5889
f 5733 5889 5887
f 5735 5737 5891
f 5735 5891 5889
f 5737 5739 5893
f 5737 5893 5891
f 5739 5741 5895
f 5739 5895 5893
f 5741 5743 5897
f 5741 5897 5895
f 5743 5745 5899
f 5743 5899 5897
f 5745 5747 5901
f 5745 5901 5899
f 5747 5749 5903
f 5747 5903 5901
f 5749 5751 5905
f 5749 5905 5903
f 5751 5753 5907
f 5751 5907 5905
f 5753 5755 5909
f 5753 5909 5907
f 5755 5757 5911
f 5755 5911 5909
f 5757 5759 5913
f 5757 5913 5911
f 5759 5761 5915
f 5759 5915 5913
f 5761 5763 5917
f 5761 5917 5915
f 5763 5765 5919
f 5763 5919 5917
f 5765 5767 5921
f 5765 5921 5919
f 5767 5769 5923
f 5767 5923 5921
f 5769 5771 5925
f 5769 5925 5923
f 5771 5773 5927
f 5771 5927 5925
f 5773 5775 5929
f 5773 5929 5927
f 5775 5777 5931
f 5775 5931 5929
f 5777 5779 5933
f 5777 5933 5931
f 5779 5781 5935
f 5779 5935 5933
f 5781 5783 5937
f 5781 5937 5935
f 5783 5785 5939
f 5783 5939 5937
f 5785 5787 5941
f 5785 5941 5939
f 5787 5789 5943
f 5787 5943 5941
f 5789 5791 5945
f 5789 5945 5943
f 5791 5793 5947
f 5791 5947 5945
f 5793 5795 5949
f 5793 5949 5947
f 5795 5797 5951
f 5795 5951 5949
f 5797 5799 5953
f 5797 5953 5951
f 5799 5801 5955
f 5799 5955 5953
f 5801 5803 5957
f 5801 5957 5955
f 5803 5805 5959
f 5803 5959 5957
f 5805 5807 5961
f 5805 5961 5959
f 5807 5809 5963
f 5807 5963 5961
f 5809 5811 5965
f 5809 5965 5963
f 5811 5813 5967
f 5811 5967 5965
f 5813 5815 5969
f 5813 5969 5967
f 5815 5817 5971
f 5815 5971 5969
f 5817 5819 5973
f 5817 5973 5971
f 5819 5821 5975
f 5819 5975 5973
f 5821 5823 5977
f 5821 5977 5975
f 5823 5825 5979
f 5823 5979 5977
f 5825 5827 5981
f 5825 5981 5979
f 5827 5829 5983
f 5827 5983 5981
f 5829 5831 5985
f 5829 5985 5983
f 5831 5833 5987
f 5831 5987 5985
f 5833 5835 5989
f 5833 5989 5987
f 5835 5837 5991
f 5835 5991 5989
f 5837 5839 5993
f 5837 5993 5991
f 5839 5841 5995
f 5839 5995 5993
f 5841 5843 5997
f 5841 5997 5995
f 5843 5845 5999
f 5843 5999 5997
f 5845 5847 6001
f 5845 6001 5999
f 5847 5849 6003
f 5847 6003 6001
f 5849 5851 6005
f 5849 6005 6003
f 5853 5855 6009
f 5853 6009 6007
f 5855 5857 6011
f 5855 6011 6009
f 5857 5859 6013
f 5857 6013 6011
f 5859 5861 6015
f 5859 6015 6013
f 5861 5863 6017
f 5861 6017 6015
f 5863 5865 6019
f 5863 6019 6017
f 5865 5867 6021
f 5865 6021 6019
f 5867 5869 6023
f 5867 6023 6021
f 5869 5871 6025
f 5869 6025 6023
f 5871 5873 6027
f 5871 6027 6025
f 5873 5875 6029
f 5873 6029 6027
f 5875 5877 6031
f 5875 6031 6029
f 5877 5879 6033
f 5877 6033 6031
f 5879 5881 6035
f 5879 6035 6033
f 5881 5883 6037
f 5881 6037 6035
f 5883 5885 6039
f 5883 6039 6037
f 5885 5887 6041
f 5885 6041 6039
f 5887 5889 6043
f 5887 6043 6041
f 5889 5891 6045
f 5889 6045 6043
f 5891 5893 6047
f 5891 6047 6045
f 5893 5895 6049
f 5893 6049 6047
f 5895 5897 6051
f 5895 6051 6049
f 5897 5899 6053
f 5897 6053 6051
f 5899 5901 6055
f 5899 6055 6053
f 5901 5903 6057
f 5901 6057 6055
f 5903 5905 6059
f 5903 6059 6057
f 5905 5907 6061
f 5905 6061 6059
f 5907 5909 6063
f 5907 6063 6061
f 5909 5911 6065
f 5909 6065 6063
f 5911 5913 6067
f 5911 6067 6065
f 5913 5915 6069
f 5913 6069 6067
f 5915 5917 6071
f 5915 6071 6069
f 5917 5919 6073
f 5917 6073 6071
f 5919 5921 6075
f 5919 6075 6073
f 5921 5923 6077
f 5921 6077 6075
f 5923 5925 6079
f 5923 6079 6077
f 5925 5927 6081
f 5925 6081 6079
f 5927 5929 6083
f 5927 6083 6081
f 5929 5931 6085
f 5929 6085 6083
f 5931 5933 6087
f 5931 6087 6085
f 5933 5935 6089
f 5933 6089 6087
f 5935 5937 6091
f 5935 6091 6089
f 5937 5939 6093
f 5937 6093 6091
f 5939 5941 6095
f 5939 6095 6093
f 5941 5943 6097
f 5941 6097 6095
f 5943 5945 6099
f 5943 6099 6097
f 5945 5947 6101
f 5945 6101 6099
f 5947 5949 6103
f 5947 6103 6101
f 5949 5951 6105
f 5949 6105 6103
f 5951 5953 6107
f 5951 6107 6105
f 5953 5955 6109
f 5953 6109 6107
f 5955 5957 6111
f 5955 6111 6109
f 5957 5959 6113
f 5957 6113 6111
f 5959 5961 6115
f 5959 6115 6113
f 5961 5963 6117
f 5961 6117 6115
f 5963 5965 6119
f 5963 6119 6117
f 5965 5967 6121
f 5965 6121 6119
f 5967 5969 6123
f 5967 6123 6121
f 5969 5971 6125
f 5969 6125 6123
f 5971 5973 6127
f 5971 6127 6125
f 5973 5975 6129
f 5973 6129 6127
f 5975 5977 6131
f 5975 6131 6129
f 5977 5979 6133
f 5977 6133 6131
f 5979 5981 6135
f 5979 6135 6133
f 5981 5983 6137
f 5981 6137 6135
f 5983 5985 6139
f 5983 6139 6137
f 5985 5987 6141
f 5985 6141 6139
f 5987 5989 6143
f 5987 6143 6141
f 5989 5991 6145
f 5989 6145 6143
f 5991 5993 6147
f 5991 6147 6145
f 5993 5995 6149
f 5993 6149 6147
f 5995 5997 6151
f 5995 6151 6149
f 5997 5999 6153
f 5997 6153 6151
f 5999 6001 6155
f 5999 6155 6153
f 6001 6003 6157
f 6001 6157 6155
f 6003 6005 6159
f 6003 6159 6157
f 6007 6009 6163
f 6007 6163 6161
f 6009 6011 6165
f 6009 6165 6163
f 6011 6013 6167
f 6011 6167 6165
f 6013 6015 6169
f 6013 6169 6167
f 6015 6017 6171
f 6015 6171 6169
f 6017 6019 6173
f 6017 6173 6171
f 6019 6021 6175
f 6019 6175 6173
f 6021 6023 6177
f 6021 6177 6175
f 6023 6025 6179
f 6023 6179 6177
f 6025 6027 6181
f 6025 6181 6179
f 6027 6029 6183
f 6027 6183 6181
f 6029 6031 6185
f 6029 6185 6183
f 6031 6033 6187
f 6031 6187 6185
f 6033 6035 6189
f 6033 6189 6187
f 6035 6037 6191
f 6035 6191 6189
f 6037 6039 6193
f 6037 6193 6191
f 6039 6041 6195
f 6039 6195 6193
f 6041 6043 6197
f 6041 6197 6195
f 6043 6045 6199
f 6043 6199 6197
f 6045 6047 6201
f 6045 6201 6199
f 6047 6049 6203
f 6047 6203 6201
f 6049 6051 6205
f 6049 6205 6203
f 6051 6053 6207
f 6051 6207 6205
f 6053 6055 6209
f 6053 6209 6207
f 6055 6057 6211
f 6055 6211 6209
f 6057 6059 6213
f 6057 6213 6211
f 6059 6061 6215
f 6059 6215 6213
f 6061 6063 6217
f 6061 6217 6215
f 6063 6065 6219
f 6063 6219 6217
f 6065 6067 6221
f 6065 6221 6219
f 6067 6069 6223
f 6067 6223 6221
f 6069 6071 6225
f 6069 6225 6223
f 6071 6073 6227
f 6071 6227 6225
f 6073 6075 6229
f 6073 6229 6227
f 6075 6077 6231
f 6075 6231 6229
f 6077 6079 6233
f 6077 6233 6231
f 6079 6081 6235
f 6079 6235 6233
f 6081 6083 6237
f 6081 6237 6235
f 6083 6085 6239
f 6083 6239 6237
f 6085 6087 6241
f 6085 6241 6239
f 6087 6089 6243
f 6087 6243 6241
f 6089 6091 6245
f 6089 6245 6243
f 6091 6093 6247
f 6091 6247 6245
f 6093 6095 6249
f 6093 6249 6247
f 6095 6097 6251
f 6095 6251 6249
f 6097 6099 6253
f 6097 6253 6251
f 6099 6101 6255
f 6099 6255 6253
f 6101 6103 6257
f 6101 6257 6255
f 6103 6105 6259
f 6103 6259 6257
f 6105 6107 6261
f 6105 6261 6259
f 6107 6109 6263
f 6107 6263 6261
f 6109 6111 6265
f 6109 6265 6263
f 6111 6113 6267
f 6111 6267 6265
f 6113 6115 6269
f 6113 6269 6267
f 6115 6117 6271
f 6115 6271 6269
f 6117 6119 6273
f 6117 6273 6271
f 6119 6121 6275
f 6119 6275 6273
f 6121 6123 6277
f 6121 6277 6275
f 6123 6125 6279
f 6123 6279 6277
f 6125 6127 6281
f 6125 6281 6279
f 6127 6129 6283
f 6127 6283 6281
f 6129 6131 6285
f 6129 6285 6283
f 6131 6133 6287
f 6131 6287 6285
f 6133 6135 6289
f 6133 6289 6287
f 6135 6137 6291
f 6135 6291 6289
f 6137 6139 6293
f 6137 6293 6291
f 6139 6141 6295
f 6139 6295 6293
f 6141 6143 6297
f 6141 6297 6295
f 6143 6145 6299
f 6143 6299 6297
f 6145 6147 6301
f 6145 6301 6299
f 6147 6149 6303
f 6147 6303 6301
f 6149 6151 6305
f 6149 6305 6303
f 6151 6153 6307
f 6151 6307 6305
f 6153 6155 6309
f 6153 6309 6307
f 6155 6157 6311
f 6155 6311 6309
f 6157 6159 6313
f 6157 6313 6311
f 6161 6163 6317
f 6161 6317 6315
f 6163 6165 6319
f 6163 6319 6317
f 6165 6167 6321
f 6165 6321 6319
f 6167 6169 6323
f 6167 6323 6321
f 6169 6171 6325
f 6169 6325 6323
f 6171 6173 6327
f 6171 6327 6325
f 6173 6175 6329
f 6173 6329 6327
f 6175 6177 6331
f 6175 6331 6329
f 6177 6179 6333
f 6177 6333 6331
f 6179 6181 6335
f 6179 6335 6333
f 6181 6183 6337
f 6181 6337 6335
f 6183 6185 6339
f 6183 6339 6337
f 6185 6187 6341
f 6185 6341 6339
f 6187 6189 6343
f 6187 6343 6341
f 6189 6191 6345
f 6189 6345 6343
f 6191 6193 6347
f 6191 6347 6345
f 6193 6195 6349
f 6193 6349 6347
f 6195 6197 6351
f 6195 6351 6349
f 6197 6199 6353
f 6197 6353 6351
f 6199 6201 6355
f 6199 6355 6353
f 6201 6203 6357
f 6201 6357 6355
f 6203 6205 6359
f 6203 6359 6357
f 6205 6207 6361
f 6205 6361 6359
f 6207 6209 6363
f 6207 6363 6361
f 6209 6211 6365
f 6209 6365 6363
f 6211 6213 6367
f 6211 6367 6365
f 6213 6215 6369
f 6213 6369 6367
f 6215 6217 6371
f 6215 6371 6369
f 6217 6219 6373
f 6217 6373 6371
f 6219 6221 6375
f 6219 6375 6373
f 6221 6223 6377
f 6221 6377 6375
f 6223 6225 6379
f 6223 6379 6377
f 6225 6227 6381
f 6225 6381 6379
f 6227 6229 6383
f 6227 6383 6381
f 6229 6231 6385
f 6229 6385 6383
f 6231 6233 6387
f 6231 6387 6385
f 6233 6235 6389
f 6233 6389 6387
f 6235 6237 6391
f 6235 6391 6389
f 6237 6239 6393
f 6237 6393 6391
f 6239 6241 6395
f 6239 6395 6393
f 6241 6243 6397
f 6241 6397 6395
f 6243 6245 6399
f 6243 6399 6397
f 6245 6247 6401
f 6245 6401 6399
f 6247 6249 6403
f 6247 6403 6401
f 6249 6251 6405
f 6249 6405 6403
f 6251 6253 6407
f 6251 6407 6405
f 6253 6255 6409
f 6253 6409 6407
f 6255 6257 6411
f 6255 6411 6409
f 6257 6259 6413
f 6257 6413 6411
f 6259 6261 6415
f 6259 6415 6413
f 6261 6263 6417
f 6261 6417 6415
f 6263 6265 6419
f 6263 6419 6417
f 6265 6267 6421
f 6265 6421 6419
f 6267 6269 6423
f 6267 6423 6421
f 6269 6271 6425
f 6269 6425 6423
f 6271 6273 6427
f 6271 6427 6425
f 6273 6275 6429
f 6273 6429 6427
f 6275 6277 6431
f 6275 6431 6429
f 6277 6279 6433
f 6277 6433 6431
f 6279 6281 6435
f 6279 6435 6433
f 6281 6283 6437
f 6281 6437 6435
f 6283 6285 6439
f 6283 6439 6437
f 6285 6287 6441
f 6285 6441 6439
f 6287 6289 6443
f 6287 6443 6441
f 6289 6291 6445
f 6289 6445 6443
f 6291 6293 6447
f 6291 6447 6445
f 6293 6295 6449
f 6293 6449 6447
f 6295 6297 6451
f 6295 6451 6449
f 6297 6299 6453
f 6297 6453 6451
f 6299 6301 6455
f 6299 6455 6453
f 6301 6303 6457
f 6301 6457 6455
f 6303 6305 6459
f 6303 6459 6457
f 6305 6307 6461
f 6305 6461 6459
f 6307 6309 6463
f 6307 6463 6461
f 6309 6311 6465
f 6309 6465 6463
f 6311 6313 6467
f 6311 6467 6465
f 6315 6317 6471
f 6315 6471 6469
f 6317 6319 6473
f 6317 6473 6471
f 6319 6321 6475
f 6319 6475 6473
f 6321 6323 6477
f 6321 6477 6475
f 6323 6325 6479
f 6323 6479 6477
f 6325 6327 6481
f 6325 6481 6479
f 6327 6329 6483
f 6327 6483 6481
f 6329 6331 6485
f 6329 6485 6483
f 6331 6333 6487
f 6331 6487 6485
f 6333 6335 6489
f 6333 6489 6487
f 6335 6337 6491
f 6335 6491 6489
f 6337 6339 6493
f 6337 6493 6491
f 6339 6341 6495
f 6339 6495 6493
f 6341 6343 6497
f 6341 6497 6495
f 6343 6345 6499
f 6343 6499 6497
f 6345 6347 6501
f 6345 6501 6499
f 6347 6349 6503
f 6347 6503 6501
f 6349 6351 6505
f 6349 6505 6503
f 6351 6353 6507
f 6351 6507 6505
f 6353 6355 6509
f 6353 6509 6507
f 6355 6357 6511
f 6355 6511 6509
f 6357 6359 6513
f 6357 6513 6511
f 6359 6361 6515
f 6359 6515 6513
f 6361 6363 6517
f 6361 6517 6515
f 6363 6365 6519
f 6363 6519 6517
f 6365 6367 6521
f 6365 6521 6519
f 6367 6369 6523
f 6367 6523 6521
f 6369 6371 6525
f 6369 6525 6523
f 6371 6373 6527
f 6371 6527 6525
f 6373 6375 6529
f 6373 6529 6527
f 6375 6377 6531
f 6375 6531 6529
f 6377 6379 6533
f 6377 6533 6531
f 6379 6381 6535
f 6379 6535 6533
f 6381 6383 6537
f 6381 6537 6535
f 6383 6385 6539
f 6383 6539 6537
f 6385 6387 6541
f 6385 6541 6539
f 6387 6389 6543
f 6387 6543 6541
f 6389 6391 6545
f 6389 6545 6543
f 6391 6393 6547
f 6391 6547 6545
f 6393 6395 6549
f 6393 6549 6547
f 6395 6397 6551
f 6395 6551 6549
f 6397 6399 6553
f 6397 6553 6551
f 6399 6401 6555
f 6399 6555 6553
f 6401 6403 6557
f 6401 6557 6555
f 6403 6405 6559
f 6403 6559 6557
f 6405 6407 6561
f 6405 6561 6559
f 6407 6409 6563
f 6407 6563 6561
f 6409 6411 6565
f 6409 6565 6563
f 6411 6413 6567
f 6411 6567 6565
f 6413 6415 6569
f 6413 6569 6567
f 6415 6417 6571
f 6415 6571 6569
f 6417 6419 6573
f 6417 6573 6571
f 6419 6421 6575
f 6419 6575 6573
f 6421 6423 6577
f 6421 6577 6575
f 6423 6425 6579
f 6423 6579 6577
f 6425 6427 6581
f 6425 6581 6579
f 6427 6429 6583
f 6427 6583 6581
f 6429 6431 6585
f 6429 6585 6583
f 6431 6433 6587
f 6431 6587 6585
f 6433 6435 6589
f 6433 6589 6587
f 6435 6437 6591
f 6435 6591 6589
f 6437 6439 6593
f 6437 6593 6591
f 6439 6441 6595
f 6439 6595 6593
f 6441 6443 6597
f 6441 6597 6595
f 6443 6445 6599
f 6443 6599 6597
f 6445 6447 6601
f 6445 6601 6599
f 6447 6449 6603
f 6447 6603 6601
f 6449 6451 6605
f 6449 6605 6603
f 6451 6453 6607
f 6451 6607 6605
f 6453 6455 6609
f 6453 6609 6607
f 6455 6457 6611
f 6455 6611 6609
f 6457 6459 6613
f 6457 6613 6611
f 6459 6461 6615
f 6459 6615 6613
f 6461 6463 6617
f 6461 6617 6615
f 6463 6465 6619
f 6463 6619 6617
f 6465 6467 6621
f 6465 6621 6619
f 6469 6471 6625
f 6469 6625 6623
f 6471 6473 6627
f 6471 6627 6625
f 6473 6475 6629
f 6473 6629 6627
f 6475 6477 6631
f 6475 6631 6629
f 6477 6479 6633
f 6477 6633 6631
f 6479 6481 6635
f 6479 6635 6633
f 6481 6483 6637
f 6481 6637 6635
f 6483 6485 6639
f 6483 6639 6637
f 6485 6487 6641
f 6485 6641 6639
f 6487 6489 6643
f 6487 6643 6641
f 6489 6491 6645
f 6489 6645 6643
f 6491 6493 6647
f 6491 6647 6645
f 6493 6495 6649
f 6493 6649 6647
f 6495 6497 6651
f 6495 6651 6649
f 6497 6499 6653
f 6497 6653 6651
f 6499 6501 6655
f 6499 6655 6653
f 6501 6503 6657
f 6501 6657 6655
f 6503 6505 6659
f 6503 6659 6657
f 6505 6507 6661
f 6505 6661 6659
f 6507 6509 6663
f 6507 6663 6661
f 6509 6511 6665
f 6509 6665 6663
f 6511 6513 6667
f 6511 6667 6665
f 6513 6515 6669
f 6513 6669 6667
f 6515 6517 6671
f 6515 6671 6669
f 6517 6519 6673
f 6517 6673 6671
f 6519 6521 6675
f 6519 6675 6673
f 6521 6523 6677
f 6521 6677 6675
f 6523 6525 6679
f 6523 6679 6677
f 6525 6527 6681
f 6525 6681 6679
f 6527 6529 6683
f 6527 6683 6681
f 6529 6531 6685
f 6529 6685 6683
f 6531 6533 6687
f 6531 6687 6685
f 6533 6535 6689
f 6533 6689 6687
f 6535 6537 6691
f 6535 6691 6689
f 6537 6539 6693
f 6537 6693 6691
f 6539 6541 6695
f 6539 6695 6693
f 6541 6543 6697
f 6541 6697 6695
f 6543 6545 6699
f 6543 6699 6697
f 6545 6547 6701
f 6545 6701 6699
f 6547 6549 6703
f 6547 6703 6701
f 6549 6551 6705
f 6549 6705 6703
f 6551 6553 6707
f 6551 6707 6705
f 6553 6555 6709
f 6553 6709 6707
f 6555 6557 6711
f 6555 6711 6709
f 6557 6559 6713
f 6557 6713 6711
f 6559 6561 6715
f 6559 6715 6713
f 6561 6563 6717
f 6561 6717 6715
f 6563 6565 6719
f 6563 6719 6717
f 6565 6567 6721
f 6565 6721 6719
f 6567 6569 6723
f 6567 6723 6721
f 6569 6571 6725
f 6569 6725 6723
f 6571 6573 6727
f 6571 6727 6725
f 6573 6575 6729
f 6573 6729 6727
f 6575 6577 6731
f 6575 6731 6729
f 6577 6579 6733
f 6577 6733 6731
f 6579 6581 6735
f 6579 6735 6733
f 6581 6583 6737
f 6581 6737 6735
f 6583 6585 6739
f 6583 6739 6737
f 6585 6587 6741
f 6585 6741 6739
f 6587 6589 6743
f 6587 6743 6741
f 6589 6591 6745
f 6589 6745 6743
f 6591 6593 6747
f 6591 6747 6745
f 6593 6595 6749
f 6593 6749 6747
f 6595 6597 6751
f 6595 6751 6749
f 6597 6599 6753
f 6597 6753 6751
f 6599 6601 6755
f 6599 6755 6753
f 6601 6603 6757
f 6601 6757 6755
f 6603 6605 6759
f 6603 6759 6757
f 6605 6607 6761
f 6605 6761 6759
f 6607 6609 6763
f 6607 6763 6761
f 6609 6611 6765
f 6609 6765 6763
f 6611 6613 6767
f 6611 6767 6765
f 6613 6615 6769
f 6613 6769 6767
f 6615 6617 6771
f 6615 6771 6769
f 6617 6619 6773
f 6617 6773 6771
f 6619 6621 6775
f 6619 6775 6773
f 6623 6625 6779
f 6623 6779 6777
f 6625 6627 6781
f 6625 6781 6779
f 6627 6629 6783
f 6627 6783 6781
f 6629 6631 6785
f 6629 6785 6783
f 6631 6633 6787
f 6631 6787 6785
f 6633 6635 6789
f 6633 6789 6787
f 6635 6637 6791
f 6635 6791 6789
f 6637 6639 6793
f 6637 6793 6791
f 6639 6641 6795
f 6639 6795 6793
f 6641 6643 6797
f 6641 6797 6795
f 6643 6645 6799
f 6643 6799 6797
f 6645 6647 6801
f 6645 6801 6799
f 6647 6649 6803
f 6647 6803 6801
f 6649 6651 6805
f 6649 6805 6803
f 6651 6653 6807
f 6651 6807 6805
f 6653 6655 6809
f 6653 6809 6807
f 6655 6657 6811
f 6655 6811 6809
f 6657 6659 6813
f 6657 6813 6811
f 6659 6661 6815
f 6659 6815 6813
f 6661 6663 6817
f 6661 6817 6815
f 6663 6665 6819
f 6663 6819 6817
f 6665 6667 6821
f 6665 6821 6819
f 6667 6669 6823
f 6667 6823 6821
f 6669 6671 6825
f 6669 6825 6823
f 6671 6673 6827
f 6671 6827 6825
f 6673 6675 6829
f 6673 6829 6827
f 6675 6677 6831
f 6675 6831 6829
f 6677 6679 6833
f 6677 6833 6831
f 6679 6681 6835
f 6679 6835 6833
f 6681 6683 6837
f 6681 6837 6835
f 6683 6685 6839
f 6683 6839 6837
f 6685 6687 6841
f 6685 6841 6839
f 6687 6689 6843
f 6687 6843 6841
f 6689 6691 6845
f 6689 6845 6843
f 6691 6693 6847
f 6691 6847 6845
f 6693 6695 6849
f 6693 6849 6847
f 6695 6697 6851
f 6695 6851 6849
f 6697 6699 6853
f 6697 6853 6851
f 6699 6701 6855
f 6699 6855 6853
f 6701 6703 6857
f 6701 6857 6855
f 6703 6705 6859
f 6703 6859 6857
f 6705 6707 6861
f 6705 6861 6859
f 6707 6709 6863
f 6707 6863 6861
f 6709 6711 6865
f 6709 6865 6863
f 6711 6713 6867
f 6711 6867 6865
f 6713 6715 6869
f 6713 6869 6867
f 6715 6717 6871
f 6715 6871 6869
f 6717 6719 6873
f 6717 6873 6871
f 6719 6721 6875
f 6719 6875 6873
f 6721 6723 6877
f 6721 6877 6875
f 6723 6725 6879
f 6723 6879 6877
f 6725 6727 6881
f 6725 6881 6879
f 6727 6729 6883
f 6727 6883 6881
f 6729 6731 6885
f 6729 6885 6883
f 6731 6733 6887
f 6731 6887 6885
f 6733 6735 6889
f 6733 6889 6887
f 6735 6737 6891
f 6735 6891 6889
f 6737 6739 6893
f 6737 6893 6891
f 6739 6741 6895
f 6739 6895 6893
f 6741 6743 6897
f 6741 6897 6895
f 6743 6745 6899
f 6743 6899 6897
f 6745 6747 6901
f 6745 6901 6899
f 6747 6749 6903
f 6747 6903 6901
f 6749 6751 6905
f 6749 6905 6903
f 6751 6753 6907
f 6751 6907 6905
f 6753 6755 6909
f 6753 6909 6907
f 6755 6757 6911
f 6755 6911 6909
f 6757 6759 6913
f 6757 6913 6911
f 6759 6761 6915
f 6759 6915 6913
f 6761 6763 6917
f 6761 6917 6915
f 6763 6765 6919
f 6763 6919 6917
f 6765 6767 6921
f 6765 6921 6919
f 6767 6769 6923
f 6767 6923 6921
f 6769 6771 6925
f 6769 6925 6923
f 6771 6773 6927
f 6771 6927 6925
f 6773 6775 6929
f 6773 6929 6927
f 6777 6779 6933
f 6777 6933 6931
f 6779 6781 6935
f 6779 6935 6933
f 6781 6783 6937
f 6781 6937 6935
f 6783 6785 6939
f 6783 6939 6937
f 6785 6787 6941
f 6785 6941 6939
f 6787 6789 6943
f 6787 6943 6941
f 6789 6791 6945
f 6789 6945 6943
f 6791 6793 6947
f 6791 6947 6945
f 6793 6795 6949
f 6793 6949 6947
f 6795 6797 6951
f 6795 6951 6949
f 6797 6799 6953
f 6797 6953 6951
f 6799 6801 6955
f 6799 6955 6953
f 6801 6803 6957
f 6801 6957 6955
f 6803 6805 6959
f 6803 6959 6957
f 6805 6807 6961
f 6805 6961 6959
f 6807 6809 6963
f 6807 6963 6961
f 6809 6811 6965
f 6809 6965 6963
f 6811 6813 6967
f 6811 6967 6965
f 6813 6815 6969
f 6813 6969 6967
f 6815 6817 6971
f 6815 6971 6969
f 6817 6819 6973
f 6817 6973 6971
f 6819 6821 6975
f 6819 6975 6973
f 6821 6823 6977
f 6821 6977 6975
f 6823 6825 6979
f 6823 6979 6977
f 6825 6827 6981
f 6825 6981 6979
f 6827 6829 6983
f 6827 6983 6981
f 6829 6831 6985
f 6829 6985 6983
f 6831 6833 6987
f 6831 6987 6985
f 6833 6835 6989
f 6833 6989 6987
f 6835 6837 6991
f 6835 6991 6989
f 6837 6839 6993
f 6837 6993 6991
f 6839 6841 6995
f 6839 6995 6993
f 6841 6843 6997
f 6841 6997 6995
f 6843 6845 6999
f 6843 6999 6997
f 6845 6847 7001
f 6845 7001 6999
f 6847 6849 7003
f 6847 7003 7001
f 6849 6851 7005
f 6849 7005 7003
f 6851 6853 7007
f 6851 7007 7005
f 6853 6855 7009
f 6853 7009 7007
f 6855 6857 7011
f 6855 7011 7009
f 6857 6859 7013
f 6857 7013 7011
f 6859 6861 7015
f 6859 7015 7013
f 6861 6863 7017
f 6861 7017 7015
f 6863 6865 7019
f 6863 7019 7017
f 6865 6867 7021
f 6865 7021 7019
f 6867 6869 7023
f 6867 7023 7021
f 6869 6871 7025
f 6869 7025 7023
f 6871 6873 7027
f 6871 7027 7025
f 6873 6875 7029
f 6873 7029 7027
f 6875 6877 7031
f 6875 7031 7029
f 6877 6879 7033
f 6877 7033 7031
f 6879 6881 7035
f 6879 7035 7033
f 6881 6883 7037
f 6881 7037 7035
f 6883 6885 7039
f 6883 7039 7037
f 6885 6887 7041
f 6885 7041 7039
f 6887 6889 7043
f 6887 7043 7041
f 6889 6891 7045
f 6889 7045 7043
f 6891 6893 7047
f 6891 7047 7045
f 6893 6895 7049
f 6893 7049 7047
f 6895 6897 7051
f 6895 7051 7049
f 6897 6899 7053
f 6897 7053 7051
f 6899 6901 7055
f 6899 7055 7053
f 6901 6903 7057
f 6901 7057 7055
f 6903 6905 7059
f 6903 7059 7057
f 6905 6907 7061
f 6905 7061 7059
f 6907 6909 7063
f 6907 7063 7061
f 6909 6911 7065
f 6909 7065 7063
f 6911 6913 7067
f 6911 7067 7065
f 6913 6915 7069
f 6913 7069 7067
f 6915 6917 7071
f 6915 7071 7069
f 6917 6919 7073
f 6917 7073 7071
f 6919 6921 7075
f 6919 7075 7073
f 6921 6923 7077
f 6921 7077 7075
f 6923 6925 7079
f 6923 7079 7077
f 6925 6927 7081
f 6925 7081 7079
f 6927 6929 7083
f 6927 7083 7081
f 6931 6933 7087
f 6931 7087 7085
f 6933 6935 7089
f 6933 7089 7087
f 6935 6937 7091
f 6935 7091 7089
f 6937 6939 7093
f 6937 7093 7091
f 6939 6941 7095
f 6939 7095 7093
f 6941 6943 7097
f 6941 7097 7095
f 6943 6945 7099
f 6943 7099 7097
f 6945 6947 7101
f 6945 7101 7099
f 6947 6949 7103
f 6947 7103 7101
f 6949 6951 7105
f 6949 7105 7103
f 6951 6953 7107
f 6951 7107 7105
f 6953 6955 7109
f 6953 7109 7107
f 6955 6957 7111
f 6955 7111 7109
f 6957 6959 7113
f 6957 7113 7111
f 6959 6961 7115
f 6959 7115 7113
f 6961 6963 7117
f 6961 7117 7115
f 6963 6965 7119
f 6963 7119 7117
f 6965 6967 7121
f 6965 7121 7119
f 6967 6969 7123
f 6967 7123 7121
f 6969 6971 7125
f 6969 7125 7123
f 6971 6973 7127
f 6971 7127 7125
f 6973 6975 7129
f 6973 7129 7127
f 6975 6977 7131
f 6975 7131 7129
f 6977 6979 7133
f 6977 7133 7131
f 6979 6981 7135
f 6979 7135 7133
f 6981 6983 7137
f 6981 7137 7135
f 6983 6985 7139
f 6983 7139 7137
f 6985 6987 7141
f 6985 7141 7139
f 6987 6989 7143
f 6987 7143 7141
f 6989 6991 7145
f 6989 7145 7143
f 6991 6993 7147
f 6991 7147 7145
f 6993 6995 7149
f 6993 7149 7147
f 6995 6997 7151
f 6995 7151 7149
f 6997 6999 7153
f 6997 7153 7151
f 6999 7001 7155
f 6999 7155 7153
f 7001 7003 7157
f 7001 7157 7155
f 7003 7005 7159
f 7003 7159 7157
f 7005 7007 7161
f 7005 7161 7159
f 7007 7009 7163
f 7007 7163 7161
f 7009 7011 7165
f 7009 7165 7163
f 7011 7013 7167
f 7011 7167 7165
f 7013 7015 7169
f 7013 7169 7167
f 7015 7017 7171
f 7015 7171 7169
f 7017 7019 7173
f 7017 7173 7171
f 7019 7021 7175
f 7019 7175 7173
f 7021 7023 7177
f 7021 7177 7175
f 7023 7025 7179
f 7023 7179 7177
f 7025 7027 7181
f 7025 7181 7179
f 7027 7029 7183
f 7027 7183 7181
f 7029 7031 7185
f 7029 7185 7183
f 7031 7033 7187
f 7031 7187 7185
f 7033 7035 7189
f 7033 7189 7187
f 7035 7037 7191
f 7035 7191 7189
f 7037 7039 7193
f 7037 7193 7191
f 7039 7041 7195
f 7039 7195 7193
f 7041 7043 7197
f 7041 7197 7195
f 7043 7045 7199
f 7043 7199 7197
f 7045 7047 7201
f 7045 7201 7199
f 7047 7049 7203
f 7047 7203 7201
f 7049 7051 7205
f 7049 7205 7203
f 7051 7053 7207
f 7051 7207 7205
f 7053 7055 7209
f 7053 7209 7207
f 7055 7057 7211
f 7055 7211 7209
f 7057 7059 7213
f 7057 7213 7211
f 7059 7061 7215
f 7059 7215 7213
f 7061 7063 7217
f 7061 7217 7215
f 7063 7065 7219
f 7063 7219 7217
f 7065 7067 7221
f 7065 7221 7219
f 7067 7069 7223
f 7067 7223 7221
f 7069 7071 7225
f 7069 7225 7223
f 7071 7073 7227
f 7071 7227 7225
f 7073 7075 7229
f 7073 7229 7227
f 7075 7077 7231
f 7075 7231 7229
f 7077 7079 7233
f 7077 7233 7231
f 7079 7081 7235
f 7079 7235 7233
f 7081 7083 7237
f 7081 7237 7235
f 7085 7087 7241
f 7085 7241 7239
f 7087 7089 7243
f 7087 7243 7241
f 7089 7091 7245
f 7089 7245 7243
f 7091 7093 7247
f 7091 7247 7245
f 7093 7095 7249
f 7093 7249 7247
f 7095 7097 7251
f 7095 7251 7249
f 7097 7099 7253
f 7097 7253 7251
f 7099 7101 7255
f 7099 7255 7253
f 7101 7103 7257
f 7101 7257 7255
f 7103 7105 7259
f 7103 7259 7257
f 7105 7107 7261
f 7105 7261 7259
f 7107 7109 7263
f 7107 7263 7261
f 7109 7111 7265
f 7109 7265 7263
f 7111 7113 7267
f 7111 7267 7265
f 7113 7115 7269
f 7113 7269 7267
f 7115 7117 7271
f 7115 7271 7269
f 7117 7119 7273
f 7117 7273 7271
f 7119 7121 7275
f 7119 7275 7273
f 7121 7123 7277
f 7121 7277 7275
f 7123 7125 7279
f 7123 7279 7277
f 7125 7127 7281
f 7125 7281 7279
f 7127 7129 7283
f 7127 7283 7281
f 7129 7131 7285
f 7129 7285 7283
f 7131 7133 7287
f 7131 7287 7285
f 7133 7135 7289
f 7133 7289 7287
f 7135 7137 7291
f 7135 7291 7289
f 7137 7139 7293
f 7137 7293 7291
f 7139 7141 7295
f 7139 7295 7293
f 7141 7143 7297
f 7141 7297 7295
f 7143 7145 7299
f 7143 7299 7297
f 7145 7147 7301
f 7145 7301 7299
f 7147 7149 7303
f 7147 7303 7301
f 7149 7151 7305
f 7149 7305 7303
f 7151 7153 7307
f 7151 7307 7305
f 7153 7155 7309
f 7153 7309 7307
f 7155 7157 7311
f 7155 7311 7309
f 7157 7159 7313
f 7157 7313 7311
f 7159 7161 7315
f 7159 7315 7313
f 7161 7163 7317
f 7161 7317 7315
f 7163 7165 7319
f 7163 7319 7317
f 7165 7167 7321
f 7165 7321 7319
f 7167 7169 7323
f 7167 7323 7321
f 7169 7171 7325
f 7169 7325 7323
f 7171 7173 7327
f 7171 7327 7325
f 7173 7175 7329
f 7173 7329 7327
f 7175 7177 7331
f 7175 7331 7329
f 7177 7179 7333
f 7177 7333 7331
f 7179 7181 7335
f 7179 7335 7333
f 7181 7183 7337
f 7181 7337 7335
f 7183 7185 7339
f 7183 7339 7337
f 7185 7187 7341
f 7185 7341 7339
f 7187 7189 7343
f 7187 7343 7341
f 7189 7191 7345
f 7189 7345 7343
f 7191 7193 7347
f 7191 7347 7345
f 7193 7195 7349
f 7193 7349 7347
f 7195 7197 7351
f 7195 7351 7349
f 7197 7199 7353
f 7197 7353 7351
f 7199 7201 7355
f 7199 7355 7353
f 7201 7203 7357
f 7201 7357 7355
f 7203 7205 7359
f 7203 7359 7357
f 7205 7207 7361
f 7205 7361 7359
f 7207 7209 7363
f 7207 7363 7361
f 7209 7211 7365
f 7209 7365 7363
f 7211 7213 7367
f 7211 7367 7365
f 7213 7215 7369
f 7213 7369 7367
f 7215 7217 7371
f 7215 7371 7369
f 7217 7219 7373
f 7217 7373 7371
f 7219 7221 7375
f 7219 7375 7373
f 7221 7223 7377
f 7221 7377 7375
f 7223 7225 7379
f 7223 7379 7377
f 7225 7227 7381
f 7225 7381 7379
f 7227 7229 7383
f 7227 7383 7381
f 7229 7231 7385
f 7229 7385 7383
f 7231 7233 7387
f 7231 7387 7385
f 7233 7235 7389
f 7233 7389 7387
f 7235 7237 7391
f 7235 7391 7389
f 7239 7241 7395
f 7239 7395 7393
f 7241 7243 7397
f 7241 7397 7395
f 7243 7245 7399
f 7243 7399 7397
f 7245 7247 7401
f 7245 7401 7399
f 7247 7249 7403
f 7247 7403 7401
f 7249 7251 7405
f 7249 7405 7403
f 7251 7253 7407
f 7251 7407 7405
f 7253 7255 7409
f 7253 7409 7407
f 7255 7257 7411
f 7255 7411 7409
f 7257 7259 7413
f 7257 7413 7411
f 7259 7261 7415
f 7259 7415 7413
f 7261 7263 7417
f 7261 7417 7415
f 7263 7265 7419
f 7263 7419 7417
f 7265 7267 7421
f 7265 7421 7419
f 7267 7269 7423
f 7267 7423 7421
f 7269 7271 7425
f 7269 7425 7423
f 7271 7273 7427
f 7271 7427 7425
f 7273 7275 7429
f 7273 7429 7427
f 7275 7277 7431
f 7275 7431 7429
f 7277 7279 7433
f 7277 7433 7431
f 7279 7281 7435
f 7279 7435 7433
f 7281 7283 7437
f 7281 7437 7435
f 7283 7285 7439
f 7283 7439 7437
f 7285 7287 7441
f 7285 7441 7439
f 7287 7289 7443
f 7287 7443 7441
f 7289 7291 7445
f 7289 7445 7443
f 7291 7293 7447
f 7291 7447 7445
f 7293 7295 7449
f 7293 7449 7447
f 7295 7297 7451
f 7295 7451 7449
f 7297 7299 7453
f 7297 7453 7451
f 7299 7301 7455
f 7299 7455 7453
f 7301 7303 7457
f 7301 7457 7455
f 7303 7305 7459
f 7303 7459 7457
f 7305 7307 7461
f 7305 7461 7459
f 7307 7309 7463
f 7307 7463 7461
f 7309 7311 7465
f 7309 7465 7463
f 7311 7313 7467
f 7311 7467 7465
f 7313 7315 7469
f 7313 7469 7467
f 7315 7317 7471
f 7315 7471 7469
f 7317 7319 7473
f 7317 7473 7471
f 7319 7321 7475
f 7319 7475 7473
f 7321 7323 7477
f 7321 7477 7475
f 7323 7325 7479
f 7323 7479 7477
f 7325 7327 7481
f 7325 7481 7479
f 7327 7329 7483
f 7327 7483 7481
f 7329 7331 7485
f 7329 7485 7483
f 7331 7333 7487
f 7331 7487 7485
f 7333 7335 7489
f 7333 7489 7487
f 7335 7337 7491
f 7335 7491 7489
f 7337 7339 7493
f 7337 7493 7491
f 7339 7341 7495
f 7339 7495 7493
f 7341 7343 7497
f 7341 7497 7495
f 7343 7345 7499
f 7343 7499 7497
f 7345 7347 7501
f 7345 7501 7499
f 7347 7349 7503
f 7347 7503 7501
f 7349 7351 7505
f 7349 7505 7503
f 7351 7353 7507
f 7351 7507 7505
f 7353 7355 7509
f 7353 7509 7507
f 7355 7357 7511
f 7355 7511 7509
f 7357 7359 7513
f 7357 7513 7511
f 7359 7361 7515
f 7359 7515 7513
f 7361 7363 7517
f 7361 7517 7515
f 7363 7365 7519
f 7363 7519 7517
f 7365 7367 7521
f 7365 7521 7519
f 7367 7369 7523
f 7367 7523 7521
f 7369 7371 7525
f 7369 7525 7523
f 7371 7373 7527
f 7371 7527 7525
f 7373 7375 7529
f 7373 7529 7527
f 7375 7377 7531
f 7375 7531 7529
f 7377 7379 7533
f 7377 7533 7531
f 7379 7381 7535
f 7379 7535 7533
f 7381 7383 7537
f 7381 7537 7535
f 7383 7385 7539
f 7383 7539 7537
f 7385 7387 7541
f 7385 7541 7539
f 7387 7389 7543
f 7387 7543 7541
f 7389 7391 7545
f 7389 7545 7543
f 7393 7395 7549
f 7393 7549 7547
f 7395 7397 7551
f 7395 7551 7549
f 7397 7399 7553
f 7397 7553 7551
f 7399 7401 7555
f 7399 7555 7553
f 7401 7403 7557
f 7401 7557 7555
f 7403 7405 7559
f 7403 7559 7557
f 7405 7407 7561
f 7405 7561 7559
f 7407 7409 7563
f 7407 7563 7561
f 7409 7411 7565
f 7409 7565 7563
f 7411 7413 7567
f 7411 7567 7565
f 7413 7415 7569
f 7413 7569 7567
f 7415 7417 7571
f 7415 7571 7569
f 7417 7419 7573
f 7417 7573 7571
f 7419 7421 7575
f 7419 7575 7573
f 7421 7423 7577
f 7421 7577 7575
f 7423 7425 7579
f 7423 7579 7577
f 7425 7427 7581
f 7425 7581 7579
f 7427 7429 7583
f 7427 7583 7581
f 7429 7431 7585
f 7429 7585 7583
f 7431 7433 7587
f 7431 7587 7585
f 7433 7435 7589
f 7433 7589 7587
f 7435 7437 7591
f 7435 7591 7589
f 7437 7439 7593
f 7437 7593 7591
f 7439 7441 7595
f 7439 7595 7593
f 7441 7443 7597
f 7441 7597 7595
f 7443 7445 7599
f 7443 7599 7597
f 7445 7447 7601
f 7445 7601 7599
f 7447 7449 7603
f 7447 7603 7601
f 7449 7451 7605
f 7449 7605 7603
f 7451 7453 7607
f 7451 7607 7605
f 7453 7455 7609
f 7453 7609 7607
f 7455 7457 7611
f 7455 7611 7609
f 7457 7459 7613
f 7457 7613 7611
f 7459 7461 7615
f 7459 7615 7613
f 7461 7463 7617
f 7461 7617 7615
f 7463 7465 7619
f 7463 7619 7617
f 7465 7467 7621
f 7465 7621 7619
f 7467 7469 7623
f 7467 7623 7621
f 7469 7471 7625
f 7469 7625 7623
f 7471 7473 7627
f 7471 7627 7625
f 7473 7475 7629
f 7473 7629 7627
f 7475 7477 7631
f 7475 7631 7629
f 7477 7479 7633
f 7477 7633 7631
f 7479 7481 7635
f 7479 7635 7633
f 7481 7483 7637
f 7481 7637 7635
f 7483 7485 7639
f 7483 7639 7637
f 7485 7487 7641
f 7485 7641 7639
f 7487 7489 7643
f 7487 7643 7641
f 7489 7491 7645
f 7489 7645 7643
f 7491 7493 7647
f 7491 7647 7645
f 7493 7495 7649
f 7493 7649 7647
f 7495 7497 7651
f 7495 7651 7649
f 7497 7499 7653
f 7497 7653 7651
f 7499 7501 7655
f 7499 7655 7653
f 7501 7503 7657
f 7501 7657 7655
f 7503 7505 7659
f 7503 7659 7657
f 7505 7507 7661
f 7505 7661 7659
f 7507 7509 7663
f 7507 7663 7661
f 7509 7511 7665
f 7509 7665 7663
f 7511 7513 7667
f 7511 7667 7665
f 7513 7515 7669
f 7513 7669 7667
f 7515 7517 7671
f 7515 7671 7669
f 7517 7519 7673
f 7517 7673 7671
f 7519 7521 7675
f 7519 7675 7673
f 7521 7523 7677
f 7521 7677 7675
f 7523 7525 7679
f 7523 7679 7677
f 7525 7527 7681
f 7525 7681 7679
f 7527 7529 7683
f 7527 7683 7681
f 7529 7531 7685
f 7529 7685 7683
f 7531 7533 7687
f 7531 7687 7685
f 7533 7535 7689
f 7533 7689 7687
f 7535 7537 7691
f 7535 7691 7689
f 7537 7539 7693
f 7537 7693 7691
f 7539 7541 7695
f 7539 7695 7693
f 7541 7543 7697
f 7541 7697 7695
f 7543 7545 7699
f 7543 7699 7697
f 7547 7549 7703
f 7547 7703 7701
f 7549 7551 7705
f 7549 7705 7703
f 7551 7553 7707
f 7551 7707 7705
f 7553 7555 7709
f 7553 7709 7707
f 7555 7557 7711
f 7555 7711 7709
f 7557 7559 7713
f 7557 7713 7711
f 7559 7561 7715
f 7559 7715 7713
f 7561 7563 7717
f 7561 7717 7715
f 7563 7565 7719
f 7563 7719 7717
f 7565 7567 7721
f 7565 7721 7719
f 7567 7569 7723
f 7567 7723 7721
f 7569 7571 7725
f 7569 7725 7723
f 7571 7573 7727
f 7571 7727 7725
f 7573 7575 7729
f 7573 7729 7727
f 7575 7577 7731
f 7575 7731 7729
f 7577 7579 7733
f 7577 7733 7731
f 7579 7581 7735
f 7579 7735 7733
f 7581 7583 7737
f 7581 7737 7735
f 7583 7585 7739
f 7583 7739 7737
f 7585 7587 7741
f 7585 7741 7739
f 7587 7589 7743
f 7587 7743 7741
f 7589 7591 7745
f 7589 7745 7743
f 7591 7593 7747
f 7591 7747 7745
f 7593 7595 7749
f 7593 7749 7747
f 7595 7597 7751
f 7595 7751 7749
f 7597 7599 7753
f 7597 7753 7751
f 7599 7601 7755
f 7599 7755 7753
f 7601 7603 7757
f 7601 7757 7755
f 7603 7605 7759
f 7603 7759 7757
f 7605 7607 7761
f 7605 7761 7759
f 7607 7609 7763
f 7607 7763 7761
f 7609 7611 7765
f 7609 7765 7763
f 7611 7613 7767
f 7611 7767 7765
f 7613 7615 7769
f 7613 7769 7767
f 7615 7617 7771
f 7615 7771 7769
f 7617 7619 7773
f 7617 7773 7771
f 7619 7621 7775
f 7619 7775 7773
f 7621 7623 7777
f 7621 7777 7775
f 7623 7625 7779
f 7623 7779 7777
f 7625 7627 7781
f 7625 7781 7779
f 7627 7629 7783
f 7627 7783 7781
f 7629 7631 7785
f 7629 7785 7783
f 7631 7633 7787
f 7631 7787 7785
f 7633 7635 7789
f 7633 7789 7787
f 7635 7637 7791
f 7635 7791 7789
f 7637 7639 7793
f 7637 7793 7791
f 7639 7641 7795
f 7639 7795 7793
f 7641 7643 7797
f 7641 7797 7795
f 7643 7645 7799
f 7643 7799 7797
f 7645 7647 7801
f 7645 7801 7799
f 7647 7649 7803
f 7647 7803 7801
f 7649 7651 7805
f 7649 7805 7803
f 7651 7653 7807
f 7651 7807 7805
f 7653 7655 7809
f 7653 7809 7807
f 7655 7657 7811
f 7655 7811 7809
f 7657 7659 7813
f 7657 7813 7811
f 7659 7661 7815
f 7659 7815 7813
f 7661 7663 7817
f 7661 7817 7815
f 7663 7665 7819
f 7663 7819 7817
f 7665 7667 7821
f 7665 7821 7819
f 7667 7669 7823
f 7667 7823 7821
f 7669 7671 7825
f 7669 7825 7823
f 7671 7673 7827
f 7671 7827 7825
f 7673 7675 7829
f 7673 7829 7827
f 7675 7677 7831
f 7675 7831 7829
f 7677 7679 7833
f 7677 7833 7831
f 7679 7681 7835
f 7679 7835 7833
f 7681 7683 7837
f 7681 7837 7835
f 7683 7685 7839
f 7683 7839 7837
f 7685 7687 7841
f 7685 7841 7839
f 7687 7689 7843
f 7687 7843 7841
f 7689 7691 7845
f 7689 7845 7843
f 7691 7693 7847
f 7691 7847 7845
f 7693 7695 7849
f 7693 7849 7847
f 7695 7697 7851
f 7695 7851 7849
f 7697 7699 7853
f 7697 7853 7851
f 7701 7703 7857
f 7701 7857 7855
f 7703 7705 7859
f 7703 7859 7857
f 7705 7707 7861
f 7705 7861 7859
f 7707 7709 7863
f 7707 7863 7861
f 7709 7711 7865
f 7709 7865 7863
f 7711 7713 7867
f 7711 7867 7865
f 7713 7715 7869
f 7713 7869 7867
f 7715 7717 7871
f 7715 7871 7869
f 7717 7719 7873
f 7717 7873 7871
f 7719 7721 7875
f 7719 7875 7873
f 7721 7723 7877
f 7721 7877 7875
f 7723 7725 7879
f 7723 7879 7877
f 7725 7727 7881
f 7725 7881 7879
f 7727 7729 7883
f 7727 7883 7881
f 7729 7731 7885
f 7729 7885 7883
f 7731 7733 7887
f 7731 7887 7885
f 7733 7735 7889
f 7733 7889 7887
f 7735 7737 7891
f 7735 7891 7889
f 7737 7739 7893
f 7737 7893 7891
f 7739 7741 7895
f 7739 7895 7893
f 7741 7743 7897
f 7741 7897 7895
f 7743 7745 7899
f 7743 7899 7897
f 7745 7747 7901
f 7745 7901 7899
f 7747 7749 7903
f 7747 7903 7901
f 7749 7751 7905
f 7749 7905 7903
f 7751 7753 7907
f 7751 7907 7905
f 7753 7755 7909
f 7753 7909 7907
f 7755 7757 7911
f 7755 7911 7909
f 7757 7759 7913
f 7757 7913 7911
f 7759 7761 7915
f 7759 7915 7913
f 7761 7763 7917
f 7761 7917 7915
f 7763 7765 7919
f 7763 7919 7917
f 7765 7767 7921
f 7765 7921 7919
f 7767 7769 7923
f 7767 7923 7921
f 7769 7771 7925
f 7769 7925 7923
f 7771 7773 7927
f 7771 7927 7925
f 7773 7775 7929
f 7773 7929 7927
f 7775 7777 7931
f 7775 7931 7929
f 7777 7779 7933
f 7777 7933 7931
f 7779 7781 7935
f 7779 7935 7933
f 7781 7783 7937
f 7781 7937 7935
f 7783 7785 7939
f 7783 7939 7937
f 7785 7787 7941
f 7785 7941 7939
f 7787 7789 7943
f 7787 7943 7941
f 7789 7791 7945
f 7789 7945 7943
f 7791 7793 7947
f 7791 7947 7945
f 7793 7795 7949
f 7793 7949 7947
f 7795 7797 7951
f 7795 7951 7949
f 7797 7799 7953
f 7797 7953 7951
f 7799 7801 7955
f 7799 7955 7953
f 7801 7803 7957
f 7801 7957 7955
f 7803 7805 7959
f 7803 7959 7957
f 7805 7807 7961
f 7805 7961 7959
f 7807 7809 7963
f 7807 7963 7961
f 7809 7811 7965
f 7809 7965 7963
f 7811 7813 7967
f 7811 7967 7965
f 7813 7815 7969
f 7813 7969 7967
f 7815 7817 7971
f 7815 7971 7969
f 7817 7819 7973
f 7817 7973 7971
f 7819 7821 7975
f 7819 7975 7973
f 7821 7823 7977
f 7821 7977 7975
f 7823 7825 7979
f 7823 7979 7977
f 7825 7827 7981
f 7825 7981 7979
f 7827 7829 7983
f 7827 7983 7981
f 7829 7831 7985
f 7829 7985 7983
f 7831 7833 7987
f 7831 7987 7985
f 7833 7835 7989
f 7833 7989 7987
f 7835 7837 7991
f 7835 7991 7989
f 7837 7839 7993
f 7837 7993 7991
f 7839 7841 7995
f 7839 7995 7993
f 7841 7843 7997
f 7841 7997 7995
f 7843 7845 7999
f 7843 7999 7997
f 7845 7847 8001
f 7845 8001 7999
f 7847 7849 8003
f 7847 8003 8001
f 7849 7851 8005
f 7849 8005 8003
f 7851 7853 8007
f 7851 8007 8005
f 7855 7857 8011
f 7855 8011 8009
f 7857 7859 8013
f 7857 8013 8011
f 7859 7861 8015
f 7859 8015 8013
f 7861 7863 8017
f 7861 8017 8015
f 7863 7865 8019
f 7863 8019 8017
f 7865 7867 8021
f 7865 8021 8019
f 7867 7869 8023
f 7867 8023 8021
f 7869 7871 8025
f 7869 8025 8023
f 7871 7873 8027
f 7871 8027 8025
f 7873 7875 8029
f 7873 8029 8027
f 7875 7877 8031
f 7875 8031 8029
f 7877 7879 8033
f 7877 8033 8031
f 7879 7881 8035
f 7879 8035 8033
f 7881 7883 8037
f 7881 8037 8035
f 7883 7885 8039
f 7883 8039 8037
f 7885 7887 8041
f 7885 8041 8039
f 7887 7889 8043
f 7887 8043 8041
f 7889 7891 8045
f 7889 8045 8043
f 7891 7893 8047
f 7891 8047 8045
f 7893 7895 8049
f 7893 8049 8047
f 7895 7897 8051
f 7895 8051 8049
f 7897 7899 8053
f 7897 8053 8051
f 7899 7901 8055
f 7899 8055 8053
f 7901 7903 8057
f 7901 8057 8055
f 7903 7905 8059
f 7903 8059 8057
f 7905 7907 8061
f 7905 8061 8059
f 7907 7909 8063
f 7907 8063 8061
f 7909 7911 8065
f 7909 8065 8063
f 7911 7913 8067
f 7911 8067 8065
f 7913 7915 8069
f 7913 8069 8067
f 7915 7917 8071
f 7915 8071 8069
f 7917 7919 8073
f 7917 8073 8071
f 7919 7921 8075
f 7919 8075 8073
f 7921 7923 8077
f 7921 8077 8075
f 7923 7925 8079
f 7923 8079 8077
f 7925 7927 8081
f 7925 8081 8079
f 7927 7929 8083
f 7927 8083 8081
f 7929 7931 8085
f 7929 8085 8083
f 7931 7933 8087
f 7931 8087 8085
f 7933 7935 8089
f 7933 8089 8087
f 7935 7937 8091
f 7935 8091 8089
f 7937 7939 8093
f 7937 8093 8091
f 7939 7941 8095
f 7939 8095 8093
f 7941 7943 8097
f 7941 8097 8095
f 7943 7945 8099
f 7943 8099 8097
f 7945 7947 8101
f 7945 8101 8099
f 7947 7949 8103
f 7947 8103 8101
f 7949 7951 8105
f 7949 8105 8103
f 7951 7953 8107
f 7951 8107 8105
f 7953 7955 8109
f 7953 8109 8107
f 7955 7957 8111
f 7955 8111 8109
f 7957 7959 8113
f 7957 8113 8111
f 7959 7961 8115
f 7959 8115 8113
f 7961 7963 8117
f 7961 8117 8115
f 7963 7965 8119
f 7963 8119 8117
f 7965 7967 8121
f 7965 8121 8119
f 7967 7969 8123
f 7967 8123 8121
f 7969 7971 8125
f 7969 8125 8123
f 7971 7973 8127
f 7971 8127 8125
f 7973 7975 8129
f 7973 8129 8127
f 7975 7977 8131
f 7975 8131 8129
f 7977 7979 8133
f 7977 8133 8131
f 7979 7981 8135
f 7979 8135 8133
f 7981 7983 8137
f 7981 8137 8135
f 7983 7985 8139
f 7983 8139 8137
f 7985 7987 8141
f 7985 8141 8139
f 7987 7989 8143
f 7987 8143 8141
f 7989 7991 8145
f 7989 8145 8143
f 7991 7993 8147
f 7991 8147 8145
f 7993 7995 8149
f 7993 8149 8147
f 7995 7997 8151
f 7995 8151 8149
f 7997 7999 8153
f 7997 8153 8151
f 7999 8001 8155
f 7999 8155 8153
f 8001 8003 8157
f 8001 8157 8155
f 8003 8005 8159
f 8003 8159 8157
f 8005 8007 8161
f 8005 8161 8159
f 8009 8011 8165
f 8009 8165 8163
f 8011 8013 8167
f 8011 8167 8165
f 8013 8015 8169
f 8013 8169 8167
f 8015 8017 8171
f 8015 8171 8169
f 8017 8019 8173
f 8017 8173 8171
f 8019 8021 8175
f 8019 8175 8173
f 8021 8023 8177
f 8021 8177 8175
f 8023 8025 8179
f 8023 8179 8177
f 8025 8027 8181
f 8025 8181 8179
f 8027 8029 8183
f 8027 8183 8181
f 8029 8031 8185
f 8029 8185 8183
f 8031 8033 8187
f 8031 8187 8185
f 8033 8035 8189
f 8033 8189 8187
f 8035 8037 8191
f 8035 8191 8189
f 8037 8039 8193
f 8037 8193 8191
f 8039 8041 8195
f 8039 8195 8193
f 8041 8043 8197
f 8041 8197 8195
f 8043 8045 8199
f 8043 8199 8197
f 8045 8047 8201
f 8045 8201 8199
f 8047 8049 8203
f 8047 8203 8201
f 8049 8051 8205
f 8049 8205 8203
f 8051 8053 8207
f 8051 8207 8205
f 8053 8055 8209
f 8053 8209 8207
f 8055 8057 8211
f 8055 8211 8209
f 8057 8059 8213
f 8057 8213 8211
f 8059 8061 8215
f 8059 8215 8213
f 8061 8063 8217
f 8061 8217 8215
f 8063 8065 8219
f 8063 8219 8217
f 8065 8067 8221
f 8065 8221 8219
f 8067 8069 8223
f 8067 8223 8221
f 8069 8071 8225
f 8069 8225 8223
f 8071 8073 8227
f 8071 8227 8225
f 8073 8075 8229
f 8073 8229 8227
f 8075 8077 8231
f 8075 8231 8229
f 8077 8079 8233
f 8077 8233 8231
f 8079 8081 8235
f 8079 8235 8233
f 8081 8083 8237
f 8081 8237 8235
f 8083 8085 8239
f 8083 8239 8237
f 8085 8087 8241
f 8085 8241 8239
f 8087 8089 8243
f 8087 8243 8241
f 8089 8091 8245
f 8089 8245 8243
f 8091 8093 8247
f 8091 8247 8245
f 8093 8095 8249
f 8093 8249 8247
f 8095 8097 8251
f 8095 8251 8249
f 8097 8099 8253
f 8097 8253 8251
f 8099 8101 8255
f 8099 8255 8253
f 8101 8103 8257
f 8101 8257 8255
f 8103 8105 8259
f 8103 8259 8257
f 8105 8107 8261
f 8105 8261 8259
f 8107 8109 8263
f 8107 8263 8261
f 8109 8111 8265
f 8109 8265 8263
f 8111 8113 8267
f 8111 8267 8265
f 8113 8115 8269
f 8113 8269 8267
f 8115 8117 8271
f 8115 8271 8269
f 8117 8119 8273
f 8117 8273 8271
f 8119 8121 8275
f 8119 8275 8273
f 8121 8123 8277
f 8121 8277 8275
f 8123 8125 8279
f 8123 8279 8277
f 8125 8127 8281
f 8125 8281 8279
f 8127 8129 8283
f 8127 8283 8281
f 8129 8131 8285
f 8129 8285 8283
f 8131 8133 8287
f 8131 8287 8285
f 8133 8135 8289
f 8133 8289 8287
f 8135 8137 8291
f 8135 8291 8289
f 8137 8139 8293
f 8137 8293 8291
f 8139 8141 8295
f 8139 8295 8293
f 8141 8143 8297
f 8141 8297 8295
f 8143 8145 8299
f 8143 8299 8297
f 8145 8147 8301
f 8145 8301 8299
f 8147 8149 8303
f 8147 8303 8301
f 8149 8151 8305
f 8149 8305 8303
f 8151 8153 8307
f 8151 8307 8305
f 8153 8155 8309
f 8153 8309 8307
f 8155 8157 8311
f 8155 8311 8309
f 8157 8159 8313
f 8157 8313 8311
f 8159 8161 8315
f 8159 8315 8313
f 8163 8165 8319
f 8163 8319 8317
f 8165 8167 8321
f 8165 8321 8319
f 8167 8169 8323
f 8167 8323 8321
f 8169 8171 8325
f 8169 8325 8323
f 8171 8173 8327
f 8171 8327 8325
f 8173 8175 8329
f 8173 8329 8327
f 8175 8177 8331
f 8175 8331 8329
f 8177 8179 8333
f 8177 8333 8331
f 8179 8181 8335
f 8179 8335 8333
f 8181 8183 8337
f 8181 8337 8335
f 8183 8185 8339
f 8183 8339 8337
f 8185 8187 8341
f 8185 8341 8339
f 8187 8189 8343
f 8187 8343 8341
f 8189 8191 8345
f 8189 8345 8343
f 8191 8193 8347
f 8191 8347 8345
f 8193 8195 8349
f 8193 8349 8347
f 8195 8197 8351
f 8195 8351 8349
f 8197 8199 8353
f 8197 8353 8351
f 8199 8201 8355
f 8199 8355 8353
f 8201 8203 8357
f 8201 8357 8355
f 8203 8205 8359
f 8203 8359 8357
f 8205 8207 8361
f 8205 8361 8359
f 8207 8209 8363
f 8207 8363 8361
f 8209 8211 8365
f 8209 8365 8363
f 8211 8213 8367
f 8211 8367 8365
f 8213 8215 8369
f 8213 8369 8367
f 8215 8217 8371
f 8215 8371 8369
f 8217 8219 8373
f 8217 8373 8371
f 8219 8221 8375
f 8219 8375 8373
f 8221 8223 8377
f 8221 8377 8375
f 8223 8225 8379
f 8223 8379 8377
f 8225 8227 8381
f 8225 8381 8379
f 8227 8229 8383
f 8227 8383 8381
f 8229 8231 8385
f 8229 8385 8383
f 8231 8233 8387
f 8231 8387 8385
f 8233 8235 8389
f 8233 8389 8387
f 8235 8237 8391
f 8235 8391 8389
f 8237 8239 8393
f 8237 8393 8391
f 8239 8241 8395
f 8239 8395 8393
f 8241 8243 8397
f 8241 8397 8395
f 8243 8245 8399
f 8243 8399 8397
f 8245 8247 8401
f 8245 8401 8399
f 8247 8249 8403
f 8247 8403 8401
f 8249 8251 8405
f 8249 8405 8403
f 8251 8253 8407
f 8251 8407 8405
f 8253 8255 8409
f 8253 8409 8407
f 8255 8257 8411
f 8255 8411 8409
f 8257 8259 8413
f 8257 8413 8411
f 8259 8261 8415
f 8259 8415 8413
f 8261 8263 8417
f 8261 8417 8415
f 8263 8265 8419
f 8263 8419 8417
f 8265 8267 8421
f 8265 8421 8419
f 8267 8269 8423
f 8267 8423 8421
f 8269 8271 8425
f 8269 8425 8423
f 8271 8273 8427
f 8271 8427 8425
f 8273 8275 8429
f 8273 8429 8427
f 8275 8277 8431
f 8275 8431 8429
f 8277 8279 8433
f 8277 8433 8431
f 8279 8281 8435
f 8279 8435 8433
f 8281 8283 8437
f 8281 8437 8435
f 8283 8285 8439
f 8283 8439 8437
f 8285 8287 8441
f 8285 8441 8439
f 8287 8289 8443
f 8287 8443 8441
f 8289 8291 8445
f 8289 8445 8443
f 8291 8293 8447
f 8291 8447 8445
f 8293 8295 8449
f 8293 8449 8447
f 8295 8297 8451
f 8295 8451 8449
f 8297 8299 8453
f 8297 8453 8451
f 8299 8301 8455
f 8299 8455 8453
f 8301 8303 8457
f 8301 8457 8455
f 8303 8305 8459
f 8303 8459 8457
f 8305 8307 8461
f 8305 8461 8459
f 8307 8309 8463
f 8307 8463 8461
f 8309 8311 8465
f 8309 8465 8463
f 8311 8313 8467
f 8311 8467 8465
f 8313 8315 8469
f 8313 8469 8467
f 8317 8319 8473
f 8317 8473 8471
f 8319 8321 8475
f 8319 8475 8473
f 8321 8323 8477
f 8321 8477 8475
f 8323 8325 8479
f 8323 8479 8477
f 8325 8327 8481
f 8325 8481 8479
f 8327 8329 8483
f 8327 8483 8481
f 8329 8331 8485
f 8329 8485 8483
f 8331 8333 8487
f 8331 8487 8485
f 8333 8335 8489
f 8333 8489 8487
f 8335 8337 8491
f 8335 8491 8489
f 8337 8339 8493
f 8337 8493 8491
f 8339 8341 8495
f 8339 8495 8493
f 8341 8343 8497
f 8341 8497 8495
f 8343 8345 8499
f 8343 8499 8497
f 8345 8347 8501
f 8345 8501 8499
f 8347 8349 8503
f 8347 8503 8501
f 8349 8351 8505
f 8349 8505 8503
f 8351 8353 8507
f 8351 8507 8505
f 8353 8355 8509
f 8353 8509 8507
f 8355 8357 8511
f 8355 8511 8509
f 8357 8359 8513
f 8357 8513 8511
f 8359 8361 8515
f 8359 8515 8513
f 8361 8363 8517
f 8361 8517 8515
f 8363 8365 8519
f 8363 8519 8517
f 8365 8367 8521
f 8365 8521 8519
f 8367 8369 8523
f 8367 8523 8521
f 8369 8371 8525
f 8369 8525 8523
f 8371 8373 8527
f 8371 8527 8525
f 8373 8375 8529
f 8373 8529 8527
f 8375 8377 8531
f 8375 8531 8529
f 8377 8379 8533
f 8377 8533 8531
f 8379 8381 8535
f 8379 8535 8533
f 8381 8383 8537
f 8381 8537 8535
f 8383 8385 8539
f 8383 8539 8537
f 8385 8387 8541
f 8385 8541 8539
f 8387 8389 8543
f 8387 8543 8541
f 8389 8391 8545
f 8389 8545 8543
f 8391 8393 8547
f 8391 8547 8545
f 8393 8395 8549
f 8393 8549 8547
f 8395 8397 8551
f 8395 8551 8549
f 8397 8399 8553
f 8397 8553 8551
f 8399 8401 8555
f 8399 8555 8553
f 8401 8403 8557
f 8401 8557 8555
f 8403 8405 8559
f 8403 8559 8557
f 8405 8407 8561
f 8405 8561 8559
f 8407 8409 8563
f 8407 8563 8561
f 8409 8411 8565
f 8409 8565 8563
f 8411 8413 8567
f 8411 8567 8565
f 8413 8415 8569
f 8413 8569 8567
f 8415 8417 8571
f 8415 8571 8569
f 8417 8419 8573
f 8417 8573 8571
f 8419 8421 8575
f 8419 8575 8573
f 8421 8423 8577
f 8421 8577 8575
f 8423 8425 8579
f 8423 8579 8577
f 8425 8427 8581
f 8425 8581 8579
f 8427 8429 8583
f 8427 8583 8581
f 8429 8431 8585
f 8429 8585 8583
f 8431 8433 8587
f 8431 8587 8585
f 8433 8435 8589
f 8433 8589 8587
f 8435 8437 8591
f 8435 8591 8589
f 8437 8439 8593
f 8437 8593 8591
f 8439 8441 8595
f 8439 8595 8593
f 8441 8443 8597
f 8441 8597 8595
f 8443 8445 8599
f 8443 8599 8597
f 8445 8447 8601
f 8445 8601 8599
f 8447 8449 8603
f 8447 8603 8601
f 8449 8451 8605
f 8449 8605 8603
f 8451 8453 8607
f 8451 8607 8605
f 8453 8455 8609
f 8453 8609 8607
f 8455 8457 8611
f 8455 8611 8609
f 8457 8459 8613
f 8457 8613 8611
f 8459 8461 8615
f 8459 8615 8613
f 8461 8463 8617
f 8461 8617 8615
f 8463 8465 8619
f 8463 8619 8617
f 8465 8467 8621
f 8465 8621 8619
f 8467 8469 8623
f 8467 8623 8621
f 8471 8473 8627
f 8471 8627 8625
f 8473 8475 8629
f 8473 8629 8627
f 8475 8477 8631
f 8475 8631 8629
f 8477 8479 8633
f 8477 8633 8631
f 8479 8481 8635
f 8479 8635 8633
f 8481 8483 8637
f 8481 8637 8635
f 8483 8485 8639
f 8483 8639 8637
f 8485 8487 8641
f 8485 8641 8639
f 8487 8489 8643
f 8487 8643 8641
f 8489 8491 8645
f 8489 8645 8643
f 8491 8493 8647
f 8491 8647 8645
f 8493 8495 8649
f 8493 8649 8647
f 8495 8497 8651
f 8495 8651 8649
f 8497 8499 8653
f 8497 8653 8651
f 8499 8501 8655
f 8499 8655 8653
f 8501 8503 8657
f 8501 8657 8655
f 8503 8505 8659
f 8503 8659 8657
f 8505 8507 8661
f 8505 8661 8659
f 8507 8509 8663
f 8507 8663 8661
f 8509 8511 8665
f 8509 8665 8663
f 8511 8513 8667
f 8511 8667 8665
f 8513 8515 8669
f 8513 8669 8667
f 8515 8517 8671
f 8515 8671 8669
f 8517 8519 8673
f 8517 8673 8671
f 8519 8521 8675
f 8519 8675 8673
f 8521 8523 8677
f 8521 8677 8675
f 8523 8525 8679
f 8523 8679 8677
f 8525 8527 8681
f 8525 8681 8679
f 8527 8529 8683
f 8527 8683 8681
f 8529 8531 8685
f 8529 8685 8683
f 8531 8533 8687
f 8531 8687 8685
f 8533 8535 8689
f 8533 8689 8687
f 8535 8537 8691
f 8535 8691 8689
f 8537 8539 8693
f 8537 8693 8691
f 8539 8541 8695
f 8539 8695 8693
f 8541 8543 8697
f 8541 8697 8695
f 8543 8545 8699
f 8543 8699 8697
f 8545 8547 8701
f 8545 8701 8699
f 8547 8549 8703
f 8547 8703 8701
f 8549 8551 8705
f 8549 8705 8703
f 8551 8553 8707
f 8551 8707 8705
f 8553 8555 8709
f 8553 8709 8707
f 8555 8557 8711
f 8555 8711 8709
f 8557 8559 8713
f 8557 8713 8711
f 8559 8561 8715
f 8559 8715 8713
f 8561 8563 8717
f 8561 8717 8715
f 8563 8565 8719
f 8563 8719 8717
f 8565 8567 8721
f 8565 8721 8719
f 8567 8569 8723
f 8567 8723 8721
f 8569 8571 8725
f 8569 8725 8723
f 8571 8573 8727
f 8571 8727 8725
f 8573 8575 8729
f 8573 8729 8727
f 8575 8577 8731
f 8575 8731 8729
f 8577 8579 8733
f 8577 8733 8731
f 8579 8581 8735
f 8579 8735 8733
f 8581 8583 8737
f 8581 8737 8735
f 8583 8585 8739
f 8583 8739 8737
f 8585 8587 8741
f 8585 8741 8739
f 8587 8589 8743
f 8587 8743 8741
f 8589 8591 8745
f 8589 8745 8743
f 8591 8593 8747
f 8591 8747 8745
f 8593 8595 8749
f 8593 8749 8747
f 8595 8597 8751
f 8595 8751 8749
f 8597 8599 8753
f 8597 8753 8751
f 8599 8601 8755
f 8599 8755 8753
f 8601 8603 8757
f 8601 8757 8755
f 8603 8605 8759
f 8603 8759 8757
f 8605 8607 8761
f 8605 8761 8759
f 8607 8609 8763
f 8607 8763 8761
f 8609 8611 8765
f 8609 8765 8763
f 8611 8613 8767
f 8611 8767 8765
f 8613 8615 8769
f 8613 8769 8767
f 8615 8617 8771
f 8615 8771 8769
f 8617 8619 8773
f 8617 8773 8771
f 8619 8621 8775
f 8619 8775 8773
f 8621 8623 8777
f 8621 8777 8775
f 8625 8627 8781
f 8625 8781 8779
f 8627 8629 8783
f 8627 8783 8781
f 8629 8631 8785
f 8629 8785 8783
f 8631 8633 8787
f 8631 8787 8785
f 8633 8635 8789
f 8633 8789 8787
f 8635 8637 8791
f 8635 8791 8789
f 8637 8639 8793
f 8637 8793 8791
f 8639 8641 8795
f 8639 8795 8793
f 8641 8643 8797
f 8641 8797 8795
f 8643 8645 8799
f 8643 8799 8797
f 8645 8647 8801
f 8645 8801 8799
f 8647 8649 8803
f 8647 8803 8801
f 8649 8651 8805
f 8649 8805 8803
f 8651 8653 8807
f 8651 8807 8805
f 8653 8655 8809
f 8653 8809 8807
f 8655 8657 8811
f 8655 8811 8809
f 8657 8659 8813
f 8657 8813 8811
f 8659 8661 8815
f 8659 8815 8813
f 8661 8663 8817
f 8661 8817 8815
f 8663 8665 8819
f 8663 8819 8817
f 8665 8667 8821
f 8665 8821 8819
f 8667 8669 8823
f 8667 8823 8821
f 8669 8671 8825
f 8669 8825 8823
f 8671 8673 8827
f 8671 8827 8825
f 8673 8675 8829
f 8673 8829 8827
f 8675 8677 8831
f 8675 8831 8829
f 8677 8679 8833
f 8677 8833 8831
f 8679 8681 8835
f 8679 8835 8833
f 8681 8683 8837
f 8681 8837 8835
f 8683 8685 8839
f 8683 8839 8837
f 8685 8687 8841
f 8685 8841 8839
f 8687 8689 8843
f 8687 8843 8841
f 8689 8691 8845
f 8689 8845 8843
f 8691 8693 8847
f 8691 8847 8845
f 8693 8695 8849
f 8693 8849 8847
f 8695 8697 8851
f 8695 8851 8849
f 8697 8699 8853
f 8697 8853 8851
f 8699 8701 8855
f 8699 8855 8853
f 8701 8703 8857
f 8701 8857 8855
f 8703 8705 8859
f 8703 8859 8857
f 8705 8707 8861
f 8705 8861 8859
f 8707 8709 8863
f 8707 8863 8861
f 8709 8711 8865
f 8709 8865 8863
f 8711 8713 8867
f 8711 8867 8865
f 8713 8715 8869
f 8713 8869 8867
f 8715 8717 8871
f 8715 8871 8869
f 8717 8719 8873
f 8717 8873 8871
f 8719 8721 8875
f 8719 8875 8873
f 8721 8723 8877
f 8721 8877 8875
f 8723 8725 8879
f 8723 8879 8877
f 8725 8727 8881
f 8725 8881 8879
f 8727 8729 8883
f 8727 8883 8881
f 8729 8731 8885
f 8729 8885 8883
f 8731 8733 8887
f 8731 8887 8885
f 8733 8735 8889
f 8733 8889 8887
f 8735 8737 8891
f 8735 8891 8889
f 8737 8739 8893
f 8737 8893 8891
f 8739 8741 8895
f 8739 8895 8893
f 8741 8743 8897
f 8741 8897 8895
f 8743 8745 8899
f 8743 8899 8897
f 8745 8747 8901
f 8745 8901 8899
f 8747 8749 8903
f 8747 8903 8901
f 8749 8751 8905
f 8749 8905 8903
f 8751 8753 8907
f 8751 8907 8905
f 8753 8755 8909
f 8753 8909 8907
f 8755 8757 8911
f 8755 8911 8909
f 8757 8759 8913
f 8757 8913 8911
f 8759 8761 8915
f 8759 8915 8913
f 8761 8763 8917
f 8761 8917 8915
f 8763 8765 8919
f 8763 8919 8917
f 8765 8767 8921
f 8765 8921 8919
f 8767 8769 8923
f 8767 8923 8921
f 8769 8771 8925
f 8769 8925 8923
f 8771 8773 8927
f 8771 8927 8925
f 8773 8775 8929
f 8773 8929 8927
f 8775 8777 8931
f 8775 8931 8929
f 8779 8781 8935
f 8779 8935 8933
f 8781 8783 8937
f 8781 8937 8935
f 8783 8785 8939
f 8783 8939 8937
f 8785 8787 8941
f 8785 8941 8939
f 8787 8789 8943
f 8787 8943 8941
f 8789 8791 8945
f 8789 8945 8943
f 8791 8793 8947
f 8791 8947 8945
f 8793 8795 8949
f 8793 8949 8947
f 8795 8797 8951
f 8795 8951 8949
f 8797 8799 8953
f 8797 8953 8951
f 8799 8801 8955
f 8799 8955 8953
f 8801 8803 8957
f 8801 8957 8955
f 8803 8805 8959
f 8803 8959 8957
f 8805 8807 8961
f 8805 8961 8959
f 8807 8809 8963
f 8807 8963 8961
f 8809 8811 8965
f 8809 8965 8963
f 8811 8813 8967
f 8811 8967 8965
f 8813 8815 8969
f 8813 8969 8967
f 8815 8817 8971
f 8815 8971 8969
f 8817 8819 8973
f 8817 8973 8971
f 8819 8821 8975
f 8819 8975 8973
f 8821 8823 8977
f 8821 8977 8975
f 8823 8825 8979
f 8823 8979 8977
f 8825 8827 8981
f 8825 8981 8979
f 8827 8829 8983
f 8827 8983 8981
f 8829 8831 8985
f 8829 8985 8983
f 8831 8833 8987
f 8831 8987 8985
f 8833 8835 8989
f 8833 8989 8987
f 8835 8837 8991
f 8835 8991 8989
f 8837 8839 8993
f 8837 8993 8991
f 8839 8841 8995
f 8839 8995 8993
f 8841 8843 8997
f 8841 8997 8995
f 8843 8845 8999
f 8843 8999 8997
f 8845 8847 9001
f 8845 9001 8999
f 8847 8849 9003
f 8847 9003 9001
f 8849 8851 9005
f 8849 9005 9003
f 8851 8853 9007
f 8851 9007 9005
f 8853 8855 9009
f 8853 9009 9007
f 8855 8857 9011
f 8855 9011 9009
f 8857 8859 9013
f 8857 9013 9011
f 8859 8861 9015
f 8859 9015 9013
f 8861 8863 9017
f 8861 9017 9015
f 8863 8865 9019
f 8863 9019 9017
f 8865 8867 9021
f 8865 9021 9019
f 8867 8869 9023
f 8867 9023 9021
f 8869 8871 9025
f 8869 9025 9023
f 8871 8873 9027
f 8871 9027 9025
f 8873 8875 9029
f 8873 9029 9027
f 8875 8877 9031
f 8875 9031 9029
f 8877 8879 9033
f 8877 9033 9031
f 8879 8881 9035
f 8879 9035 9033
f 8881 8883 9037
f 8881 9037 9035
f 8883 8885 9039
f 8883 9039 9037
f 8885 8887 9041
f 8885 9041 9039
f 8887 8889 9043
f 8887 9043 9041
f 8889 8891 9045
f 8889 9045 9043
f 8891 8893 9047
f 8891 9047 9045
f 8893 8895 9049
f 8893 9049 9047
f 8895 8897 9051
f 8895 9051 9049
f 8897 8899 9053
f 8897 9053 9051
f 8899 8901 9055
f 8899 9055 9053
f 8901 8903 9057
f 8901 9057 9055
f 8903 8905 9059
f 8903 9059 9057
f 8905 8907 9061
f 8905 9061 9059
f 8907 8909 9063
f 8907 9063 9061
f 8909 8911 9065
f 8909 9065 9063
f 8911 8913 9067
f 8911 9067 9065
f 8913 8915 9069
f 8913 9069 9067
f 8915 8917 9071
f 8915 9071 9069
f 8917 8919 9073
f 8917 9073 9071
f 8919 8921 9075
f 8919 9075 9073
f 8921 8923 9077
f 8921 9077 9075
f 8923 8925 9079
f 8923 9079 9077
f 8925 8927 9081
f 8925 9081 9079
f 8927 8929 9083
f 8927 9083 9081
f 8929 8931 9085
f 8929 9085 9083
f 8933 8935 9089
f 8933 9089 9087
f 8935 8937 9091
f 8935 9091 9089
f 8937 8939 9093
f 8937 9093 9091
f 8939 8941 9095
f 8939 9095 9093
f 8941 8943 9097
f 8941 9097 9095
f 8943 8945 9099
f 8943 9099 9097
f 8945 8947 9101
f 8945 9101 9099
f 8947 8949 9103
f 8947 9103 9101
f 8949 8951 9105
f 8949 9105 9103
f 8951 8953 9107
f 8951 9107 9105
f 8953 8955 9109
f 8953 9109 9107
f 8955 8957 9111
f 8955 9111 9109
f 8957 8959 9113
f 8957 9113 9111
f 8959 8961 9115
f 8959 9115 9113
f 8961 8963 9117
f 8961 9117 9115
f 8963 8965 9119
f 8963 9119 9117
f 8965 8967 9121
f 8965 9121 9119
f 8967 8969 9123
f 8967 9123 9121
f 8969 8971 9125
f 8969 9125 9123
f 8971 8973 9127
f 8971 9127 9125
f 8973 8975 9129
f 8973 9129 9127
f 8975 8977 9131
f 8975 9131 9129
f 8977 8979 9133
f 8977 9133 9131
f 8979 8981 9135
f 8979 9135 9133
f 8981 8983 9137
f 8981 9137 9135
f 8983 8985 9139
f 8983 9139 9137
f 8985 8987 9141
f 8985 9141 9139
f 8987 8989 9143
f 8987 9143 9141
f 8989 8991 9145
f 8989 9145 9143
f 8991 8993 9147
f 8991 9147 9145
f 8993 8995 9149
f 8993 9149 9147
f 8995 8997 9151
f 8995 9151 9149
f 8997 8999 9153
f 8997 9153 9151
f 8999 9001 9155
f 8999 9155 9153
f 9001 9003 9157
f 9001 9157 9155
f 9003 9005 9159
f 9003 9159 9157
f 9005 9007 9161
f 9005 9161 9159
f 9007 9009 9163
f 9007 9163 9161
f 9009 9011 9165
f 9009 9165 9163
f 9011 9013 9167
f 9011 9167 9165
f 9013 9015 9169
f 9013 9169 9167
f 9015 9017 9171
f 9015 9171 9169
f 9017 9019 9173
f 9017 9173 9171
f 9019 9021 9175
f 9019 9175 9173
f 9021 9023 9177
f 9021 9177 9175
f 9023 9025 9179
f 9023 9179 9177
f 9025 9027 9181
f 9025 9181 9179
f 9027 9029 9183
f 9027 9183 9181
f 9029 9031 9185
f 9029 9185 9183
f 9031 9033 9187
f 9031 9187 9185
f 9033 9035 9189
f 9033 9189 9187
f 9035 9037 9191
f 9035 9191 9189
f 9037 9039 9193
f 9037 9193 9191
f 9039 9041 9195
f 9039 9195 9193
f 9041 9043 9197
f 9041 9197 9195
f 9043 9045 9199
f 9043 9199 9197
f 9045 9047 9201
f 9045 9201 9199
f 9047 9049 9203
f 9047 9203 9201
f 9049 9051 9205
f 9049 9205 9203
f 9051 9053 9207
f 9051 9207 9205
f 9053 9055 9209
f 9053 9209 9207
f 9055 9057 9211
f 9055 9211 9209
f 9057 9059 9213
f 9057 9213 9211
f 9059 9061 9215
f 9059 9215 9213
f 9061 9063 9217
f 9061 9217 9215
f 9063 9065 9219
f 9063 9219 9217
f 9065 9067 9221
f 9065 9221 9219
f 9067 9069 9223
f 9067 9223 9221
f 9069 9071 9225
f 9069 9225 9223
f 9071 9073 9227
f 9071 9227 9225
f 9073 9075 9229
f 9073 9229 9227
f 9075 9077 9231
f 9075 9231 9229
f 9077 9079 9233
f 9077 9233 9231
f 9079 9081 9235
f 9079 9235 9233
f 9081 9083 9237
f 9081 9237 9235
f 9083 9085 9239
f 9083 9239 9237
f 9087 9089 9243
f 9087 9243 9241
f 9089 9091 9245
f 9089 9245 9243
f 9091 9093 9247
f 9091 9247 9245
f 9093 9095 9249
f 9093 9249 9247
f 9095 9097 9251
f 9095 9251 9249
f 9097 9099 9253
f 9097 9253 9251
f 9099 9101 9255
f 9099 9255 9253
f 9101 9103 9257
f 9101 9257 9255
f 9103 9105 9259
f 9103 9259 9257
f 9105 9107 9261
f 9105 9261 9259
f 9107 9109 9263
f 9107 9263 9261
f 9109 9111 9265
f 9109 9265 9263
f 9111 9113 9267
f 9111 9267 9265
f 9113 9115 9269
f 9113 9269 9267
f 9115 9117 9271
f 9115 9271 9269
f 9117 9119 9273
f 9117 9273 9271
f 9119 9121 9275
f 9119 9275 9273
f 9121 9123 9277
f 9121 9277 9275
f 9123 9125 9279
f 9123 9279 9277
f 9125 9127 9281
f 9125 9281 9279
f 9127 9129 9283
f 9127 9283 9281
f 9129 9131 9285
f 9129 9285 9283
f 9131 9133 9287
f 9131 9287 9285
f 9133 9135 9289
f 9133 9289 9287
f 9135 9137 9291
f 9135 9291 9289
f 9137 9139 9293
f 9137 9293 9291
f 9139 9141 9295
f 9139 9295 9293
f 9141 9143 9297
f 9141 9297 9295
f 9143 9145 9299
f 9143 9299 9297
f 9145 9147 9301
f 9145 9301 9299
f 9147 9149 9303
f 9147 9303 9301
f 9149 9151 9305
f 9149 9305 9303
f 9151 9153 9307
f 9151 9307 9305
f 9153 9155 9309
f 9153 9309 9307
f 9155 9157 9311
f 9155 9311 9309
f 9157 9159 9313
f 9157 9313 9311
f 9159 9161 9315
f 9159 9315 9313
f 9161 9163 9317
f 9161 9317 9315
f 9163 9165 9319
f 9163 9319 9317
f 9165 9167 9321
f 9165 9321 9319
f 9167 9169 9323
f 9167 9323 9321
f 9169 9171 9325
f 9169 9325 9323
f 9171 9173 9327
f 9171 9327 9325
f 9173 9175 9329
f 9173 9329 9327
f 9175 9177 9331
f 9175 9331 9329
f 9177 9179 9333
f 9177 9333 9331
f 9179 9181 9335
f 9179 9335 9333
f 9181 9183 9337
f 9181 9337 9335
f 9183 9185 9339
f 9183 9339 9337
f 9185 9187 9341
f 9185 9341 9339
f 9187 9189 9343
f 9187 9343 9341
f 9189 9191 9345
f 9189 9345 9343
f 9191 9193 9347
f 9191 9347 9345
f 9193 9195 9349
f 9193 9349 9347
f 9195 9197 9351
f 9195 9351 9349
f 9197 9199 9353
f 9197 9353 9351
f 9199 9201 9355
f 9199 9355 9353
f 9201 9203 9357
f 9201 9357 9355
f 9203 9205 9359
f 9203 9359 9357
f 9205 9207 9361
f 9205 9361 9359
f 9207 9209 9363
f 9207 9363 9361
f 9209 9211 9365
f 9209 9365 9363
f 9211 9213 9367
f 9211 9367 9365
f 9213 9215 9369
f 9213 9369 9367
f 9215 9217 9371
f 9215 9371 9369
f 9217 9219 9373
f 9217 9373 9371
f 9219 9221 9375
f 9219 9375 9373
f 9221 9223 9377
f 9221 9377 9375
f 9223 9225 9379
f 9223 9379 9377
f 9225 9227 9381
f 9225 9381 9379
f 9227 9229 9383
f 9227 9383 9381
f 9229 9231 9385
f 9229 9385 9383
f 9231 9233 9387
f 9231 9387 9385
f 9233 9235 9389
f 9233 9389 9387
f 9235 9237 9391
f 9235 9391 9389
f 9237 9239 9393
f 9237 9393 9391
f 9241 9243 9397
f 9241 9397 9395
f 9243 9245 9399
f 9243 9399 9397
f 9245 9247 9401
f 9245 9401 9399
f 9247 9249 9403
f 9247 9403 9401
f 9249 9251 9405
f 9249 9405 9403
f 9251 9253 9407
f 9251 9407 9405
f 9253 9255 9409
f 9253 9409 9407
f 9255 9257 9411
f 9255 9411 9409
f 9257 9259 9413
f 9257 9413 9411
f 9259 9261 9415
f 9259 9415 9413
f 9261 9263 9417
f 9261 9417 9415
f 9263 9265 9419
f 9263 9419 9417
f 9265 9267 9421
f 9265 9421 9419
f 9267 9269 9423
f 9267 9423 9421
f 9269 9271 9425
f 9269 9425 9423
f 9271 9273 9427
f 9271 9427 9425
f 9273 9275 9429
f 9273 9429 9427
f 9275 9277 9431
f 9275 9431 9429
f 9277 9279 9433
f 9277 9433 9431
f 9279 9281 9435
f 9279 9435 9433
f 9281 9283 9437
f 9281 9437 9435
f 9283 9285 9439
f 9283 9439 9437
f 9285 9287 9441
f 9285 9441 9439
f 9287 9289 9443
f 9287 9443 9441
f 9289 9291 9445
f 9289 9445 9443
f 9291 9293 9447
f 9291 9447 9445
f 9293 9295 9449
f 9293 9449 9447
f 9295 9297 9451
f 9295 9451 9449
f 9297 9299 9453
f 9297 9453 9451
f 9299 9301 9455
f 9299 9455 9453
f 9301 9303 9457
f 9301 9457 9455
f 9303 9305 9459
f 9303 9459 9457
f 9305 9307 9461
f 9305 9461 9459
f 9307 9309 9463
f 9307 9463 9461
f 9309 9311 9465
f 9309 9465 9463
f 9311 9313 9467
f 9311 9467 9465
f 9313 9315 9469
f 9313 9469 9467
f 9315 9317 9471
f 9315 9471 9469
f 9317 9319 9473
f 9317 9473 9471
f 9319 9321 9475
f 9319 9475 9473
f 9321 9323 9477
f 9321 9477 9475
f 9323 9325 9479
f 9323 9479 9477
f 9325 9327 9481
f 9325 9481 9479
f 9327 9329 9483
f 9327 9483 9481
f 9329 9331 9485
f 9329 9485 9483
f 9331 9333 9487
f 9331 9487 9485
f 9333 9335 9489
f 9333 9489 9487
f 9335 9337 9491
f 9335 9491 9489
f 9337 9339 9493
f 9337 9493 9491
f 9339 9341 9495
f 9339 9495 9493
f 9341 9343 9497
f 9341 9497 9495
f 9343 9345 9499
f 9343 9499 9497
f 9345 9347 9501
f 9345 9501 9499
f 9347 9349 9503
f 9347 9503 9501
f 9349 9351 9505
f 9349 9505 9503
f 9351 9353 9507
f 9351 9507 9505
f 9353 9355 9509
f 9353 9509 9507
f 9355 9357 9511
f 9355 9511 9509
f 9357 9359 9513
f 9357 9513 9511
f 9359 9361 9515
f 9359 9515 9513
f 9361 9363 9517
f 9361 9517 9515
f 9363 9365 9519
f 9363 9519 9517
f 9365 9367 9521
f 9365 9521 9519
f 9367 9369 9523
f 9367 9523 9521
f 9369 9371 9525
f 9369 9525 9523
f 9371 9373 9527
f 9371 9527 9525
f 9373 9375 9529
f 9373 9529 9527
f 9375 9377 9531
f 9375 9531 9529
f 9377 9379 9533
f 9377 9533 9531
f 9379 9381 9535
f 9379 9535 9533
f 9381 9383 9537
f 9381 9537 9535
f 9383 9385 9539
f 9383 9539 9537
f 9385 9387 9541
f 9385 9541 9539
f 9387 9389 9543
f 9387 9543 9541
f 9389 9391 9545
f 9389 9545 9543
f 9391 9393 9547
f 9391 9547 9545
f 9395 9397 9551
f 9395 9551 9549
f 9397 9399 9553
f 9397 9553 9551
f 9399 9401 9555
f 9399 9555 9553
f 9401 9403 9557
f 9401 9557 9555
f 9403 9405 9559
f 9403 9559 9557
f 9405 9407 9561
f 9405 9561 9559
f 9407 9409 9563
f 9407 9563 9561
f 9409 9411 9565
f 9409 9565 9563
f 9411 9413 9567
f 9411 9567 9565
f 9413 9415 9569
f 9413 9569 9567
f 9415 9417 9571
f 9415 9571 9569
f 9417 9419 9573
f 9417 9573 9571
f 9419 9421 9575
f 9419 9575 9573
f 9421 9423 9577
f 9421 9577 9575
f 9423 9425 9579
f 9423 9579 9577
f 9425 9427 9581
f 9425 9581 9579
f 9427 9429 9583
f 9427 9583 9581
f 9429 9431 9585
f 9429 9585 9583
f 9431 9433 9587
f 9431 9587 9585
f 9433 9435 9589
f 9433 9589 9587
f 9435 9437 9591
f 9435 9591 9589
f 9437 9439 9593
f 9437 9593 9591
f 9439 9441 9595
f 9439 9595 9593
f 9441 9443 9597
f 9441 9597 9595
f 9443 9445 9599
f 9443 9599 9597
f 9445 9447 9601
f 9445 9601 9599
f 9447 9449 9603
f 9447 9603 9601
f 9449 9451 9605
f 9449 9605 9603
f 9451 9453 9607
f 9451 9607 9605
f 9453 9455 9609
f 9453 9609 9607
f 9455 9457 9611
f 9455 9611 9609
f 9457 9459 9613
f 9457 9613 9611
f 9459 9461 9615
f 9459 9615 9613
f 9461 9463 9617
f 9461 9617 9615
f 9463 9465 9619
f 9463 9619 9617
f 9465 9467 9621
f 9465 9621 9619
f 9467 9469 9623
f 9467 9623 9621
f 9469 9471 9625
f 9469 9625 9623
f 9471 9473 9627
f 9471 9627 9625
f 9473 9475 9629
f 9473 9629 9627
f 9475 9477 9631
f 9475 9631 9629
f 9477 9479 9633
f 9477 9633 9631
f 9479 9481 9635
f 9479 9635 9633
f 9481 9483 9637
f 9481 9637 9635
f 9483 9485 9639
f 9483 9639 9637
f 9485 9487 9641
f 9485 9641 9639
f 9487 9489 9643
f 9487 9643 9641
f 9489 9491 9645
f 9489 9645 9643
f 9491 9493 9647
f 9491 9647 9645
f 9493 9495 9649
f 9493 9649 9647
f 9495 9497 9651
f 9495 9651 9649
f 9497 9499 9653
f 9497 9653 9651
f 9499 9501 9655
f 9499 9655 9653
f 9501 9503 9657
f 9501 9657 9655
f 9503 9505 9659
f 9503 9659 9657
f 9505 9507 9661
f 9505 9661 9659
f 9507 9509 9663
f 9507 9663 9661
f 9509 9511 9665
f 9509 9665 9663
f 9511 9513 9667
f 9511 9667 9665
f 9513 9515 9669
f 9513 9669 9667
f 9515 9517 9671
f 9515 9671 9669
f 9517 9519 9673
f 9517 9673 9671
f 9519 9521 9675
f 9519 9675 9673
f 9521 9523 9677
f 9521 9677 9675
f 9523 9525 9679
f 9523 9679 9677
f 9525 9527 9681
f 9525 9681 9679
f 9527 9529 9683
f 9527 9683 9681
f 9529 9531 9685
f 9529 9685 9683
f 9531 9533 9687
f 9531 9687 9685
f 9533 9535 9689
f 9533 9689 9687
f 9535 9537 9691
f 9535 9691 9689
f 9537 9539 9693
f 9537 9693 9691
f 9539 9541 9695
f 9539 9695 9693
f 9541 9543 9697
f 9541 9697 9695
f 9543 9545 9699
f 9543 9699 9697
f 9545 9547 9701
f 9545 9701 9699
f 9549 9551 9705
f 9549 9705 9703
f 9551 9553 9707
f 9551 9707 9705
f 9553 9555 9709
f 9553 9709 9707
f 9555 9557 9711
f 9555 9711 9709
f 9557 9559 9713
f 9557 9713 9711
f 9559 9561 9715
f 9559 9715 9713
f 9561 9563 9717
f 9561 9717 9715
f 9563 9565 9719
f 9563 9719 9717
f 9565 9567 9721
f 9565 9721 9719
f 9567 9569 9723
f 9567 9723 9721
f 9569 9571 9725
f 9569 9725 9723
f 9571 9573 9727
f 9571 9727 9725
f 9573 9575 9729
f 9573 9729 9727
f 9575 9577 9731
f 9575 9731 9729
f 9577 9579 9733
f 9577 9733 9731
f 9579 9581 9735
f 9579 9735 9733
f 9581 9583 9737
f 9581 9737 9735
f 9583 9585 9739
f 9583 9739 9737
f 9585 9587 9741
f 9585 9741 9739
f 9587 9589 9743
f 9587 9743 9741
f 9589 9591 9745
f 9589 9745 9743
f 9591 9593 9747
f 9591 9747 9745
f 9593 9595 9749
f 9593 9749 9747
f 9595 9597 9751
f 9595 9751 9749
f 9597 9599 9753
f 9597 9753 9751
f 9599 9601 9755
f 9599 9755 9753
f 9601 9603 9757
f 9601 9757 9755
f 9603 9605 9759
f 9603 9759 9757
f 9605 9607 9761
f 9605 9761 9759
f 9607 9609 9763
f 9607 9763 9761
f 9609 9611 9765
f 9609 9765 9763
f 9611 9613 9767
f 9611 9767 9765
f 9613 9615 9769
f 9613 9769 9767
f 9615 9617 9771
f 9615 9771 9769
f 9617 9619 9773
f 9617 9773 9771
f 9619 9621 9775
f 9619 9775 9773
f 9621 9623 9777
f 9621 9777 9775
f 9623 9625 9779
f 9623 9779 9777
f 9625 9627 9781
f 9625 9781 9779
f 9627 9629 9783
f 9627 9783 9781
f 9629 9631 9785
f 9629 9785 9783
f 9631 9633 9787
f 9631 9787 9785
f 9633 9635 9789
f 9633 9789 9787
f 9635 9637 9791
f 9635 9791 9789
f 9637 9639 9793
f 9637 9793 9791
f 9639 9641 9795
f 9639 9795 9793
f 9641 9643 9797
f 9641 9797 9795
f 9643 9645 9799
f 9643 9799 9797
f 9645 9647 9801
f 9645 9801 9799
f 9647 9649 9803
f 9647 9803 9801
f 9649 9651 9805
f 9649 9805 9803
f 9651 9653 9807
f 9651 9807 9805
f 9653 9655 9809
f 9653 9809 9807
f 9655 9657 9811
f 9655 9811 9809
f 9657 9659 9813
f 9657 9813 9811
f 9659 9661 9815
f 9659 9815 9813
f 9661 9663 9817
f 9661 9817 9815
f 9663 9665 9819
f 9663 9819 9817
f 9665 9667 9821
f 9665 9821 9819
f 9667 9669 9823
f 9667 9823 9821
f 9669 9671 9825
f 9669 9825 9823
f 9671 9673 9827
f 9671 9827 9825
f 9673 9675 9829
f 9673 9829 9827
f 9675 9677 9831
f 9675 9831 9829
f 9677 9679 9833
f 9677 9833 9831
f 9679 9681 9835
f 9679 9835 9833
f 9681 9683 9837
f 9681 9837 9835
f 9683 9685 9839
f 9683 9839 9837
f 9685 9687 9841
f 9685 9841 9839
f 9687 9689 9843
f 9687 9843 9841
f 9689 9691 9845
f 9689 9845 9843
f 9691 9693 9847
f 9691 9847 9845
f 9693 9695 9849
f 9693 9849 9847
f 9695 9697 9851
f 9695 9851 9849
f 9697 9699 9853
f 9697 9853 9851
f 9699 9701 9855
f 9699 9855 9853
f 9703 9705 9859
f 9703 9859 9857
f 9705 9707 9861
f 9705 9861 9859
f 9707 9709 9863
f 9707 9863 9861
f 9709 9711 9865
f 9709 9865 9863
f 9711 9713 9867
f 9711 9867 9865
f 9713 9715 9869
f 9713 9869 9867
f 9715 9717 9871
f 9715 9871 9869
f 9717 9719 9873
f 9717 9873 9871
f 9719 9721 9875
f 9719 9875 9873
f 9721 9723 9877
f 9721 9877 9875
f 9723 9725 9879
f 9723 9879 9877
f 9725 9727 9881
f 9725 9881 9879
f 9727 9729 9883
f 9727 9883 9881
f 9729 9731 9885
f 9729 9885 9883
f 9731 9733 9887
f 9731 9887 9885
f 9733 9735 9889
f 9733 9889 9887
f 9735 9737 9891
f 9735 9891 9889
f 9737 9739 9893
f 9737 9893 9891
f 9739 9741 9895
f 9739 9895 9893
f 9741 9743 9897
f 9741 9897 9895
f 9743 9745 9899
f 9743 9899 9897
f 9745 9747 9901
f 9745 9901 9899
f 9747 9749 9903
f 9747 9903 9901
f 9749 9751 9905
f 9749 9905 9903
f 9751 9753 9907
f 9751 9907 9905
f 9753 9755 9909
f 9753 9909 9907
f 9755 9757 9911
f 9755 9911 9909
f 9757 9759 9913
f 9757 9913 9911
f 9759 9761 9915
f 9759 9915 9913
f 9761 9763 9917
f 9761 9917 9915
f 9763 9765 9919
f 9763 9919 9917
f 9765 9767 9921
f 9765 9921 9919
f 9767 9769 9923
f 9767 9923 9921
f 9769 9771 9925
f 9769 9925 9923
f 9771 9773 9927
f 9771 9927 9925
f 9773 9775 9929
f 9773 9929 9927
f 9775 9777 9931
f 9775 9931 9929
f 9777 9779 9933
f 9777 9933 9931
f 9779 9781 9935
f 9779 9935 9933
f 9781 9783 9937
f 9781 9937 9935
f 9783 9785 9939
f 9783 9939 9937
f 9785 9787 9941
f 9785 9941 9939
f 9787 9789 9943
f 9787 9943 9941
f 9789 9791 9945
f 9789 9945 9943
f 9791 9793 9947
f 9791 9947 9945
f 9793 9795 9949
f 9793 9949 9947
f 9795 9797 9951
f 9795 9951 9949
f 9797 9799 9953
f 9797 9953 9951
f 9799 9801 9955
f 9799 9955 9953
f 9801 9803 9957
f 9801 9957 9955
f 9803 9805 9959
f 9803 9959 9957
f 9805 9807 9961
f 9805 9961 9959
f 9807 9809 9963
f 9807 9963 9961
f 9809 9811 9965
f 9809 9965 9963
f 9811 9813 9967
f 9811 9967 9965
f 9813 9815 9969
f 9813 9969 9967
f 9815 9817 9971
f 9815 9971 9969
f 9817 9819 9973
f 9817 9973 9971
f 9819 9821 9975
f 9819 9975 9973
f 9821 9823 9977
f 9821 9977 9975
f 9823 9825 9979
f 9823 9979 9977
f 9825 9827 9981
f 9825 9981 9979
f 9827 9829 9983
f 9827 9983 9981
f 9829 9831 9985
f 9829 9985 9983
f 9831 9833 9987
f 9831 9987 9985
f 9833 9835 9989
f 9833 9989 9987
f 9835 9837 9991
f 9835 9991 9989
f 9837 9839 9993
f 9837 9993 9991
f 9839 9841 9995
f 9839 9995 9993
f 9841 9843 9997
f 9841 9997 9995
f 9843 9845 9999
f 9843 9999 9997
f 9845 9847 10001
f 9845 10001 9999
f 9847 9849 10003
f 9847 10003 10001
f 9849 9851 10005
f 9849 10005 10003
f 9851 9853 10007
f 9851 10007 10005
f 9853 9855 10009
f 9853 10009 10007
f 9857 9859 10013
f 9857 10013 10011
f 9859 9861 10015
f 9859 10015 10013
f 9861 9863 10017
f 9861 10017 10015
f 9863 9865 10019
f 9863 10019 10017
f 9865 9867 10021
f 9865 10021 10019
f 9867 9869 10023
f 9867 10023 10021
f 9869 9871 10025
f 9869 10025 10023
f 9871 9873 10027
f 9871 10027 10025
f 9873 9875 10029
f 9873 10029 10027
f 9875 9877 10031
f 9875 10031 10029
f 9877 9879 10033
f 9877 10033 10031
f 9879 9881 10035
f 9879 10035 10033
f 9881 9883 10037
f 9881 10037 10035
f 9883 9885 10039
f 9883 10039 10037
f 9885 9887 10041
f 9885 10041 10039
f 9887 9889 10043
f 9887 10043 10041
f 9889 9891 10045
f 9889 10045 10043
f 9891 9893 10047
f 9891 10047 10045
f 9893 9895 10049
f 9893 10049 10047
f 9895 9897 10051
f 9895 10051 10049
f 9897 9899 10053
f 9897 10053 10051
f 9899 9901 10055
f 9899 10055 10053
f 9901 9903 10057
f 9901 10057 10055
f 9903 9905 10059
f 9903 10059 10057
f 9905 9907 10061
f 9905 10061 10059
f 9907 9909 10063
f 9907 10063 10061
f 9909 9911 10065
f 9909 10065 10063
f 9911 9913 10067
f 9911 10067 10065
f 9913 9915 10069
f 9913 10069 10067
f 9915 9917 10071
f 9915 10071 10069
f 9917 9919 10073
f 9917 10073 10071
f 9919 9921 10075
f 9919 10075 10073
f 9921 9923 10077
f 9921 10077 10075
f 9923 9925 10079
f 9923 10079 10077
f 9925 9927 10081
f 9925 10081 10079
f 9927 9929 10083
f 9927 10083 10081
f 9929 9931 10085
f 9929 10085 10083
f 9931 9933 10087
f 9931 10087 10085
f 9933 9935 10089
f 9933 10089 10087
f 9935 9937 10091
f 9935 10091 10089
f 9937 9939 10093
f 9937 10093 10091
f 9939 9941 10095
f 9939 10095 10093
f 9941 9943 10097
f 9941 10097 10095
f 9943 9945 10099
f 9943 10099 10097
f 9945 9947 10101
f 9945 10101 10099
f 9947 9949 10103
f 9947 10103 10101
f 9949 9951 10105
f 9949 10105 10103
f 9951 9953 10107
f 9951 10107 10105
f 9953 9955 10109
f 9953 10109 10107
f 9955 9957 10111
f 9955 10111 10109
f 9957 9959 10113
f 9957 10113 10111
f 9959 9961 10115
f 9959 10115 10113
f 9961 9963 10117
f 9961 10117 10115
f 9963 9965 10119
f 9963 10119 10117
f 9965 9967 10121
f 9965 10121 10119
f 9967 9969 10123
f 9967 10123 10121
f 9969 9971 10125
f 9969 10125 10123
f 9971 9973 10127
f 9971 10127 10125
f 9973 9975 10129
f 9973 10129 10127
f 9975 9977 10131
f 9975 10131 10129
f 9977 9979 10133
f 9977 10133 10131
f 9979 9981 10135
f 9979 10135 10133
f 9981 9983 10137
f 9981 10137 10135
f 9983 9985 10139
f 9983 10139 10137
f 9985 9987 10141
f 9985 10141 10139
f 9987 9989 10143
f 9987 10143 10141
f 9989 9991 10145
f 9989 10145 10143
f 9991 9993 10147
f 9991 10147 10145
f 9993 9995 10149
f 9993 10149 10147
f 9995 9997 10151
f 9995 10151 10149
f 9997 9999 10153
f 9997 10153 10151
f 9999 10001 10155
f 9999 10155 10153
f 10001 10003 10157
f 10001 10157 10155
f 10003 10005 10159
f 10003 10159 10157
f 10005 10007 10161
f 10005 10161 10159
f 10007 10009 10163
f 10007 10163 10161
f 10011 10013 10167
f 10011 10167 10165
f 10013 10015 10169
f 10013 10169 10167
f 10015 10017 10171
f 10015 10171 10169
f 10017 10019 10173
f 10017 10173 10171
f 10019 10021 10175
f 10019 10175 10173
f 10021 10023 10177
f 10021 10177 10175
f 10023 10025 10179
f 10023 10179 10177
f 10025 10027 10181
f 10025 10181 10179
f 10027 10029 10183
f 10027 10183 10181
f 10029 10031 10185
f 10029 10185 10183
f 10031 10033 10187
f 10031 10187 10185
f 10033 10035 10189
f 10033 10189 10187
f 10035 10037 10191
f 10035 10191 10189
f 10037 10039 10193
f 10037 10193 10191
f 10039 10041 10195
f 10039 10195 10193
f 10041 10043 10197
f 10041 10197 10195
f 10043 10045 10199
f 10043 10199 10197
f 10045 10047 10201
f 10045 10201 10199
f 10047 10049 10203
f 10047 10203 10201
f 10049 10051 10205
f 10049 10205 10203
f 10051 10053 10207
f 10051 10207 10205
f 10053 10055 10209
f 10053 10209 10207
f 10055 10057 10211
f 10055 10211 10209
f 10057 10059 10213
f 10057 10213 10211
f 10059 10061 10215
f 10059 10215 10213
f 10061 10063 10217
f 10061 10217 10215
f 10063 10065 10219
f 10063 10219 10217
f 10065 10067 10221
f 10065 10221 10219
f 10067 10069 10223
f 10067 10223 10221
f 10069 10071 10225
f 10069 10225 10223
f 10071 10073 10227
f 10071 10227 10225
f 10073 10075 10229
f 10073 10229 10227
f 10075 10077 10231
f 10075 10231 10229
f 10077 10079 10233
f 10077 10233 10231
f 10079 10081 10235
f 10079 10235 10233
f 10081 10083 10237
f 10081 10237 10235
f 10083 10085 10239
f 10083 10239 10237
f 10085 10087 10241
f 10085 10241 10239
f 10087 10089 10243
f 10087 10243 10241
f 10089 10091 10245
f 10089 10245 10243
f 10091 10093 10247
f 10091 10247 10245
f 10093 10095 10249
f 10093 10249 10247
f 10095 10097 10251
f 10095 10251 10249
f 10097 10099 10253
f 10097 10253 10251
f 10099 10101 10255
f 10099 10255 10253
f 10101 10103 10257
f 10101 10257 10255
f 10103 10105 10259
f 10103 10259 10257
f 10105 10107 10261
f 10105 10261 10259
f 10107 10109 10263
f 10107 10263 10261
f 10109 10111 10265
f 10109 10265 10263
f 10111 10113 10267
f 10111 10267 10265
f 10113 10115 10269
f 10113 10269 10267
f 10115 10117 10271
f 10115 10271 10269
f 10117 10119 10273
f 10117 10273 10271
f 10119 10121 10275
f 10119 10275 10273
f 10121 10123 10277
f 10121 10277 10275
f 10123 10125 10279
f 10123 10279 10277
f 10125 10127 10281
f 10125 10281 10279
f 10127 10129 10283
f 10127 10283 10281
f 10129 10131 10285
f 10129 10285 10283
f 10131 10133 10287
f 10131 10287 10285
f 10133 10135 10289
f 10133 10289 10287
f 10135 10137 10291
f 10135 10291 10289
f 10137 10139 10293
f 10137 10293 10291
f 10139 10141 10295
f 10139 10295 10293
f 10141 10143 10297
f 10141 10297 10295
f 10143 10145 10299
f 10143 10299 10297
f 10145 10147 10301
f 10145 10301 10299
f 10147 10149 10303
f 10147 10303 10301
f 10149 10151 10305
f 10149 10305 10303
f 10151 10153 10307
f 10151 10307 10305
f 10153 10155 10309
f 10153 10309 10307
f 10155 10157 10311
f 10155 10311 10309
f 10157 10159 10313
f 10157 10313 10311
f 10159 10161 10315
f 10159 10315 10313
f 10161 10163 10317
f 10161 10317 10315
f 10165 10167 10321
f 10165 10321 10319
f 10167 10169 10323
f 10167 10323 10321
f 10169 10171 10325
f 10169 10325 10323
f 10171 10173 10327
f 10171 10327 10325
f 10173 10175 10329
f 10173 10329 10327
f 10175 10177 10331
f 10175 10331 10329
f 10177 10179 10333
f 10177 10333 10331
f 10179 10181 10335
f 10179 10335 10333
f 10181 10183 10337
f 10181 10337 10335
f 10183 10185 10339
f 10183 10339 10337
f 10185 10187 10341
f 10185 10341 10339
f 10187 10189 10343
f 10187 10343 10341
f 10189 10191 10345
f 10189 10345 10343
f 10191 10193 10347
f 10191 10347 10345
f 10193 10195 10349
f 10193 10349 10347
f 10195 10197 10351
f 10195 10351 10349
f 10197 10199 10353
f 10197 10353 10351
f 10199 10201 10355
f 10199 10355 10353
f 10201 10203 10357
f 10201 10357 10355
f 10203 10205 10359
f 10203 10359 10357
f 10205 10207 10361
f 10205 10361 10359
f 10207 10209 10363
f 10207 10363 10361
f 10209 10211 10365
f 10209 10365 10363
f 10211 10213 10367
f 10211 10367 10365
f 10213 10215 10369
f 10213 10369 10367
f 10215 10217 10371
f 10215 10371 10369
f 10217 10219 10373
f 10217 10373 10371
f 10219 10221 10375
f 10219 10375 10373
f 10221 10223 10377
f 10221 10377 10375
f 10223 10225 10379
f 10223 10379 10377
f 10225 10227 10381
f 10225 10381 10379
f 10227 10229 10383
f 10227 10383 10381
f 10229 10231 10385
f 10229 10385 10383
f 10231 10233 10387
f 10231 10387 10385
f 10233 10235 10389
f 10233 10389 10387
f 10235 10237 10391
f 10235 10391 10389
f 10237 10239 10393
f 10237 10393 10391
f 10239 10241 10395
f 10239 10395 10393
f 10241 10243 10397
f 10241 10397 10395
f 10243 10245 10399
f 10243 10399 10397
f 10245 10247 10401
f 10245 10401 10399
f 10247 10249 10403
f 10247 10403 10401
f 10249 10251 10405
f 10249 10405 10403
f 10251 10253 10407
f 10251 10407 10405
f 10253 10255 10409
f 10253 10409 10407
f 10255 10257 10411
f 10255 10411 10409
f 10257 10259 10413
f 10257 10413 10411
f 10259 10261 10415
f 10259 10415 10413
f 10261 10263 10417
f 10261 10417 10415
f 10263 10265 10419
f 10263 10419 10417
f 10265 10267 10421
f 10265 10421 10419
f 10267 10269 10423
f 10267 10423 10421
f 10269 10271 10425
f 10269 10425 10423
f 10271 10273 10427
f 10271 10427 10425
f 10273 10275 10429
f 10273 10429 10427
f 10275 10277 10431
f 10275 10431 10429
f 10277 10279 10433
f 10277 10433 10431
f 10279 10281 10435
f 10279 10435 10433
f 10281 10283 10437
f 10281 10437 10435
f 10283 10285 10439
f 10283 10439 10437
f 10285 10287 10441
f 10285 10441 10439
f 10287 10289 10443
f 10287 10443 10441
f 10289 10291 10445
f 10289 10445 10443
f 10291 10293 10447
f 10291 10447 10445
f 10293 10295 10449
f 10293 10449 10447
f 10295 10297 10451
f 10295 10451 10449
f 10297 10299 10453
f 10297 10453 10451
f 10299 10301 10455
f 10299 10455 10453
f 10301 10303 10457
f 10301 10457 10455
f 10303 10305 10459
f 10303 10459 10457
f 10305 10307 10461
f 10305 10461 10459
f 10307 10309 10463
f 10307 10463 10461
f 10309 10311 10465
f 10309 10465 10463
f 10311 10313 10467
f 10311 10467 10465
f 10313 10315 10469
f 10313 10469 10467
f 10315 10317 10471
f 10315 10471 10469
f 10319 10321 10475
f 10319 10475 10473
f 10321 10323 10477
f 10321 10477 10475
f 10323 10325 10479
f 10323 10479 10477
f 10325 10327 10481
f 10325 10481 10479
f 10327 10329 10483
f 10327 10483 10481
f 10329 10331 10485
f 10329 10485 10483
f 10331 10333 10487
f 10331 10487 10485
f 10333 10335 10489
f 10333 10489 10487
f 10335 10337 10491
f 10335 10491 10489
f 10337 10339 10493
f 10337 10493 10491
f 10339 10341 10495
f 10339 10495 10493
f 10341 10343 10497
f 10341 10497 10495
f 10343 10345 10499
f 10343 10499 10497
f 10345 10347 10501
f 10345 10501 10499
f 10347 10349 10503
f 10347 10503 10501
f 10349 10351 10505
f 10349 10505 10503
f 10351 10353 10507
f 10351 10507 10505
f 10353 10355 10509
f 10353 10509 10507
f 10355 10357 10511
f 10355 10511 10509
f 10357 10359 10513
f 10357 10513 10511
f 10359 10361 10515
f 10359 10515 10513
f 10361 10363 10517
f 10361 10517 10515
f 10363 10365 10519
f 10363 10519 10517
f 10365 10367 10521
f 10365 10521 10519
f 10367 10369 10523
f 10367 10523 10521
f 10369 10371 10525
f 10369 10525 10523
f 10371 10373 10527
f 10371 10527 10525
f 10373 10375 10529
f 10373 10529 10527
f 10375 10377 10531
f 10375 10531 10529
f 10377 10379 10533
f 10377 10533 10531
f 10379 10381 10535
f 10379 10535 10533
f 10381 10383 10537
f 10381 10537 10535
f 10383 10385 10539
f 10383 10539 10537
f 10385 10387 10541
f 10385 10541 10539
f 10387 10389 10543
f 10387 10543 10541
f 10389 10391 10545
f 10389 10545 10543
f 10391 10393 10547
f 10391 10547 10545
f 10393 10395 10549
f 10393 10549 10547
f 10395 10397 10551
f 10395 10551 10549
f 10397 10399 10553
f 10397 10553 10551
f 10399 10401 10555
f 10399 10555 10553
f 10401 10403 10557
f 10401 10557 10555
f 10403 10405 10559
f 10403 10559 10557
f 10405 10407 10561
f 10405 10561 10559
f 10407 10409 10563
f 10407 10563 10561
f 10409 10411 10565
f 10409 10565 10563
f 10411 10413 10567
f 10411 10567 10565
f 10413 10415 10569
f 10413 10569 10567
f 10415 10417 10571
f 10415 10571 10569
f 10417 10419 10573
f 10417 10573 10571
f 10419 10421 10575
f 10419 10575 10573
f 10421 10423 10577
f 10421 10577 10575
f 10423 10425 10579
f 10423 10579 10577
f 10425 10427 10581
f 10425 10581 10579
f 10427 10429 10583
f 10427 10583 10581
f 10429 10431 10585
f 10429 10585 10583
f 10431 10433 10587
f 10431 10587 10585
f 10433 10435 10589
f 10433 10589 10587
f 10435 10437 10591
f 10435 10591 10589
f 10437 10439 10593
f 10437 10593 10591
f 10439 10441 10595
f 10439 10595 10593
f 10441 10443 10597
f 10441 10597 10595
f 10443 10445 10599
f 10443 10599 10597
f 10445 10447 10601
f 10445 10601 10599
f 10447 10449 10603
f 10447 10603 10601
f 10449 10451 10605
f 10449 10605 10603
f 10451 10453 10607
f 10451 10607 10605
f 10453 10455 10609
f 10453 10609 10607
f 10455 10457 10611
f 10455 10611 10609
f 10457 10459 10613
f 10457 10613 10611
f 10459 10461 10615
f 10459 10615 10613
f 10461 10463 10617
f 10461 10617 10615
f 10463 10465 10619
f 10463 10619 10617
f 10465 10467 10621
f 10465 10621 10619
f 10467 10469 10623
f 10467 10623 10621
f 10469 10471 10625
f 10469 10625 10623
f 10473 10475 10629
f 10473 10629 10627
f 10475 10477 10631
f 10475 10631 10629
f 10477 10479 10633
f 10477 10633 10631
f 10479 10481 10635
f 10479 10635 10633
f 10481 10483 10637
f 10481 10637 10635
f 10483 10485 10639
f 10483 10639 10637
f 10485 10487 10641
f 10485 10641 10639
f 10487 10489 10643
f 10487 10643 10641
f 10489 10491 10645
f 10489 10645 10643
f 10491 10493 10647
f 10491 10647 10645
f 10493 10495 10649
f 10493 10649 10647
f 10495 10497 10651
f 10495 10651 10649
f 10497 10499 10653
f 10497 10653 10651
f 10499 10501 10655
f 10499 10655 10653
f 10501 10503 10657
f 10501 10657 10655
f 10503 10505 10659
f 10503 10659 10657
f 10505 10507 10661
f 10505 10661 10659
f 10507 10509 10663
f 10507 10663 10661
f 10509 10511 10665
f 10509 10665 10663
f 10511 10513 10667
f 10511 10667 10665
f 10513 10515 10669
f 10513 10669 10667
f 10515 10517 10671
f 10515 10671 10669
f 10517 10519 10673
f 10517 10673 10671
f 10519 10521 10675
f 10519 10675 10673
f 10521 10523 10677
f 10521 10677 10675
f 10523 10525 10679
f 10523 10679 10677
f 10525 10527 10681
f 10525 10681 10679
f 10527 10529 10683
f 10527 10683 10681
f 10529 10531 10685
f 10529 10685 10683
f 10531 10533 10687
f 10531 10687 10685
f 10533 10535 10689
f 10533 10689 10687
f 10535 10537 10691
f 10535 10691 10689
f 10537 10539 10693
f 10537 10693 10691
f 10539 10541 10695
f 10539 10695 10693
f 10541 10543 10697
f 10541 10697 10695
f 10543 10545 10699
f 10543 10699 10697
f 10545 10547 10701
f 10545 10701 10699
f 10547 10549 10703
f 10547 10703 10701
f 10549 10551 10705
f 10549 10705 10703
f 10551 10553 10707
f 10551 10707 10705
f 10553 10555 10709
f 10553 10709 10707
f 10555 10557 10711
f 10555 10711 10709
f 10557 10559 10713
f 10557 10713 10711
f 10559 10561 10715
f 10559 10715 10713
f 10561 10563 10717
f 10561 10717 10715
f 10563 10565 10719
f 10563 10719 10717
f 10565 10567 10721
f 10565 10721 10719
f 10567 10569 10723
f 10567 10723 10721
f 10569 10571 10725
f 10569 10725 10723
f 10571 10573 10727
f 10571 10727 10725
f 10573 10575 10729
f 10573 10729 10727
f 10575 10577 10731
f 10575 10731 10729
f 10577 10579 10733
f 10577 10733 10731
f 10579 10581 10735
f 10579 10735 10733
f 10581 10583 10737
f 10581 10737 10735
f 10583 10585 10739
f 10583 10739 10737
f 10585 10587 10741
f 10585 10741 10739
f 10587 10589 10743
f 10587 10743 10741
f 10589 10591 10745
f 10589 10745 10743
f 10591 10593 10747
f 10591 10747 10745
f 10593 10595 10749
f 10593 10749 10747
f 10595 10597 10751
f 10595 10751 10749
f 10597 10599 10753
f 10597 10753 10751
f 10599 10601 10755
f 10599 10755 10753
f 10601 10603 10757
f 10601 10757 10755
f 10603 10605 10759
f 10603 10759 10757
f 10605 10607 10761
f 10605 10761 10759
f 10607 10609 10763
f 10607 10763 10761
f 10609 10611 10765
f 10609 10765 10763
f 10611 10613 10767
f 10611 10767 10765
f 10613 10615 10769
f 10613 10769 10767
f 10615 10617 10771
f 10615 10771 10769
f 10617 10619 10773
f 10617 10773 10771
f 10619 10621 10775
f 10619 10775 10773
f 10621 10623 10777
f 10621 10777 10775
f 10623 10625 10779
f 10623 10779 10777
f 10627 10629 10783
f 10627 10783 10781
f 10629 10631 10785
f 10629 10785 10783
f 10631 10633 10787
f 10631 10787 10785
f 10633 10635 10789
f 10633 10789 10787
f 10635 10637 10791
f 10635 10791 10789
f 10637 10639 10793
f 10637 10793 10791
f 10639 10641 10795
f 10639 10795 10793
f 10641 10643 10797
f 10641 10797 10795
f 10643 10645 10799
f 10643 10799 10797
f 10645 10647 10801
f 10645 10801 10799
f 10647 10649 10803
f 10647 10803 10801
f 10649 10651 10805
f 10649 10805 10803
f 10651 10653 10807
f 10651 10807 10805
f 10653 10655 10809
f 10653 10809 10807
f 10655 10657 10811
f 10655 10811 10809
f 10657 10659 10813
f 10657 10813 10811
f 10659 10661 10815
f 10659 10815 10813
f 10661 10663 10817
f 10661 10817 10815
f 10663 10665 10819
f 10663 10819 10817
f 10665 10667 10821
f 10665 10821 10819
f 10667 10669 10823
f 10667 10823 10821
f 10669 10671 10825
f 10669 10825 10823
f 10671 10673 10827
f 10671 10827 10825
f 10673 10675 10829
f 10673 10829 10827
f 10675 10677 10831
f 10675 10831 10829
f 10677 10679 10833
f 10677 10833 10831
f 10679 10681 10835
f 10679 10835 10833
f 10681 10683 10837
f 10681 10837 10835
f 10683 10685 10839
f 10683 10839 10837
f 10685 10687 10841
f 10685 10841 10839
f 10687 10689 10843
f 10687 10843 10841
f 10689 10691 10845
f 10689 10845 10843
f 10691 10693 10847
f 10691 10847 10845
f 10693 10695 10849
f 10693 10849 10847
f 10695 10697 10851
f 10695 10851 10849
f 10697 10699 10853
f 10697 10853 10851
f 10699 10701 10855
f 10699 10855 10853
f 10701 10703 10857
f 10701 10857 10855
f 10703 10705 10859
f 10703 10859 10857
f 10705 10707 10861
f 10705 10861 10859
f 10707 10709 10863
f 10707 10863 10861
f 10709 10711 10865
f 10709 10865 10863
f 10711 10713 10867
f 10711 10867 10865
f 10713 10715 10869
f 10713 10869 10867
f 10715 10717 10871
f 10715 10871 10869
f 10717 10719 10873
f 10717 10873 10871
f 10719 10721 10875
f 10719 10875 10873
f 10721 10723 10877
f 10721 10877 10875
f 10723 10725 10879
f 10723 10879 10877
f 10725 10727 10881
f 10725 10881 10879
f 10727 10729 10883
f 10727 10883 10881
f 10729 10731 10885
f 10729 10885 10883
f 10731 10733 10887
f 10731 10887 10885
f 10733 10735 10889
f 10733 10889 10887
f 10735 10737 10891
f 10735 10891 10889
f 10737 10739 10893
f 10737 10893 10891
f 10739 10741 10895
f 10739 10895 10893
f 10741 10743 10897
f 10741 10897 10895
f 10743 10745 10899
f 10743 10899 10897
f 10745 10747 10901
f 10745 10901 10899
f 10747 10749 10903
f 10747 10903 10901
f 10749 10751 10905
f 10749 10905 10903
f 10751 10753 10907
f 10751 10907 10905
f 10753 10755 10909
f 10753 10909 10907
f 10755 10757 10911
f 10755 10911 10909
f 10757 10759 10913
f 10757 10913 10911
f 10759 10761 10915
f 10759 10915 10913
f 10761 10763 10917
f 10761 10917 10915
f 10763 10765 10919
f 10763 10919 10917
f 10765 10767 10921
f 10765 10921 10919
f 10767 10769 10923
f 10767 10923 10921
f 10769 10771 10925
f 10769 10925 10923
f 10771 10773 10927
f 10771 10927 10925
f 10773 10775 10929
f 10773 10929 10927
f 10775 10777 10931
f 10775 10931 10929
f 10777 10779 10933
f 10777 10933 10931
f 10781 10783 10937
f 10781 10937 10935
f 10783 10785 10939
f 10783 10939 10937
f 10785 10787 10941
f 10785 10941 10939
f 10787 10789 10943
f 10787 10943 10941
f 10789 10791 10945
f 10789 10945 10943
f 10791 10793 10947
f 10791 10947 10945
f 10793 10795 10949
f 10793 10949 10947
f 10795 10797 10951
f 10795 10951 10949
f 10797 10799 10953
f 10797 10953 10951
f 10799 10801 10955
f 10799 10955 10953
f 10801 10803 10957
f 10801 10957 10955
f 10803 10805 10959
f 10803 10959 10957
f 10805 10807 10961
f 10805 10961 10959
f 10807 10809 10963
f 10807 10963 10961
f 10809 10811 10965
f 10809 10965 10963
f 10811 10813 10967
f 10811 10967 10965
f 10813 10815 10969
f 10813 10969 10967
f 10815 10817 10971
f 10815 10971 10969
f 10817 10819 10973
f 10817 10973 10971
f 10819 10821 10975
f 10819 10975 10973
f 10821 10823 10977
f 10821 10977 10975
f 10823 10825 10979
f 10823 10979 10977
f 10825 10827 10981
f 10825 10981 10979
f 10827 10829 10983
f 10827 10983 10981
f 10829 10831 10985
f 10829 10985 10983
f 10831 10833 10987
f 10831 10987 10985
f 10833 10835 10989
f 10833 10989 10987
f 10835 10837 10991
f 10835 10991 10989
f 10837 10839 10993
f 10837 10993 10991
f 10839 10841 10995
f 10839 10995 10993
f 10841 10843 10997
f 10841 10997 10995
f 10843 10845 10999
f 10843 10999 10997
f 10845 10847 11001
f 10845 11001 10999
f 10847 10849 11003
f 10847 11003 11001
f 10849 10851 11005
f 10849 11005 11003
f 10851 10853 11007
f 10851 11007 11005
f 10853 10855 11009
f 10853 11009 11007
f 10855 10857 11011
f 10855 11011 11009
f 10857 10859 11013
f 10857 11013 11011
f 10859 10861 11015
f 10859 11015 11013
f 10861 10863 11017
f 10861 11017 11015
f 10863 10865 11019
f 10863 11019 11017
f 10865 10867 11021
f 10865 11021 11019
f 10867 10869 11023
f 10867 11023 11021
f 10869 10871 11025
f 10869 11025 11023
f 10871 10873 11027
f 10871 11027 11025
f 10873 10875 11029
f 10873 11029 11027
f 10875 10877 11031
f 10875 11031 11029
f 10877 10879 11033
f 10877 11033 11031
f 10879 10881 11035
f 10879 11035 11033
f 10881 10883 11037
f 10881 11037 11035
f 10883 10885 11039
f 10883 11039 11037
f 10885 10887 11041
f 10885 11041 11039
f 10887 10889 11043
f 10887 11043 11041
f 10889 10891 11045
f 10889 11045 11043
f 10891 10893 11047
f 10891 11047 11045
f 10893 10895 11049
f 10893 11049 11047
f 10895 10897 11051
f 10895 11051 11049
f 10897 10899 11053
f 10897 11053 11051
f 10899 10901 11055
f 10899 11055 11053
f 10901 10903 11057
f 10901 11057 11055
f 10903 10905 11059
f 10903 11059 11057
f 10905 10907 11061
f 10905 11061 11059
f 10907 10909 11063
f 10907 11063 11061
f 10909 10911 11065
f 10909 11065 11063
f 10911 10913 11067
f 10911 11067 11065
f 10913 10915 11069
f 10913 11069 11067
f 10915 10917 11071
f 10915 11071 11069
f 10917 10919 11073
f 10917 11073 11071
f 10919 10921 11075
f 10919 11075 11073
f 10921 10923 11077
f 10921 11077 11075
f 10923 10925 11079
f 10923 11079 11077
f 10925 10927 11081
f 10925 11081 11079
f 10927 10929 11083
f 10927 11083 11081
f 10929 10931 11085
f 10929 11085 11083
f 10931 10933 11087
f 10931 11087 11085
f 10935 10937 11091
f 10935 11091 11089
f 10937 10939 11093
f 10937 11093 11091
f 10939 10941 11095
f 10939 11095 11093
f 10941 10943 11097
f 10941 11097 11095
f 10943 10945 11099
f 10943 11099 11097
f 10945 10947 11101
f 10945 11101 11099
f 10947 10949 11103
f 10947 11103 11101
f 10949 10951 11105
f 10949 11105 11103
f 10951 10953 11107
f 10951 11107 11105
f 10953 10955 11109
f 10953 11109 11107
f 10955 10957 11111
f 10955 11111 11109
f 10957 10959 11113
f 10957 11113 11111
f 10959 10961 11115
f 10959 11115 11113
f 10961 10963 11117
f 10961 11117 11115
f 10963 10965 11119
f 10963 11119 11117
f 10965 10967 11121
f 10965 11121 11119
f 10967 10969 11123
f 10967 11123 11121
f 10969 10971 11125
f 10969 11125 11123
f 10971 10973 11127
f 10971 11127 11125
f 10973 10975 11129
f 10973 11129 11127
f 10975 10977 11131
f 10975 11131 11129
f 10977 10979 11133
f 10977 11133 11131
f 10979 10981 11135
f 10979 11135 11133
f 10981 10983 11137
f 10981 11137 11135
f 10983 10985 11139
f 10983 11139 11137
f 10985 10987 11141
f 10985 11141 11139
f 10987 10989 11143
f 10987 11143 11141
f 10989 10991 11145
f 10989 11145 11143
f 10991 10993 11147
f 10991 11147 11145
f 10993 10995 11149
f 10993 11149 11147
f 10995 10997 11151
f 10995 11151 11149
f 10997 10999 11153
f 10997 11153 11151
f 10999 11001 11155
f 10999 11155 11153
f 11001 11003 11157
f 11001 11157 11155
f 11003 11005 11159
f 11003 11159 11157
f 11005 11007 11161
f 11005 11161 11159
f 11007 11009 11163
f 11007 11163 11161
f 11009 11011 11165
f 11009 11165 11163
f 11011 11013 11167
f 11011 11167 11165
f 11013 11015 11169
f 11013 11169 11167
f 11015 11017 11171
f 11015 11171 11169
f 11017 11019 11173
f 11017 11173 11171
f 11019 11021 11175
f 11019 11175 11173
f 11021 11023 11177
f 11021 11177 11175
f 11023 11025 11179
f 11023 11179 11177
f 11025 11027 11181
f 11025 11181 11179
f 11027 11029 11183
f 11027 11183 11181
f 11029 11031 11185
f 11029 11185 11183
f 11031 11033 11187
f 11031 11187 11185
f 11033 11035 11189
f 11033 11189 11187
f 11035 11037 11191
f 11035 11191 11189
f 11037 11039 11193
f 11037 11193 11191
f 11039 11041 11195
f 11039 11195 11193
f 11041 11043 11197
f 11041 11197 11195
f 11043 11045 11199
f 11043 11199 11197
f 11045 11047 11201
f 11045 11201 11199
f 11047 11049 11203
f 11047 11203 11201
f 11049 11051 11205
f 11049 11205 11203
f 11051 11053 11207
f 11051 11207 11205
f 11053 11055 11209
f 11053 11209 11207
f 11055 11057 11211
f 11055 11211 11209
f 11057 11059 11213
f 11057 11213 11211
f 11059 11061 11215
f 11059 11215 11213
f 11061 11063 11217
f 11061 11217 11215
f 11063 11065 11219
f 11063 11219 11217
f 11065 11067 11221
f 11065 11221 11219
f 11067 11069 11223
f 11067 11223 11221
f 11069 11071 11225
f 11069 11225 11223
f 11071 11073 11227
f 11071 11227 11225
f 11073 11075 11229
f 11073 11229 11227
f 11075 11077 11231
f 11075 11231 11229
f 11077 11079 11233
f 11077 11233 11231
f 11079 11081 11235
f 11079 11235 11233
f 11081 11083 11237
f 11081 11237 11235
f 11083 11085 11239
f 11083 11239 11237
f 11085 11087 11241
f 11085 11241 11239
f 11089 11091 11245
f 11089 11245 11243
f 11091 11093 11247
f 11091 11247 11245
f 11093 11095 11249
f 11093 11249 11247
f 11095 11097 11251
f 11095 11251 11249
f 11097 11099 11253
f 11097 11253 11251
f 11099 11101 11255
f 11099 11255 11253
f 11101 11103 11257
f 11101 11257 11255
f 11103 11105 11259
f 11103 11259 11257
f 11105 11107 11261
f 11105 11261 11259
f 11107 11109 11263
f 11107 11263 11261
f 11109 11111 11265
f 11109 11265 11263
f 11111 11113 11267
f 11111 11267 11265
f 11113 11115 11269
f 11113 11269 11267
f 11115 11117 11271
f 11115 11271 11269
f 11117 11119 11273
f 11117 11273 11271
f 11119 11121 11275
f 11119 11275 11273
f 11121 11123 11277
f 11121 11277 11275
f 11123 11125 11279
f 11123 11279 11277
f 11125 11127 11281
f 11125 11281 11279
f 11127 11129 11283
f 11127 11283 11281
f 11129 11131 11285
f 11129 11285 11283
f 11131 11133 11287
f 11131 11287 11285
f 11133 11135 11289
f 11133 11289 11287
f 11135 11137 11291
f 11135 11291 11289
f 11137 11139 11293
f 11137 11293 11291
f 11139 11141 11295
f 11139 11295 11293
f 11141 11143 11297
f 11141 11297 11295
f 11143 11145 11299
f 11143 11299 11297
f 11145 11147 11301
f 11145 11301 11299
f 11147 11149 11303
f 11147 11303 11301
f 11149 11151 11305
f 11149 11305 11303
f 11151 11153 11307
f 11151 11307 11305
f 11153 11155 11309
f 11153 11309 11307
f 11155 11157 11311
f 11155 11311 11309
f 11157 11159 11313
f 11157 11313 11311
f 11159 11161 11315
f 11159 11315 11313
f 11161 11163 11317
f 11161 11317 11315
f 11163 11165 11319
f 11163 11319 11317
f 11165 11167 11321
f 11165 11321 11319
f 11167 11169 11323
f 11167 11323 11321
f 11169 11171 11325
f 11169 11325 11323
f 11171 11173 11327
f 11171 11327 11325
f 11173 11175 11329
f 11173 11329 11327
f 11175 11177 11331
f 11175 11331 11329
f 11177 11179 11333
f 11177 11333 11331
f 11179 11181 11335
f 11179 11335 11333
f 11181 11183 11337
f 11181 11337 11335
f 11183 11185 11339
f 11183 11339 11337
f 11185 11187 11341
f 11185 11341 11339
f 11187 11189 11343
f 11187 11343 11341
f 11189 11191 11345
f 11189 11345 11343
f 11191 11193 11347
f 11191 11347 11345
f 11193 11195 11349
f 11193 11349 11347
f 11195 11197 11351
f 11195 11351 11349
f 11197 11199 11353
f 11197 11353 11351
f 11199 11201 11355
f 11199 11355 11353
f 11201 11203 11357
f 11201 11357 11355
f 11203 11205 11359
f 11203 11359 11357
f 11205 11207 11361
f 11205 11361 11359
f 11207 11209 11363
f 11207 11363 11361
f 11209 11211 11365
f 11209 11365 11363
f 11211 11213 11367
f 11211 11367 11365
f 11213 11215 11369
f 11213 11369 11367
f 11215 11217 11371
f 11215 11371 11369
f 11217 11219 11373
f 11217 11373 11371
f 11219 11221 11375
f 11219 11375 11373
f 11221 11223 11377
f 11221 11377 11375
f 11223 11225 11379
f 11223 11379 11377
f 11225 11227 11381
f 11225 11381 11379
f 11227 11229 11383
f 11227 11383 11381
f 11229 11231 11385
f 11229 11385 11383
f 11231 11233 11387
f 11231 11387 11385
f 11233 11235 11389
f 11233 11389 11387
f 11235 11237 11391
f 11235 11391 11389
f 11237 11239 11393
f 11237 11393 11391
f 11239 11241 11395
f 11239 11395 11393
f 11243 11245 11399
f 11243 11399 11397
f 11245 11247 11401
f 11245 11401 11399
f 11247 11249 11403
f 11247 11403 11401
f 11249 11251 11405
f 11249 11405 11403
f 11251 11253 11407
f 11251 11407 11405
f 11253 11255 11409
f 11253 11409 11407
f 11255 11257 11411
f 11255 11411 11409
f 11257 11259 11413
f 11257 11413 11411
f 11259 11261 11415
f 11259 11415 11413
f 11261 11263 11417
f 11261 11417 11415
f 11263 11265 11419
f 11263 11419 11417
f 11265 11267 11421
f 11265 11421 11419
f 11267 11269 11423
f 11267 11423 11421
f 11269 11271 11425
f 11269 11425 11423
f 11271 11273 11427
f 11271 11427 11425
f 11273 11275 11429
f 11273 11429 11427
f 11275 11277 11431
f 11275 11431 11429
f 11277 11279 11433
f 11277 11433 11431
f 11279 11281 11435
f 11279 11435 11433
f 11281 11283 11437
f 11281 11437 11435
f 11283 11285 11439
f 11283 11439 11437
f 11285 11287 11441
f 11285 11441 11439
f 11287 11289 11443
f 11287 11443 11441
f 11289 11291 11445
f 11289 11445 11443
f 11291 11293 11447
f 11291 11447 11445
f 11293 11295 11449
f 11293 11449 11447
f 11295 11297 11451
f 11295 11451 11449
f 11297 11299 11453
f 11297 11453 11451
f 11299 11301 11455
f 11299 11455 11453
f 11301 11303 11457
f 11301 11457 11455
f 11303 11305 11459
f 11303 11459 11457
f 11305 11307 11461
f 11305 11461 11459
f 11307 11309 11463
f 11307 11463 11461
f 11309 11311 11465
f 11309 11465 11463
f 11311 11313 11467
f 11311 11467 11465
f 11313 11315 11469
f 11313 11469 11467
f 11315 11317 11471
f 11315 11471 11469
f 11317 11319 11473
f 11317 11473 11471
f 11319 11321 11475
f 11319 11475 11473
f 11321 11323 11477
f 11321 11477 11475
f 11323 11325 11479
f 11323 11479 11477
f 11325 11327 11481
f 11325 11481 11479
f 11327 11329 11483
f 11327 11483 11481
f 11329 11331 11485
f 11329 11485 11483
f 11331 11333 11487
f 11331 11487 11485
f 11333 11335 11489
f 11333 11489 11487
f 11335 11337 11491
f 11335 11491 11489
f 11337 11339 11493
f 11337 11493 11491
f 11339 11341 11495
f 11339 11495 11493
f 11341 11343 11497
f 11341 11497 11495
f 11343 11345 11499
f 11343 11499 11497
f 11345 11347 11501
f 11345 11501 11499
f 11347 11349 11503
f 11347 11503 11501
f 11349 11351 11505
f 11349 11505 11503
f 11351 11353 11507
f 11351 11507 11505
f 11353 11355 11509
f 11353 11509 11507
f 11355 11357 11511
f 11355 11511 11509
f 11357 11359 11513
f 11357 11513 11511
f 11359 11361 11515
f 11359 11515 11513
f 11361 11363 11517
f 11361 11517 11515
f 11363 11365 11519
f 11363 11519 11517
f 11365 11367 11521
f 11365 11521 11519
f 11367 11369 11523
f 11367 11523 11521
f 11369 11371 11525
f 11369 11525 11523
f 11371 11373 11527
f 11371 11527 11525
f 11373 11375 11529
f 11373 11529 11527
f 11375 11377 11531
f 11375 11531 11529
f 11377 11379 11533
f 11377 11533 11531
f 11379 11381 11535
f 11379 11535 11533
f 11381 11383 11537
f 11381 11537 11535
f 11383 11385 11539
f 11383 11539 11537
f 11385 11387 11541
f 11385 11541 11539
f 11387 11389 11543
f 11387 11543 11541
f 11389 11391 11545
f 11389 11545 11543
f 11391 11393 11547
f 11391 11547 11545
f 11393 11395 11549
f 11393 11549 11547
f 11397 11399 11553
f 11397 11553 11551
f 11399 11401 11555
f 11399 11555 11553
f 11401 11403 11557
f 11401 11557 11555
f 11403 11405 11559
f 11403 11559 11557
f 11405 11407 11561
f 11405 11561 11559
f 11407 11409 11563
f 11407 11563 11561
f 11409 11411 11565
f 11409 11565 11563
f 11411 11413 11567
f 11411 11567 11565
f 11413 11415 11569
f 11413 11569 11567
f 11415 11417 11571
f 11415 11571 11569
f 11417 11419 11573
f 11417 11573 11571
f 11419 11421 11575
f 11419 11575 11573
f 11421 11423 11577
f 11421 11577 11575
f 11423 11425 11579
f 11423 11579 11577
f 11425 11427 11581
f 11425 11581 11579
f 11427 11429 11583
f 11427 11583 11581
f 11429 11431 11585
f 11429 11585 11583
f 11431 11433 11587
f 11431 11587 11585
f 11433 11435 11589
f 11433 11589 11587
f 11435 11437 11591
f 11435 11591 11589
f 11437 11439 11593
f 11437 11593 11591
f 11439 11441 11595
f 11439 11595 11593
f 11441 11443 11597
f 11441 11597 11595
f 11443 11445 11599
f 11443 11599 11597
f 11445 11447 11601
f 11445 11601 11599
f 11447 11449 11603
f 11447 11603 11601
f 11449 11451 11605
f 11449 11605 11603
f 11451 11453 11607
f 11451 11607 11605
f 11453 11455 11609
f 11453 11609 11607
f 11455 11457 11611
f 11455 11611 11609
f 11457 11459 11613
f 11457 11613 11611
f 11459 11461 11615
f 11459 11615 11613
f 11461 11463 11617
f 11461 11617 11615
f 11463 11465 11619
f 11463 11619 11617
f 11465 11467 11621
f 11465 11621 11619
f 11467 11469 11623
f 11467 11623 11621
f 11469 11471 11625
f 11469 11625 11623
f 11471 11473 11627
f 11471 11627 11625
f 11473 11475 11629
f 11473 11629 11627
f 11475 11477 11631
f 11475 11631 11629
f 11477 11479 11633
f 11477 11633 11631
f 11479 11481 11635
f 11479 11635 11633
f 11481 11483 11637
f 11481 11637 11635
f 11483 11485 11639
f 11483 11639 11637
f 11485 11487 11641
f 11485 11641 11639
f 11487 11489 11643
f 11487 11643 11641
f 11489 11491 11645
f 11489 11645 11643
f 11491 11493 11647
f 11491 11647 11645
f 11493 11495 11649
f 11493 11649 11647
f 11495 11497 11651
f 11495 11651 11649
f 11497 11499 11653
f 11497 11653 11651
f 11499 11501 11655
f 11499 11655 11653
f 11501 11503 11657
f 11501 11657 11655
f 11503 11505 11659
f 11503 11659 11657
f 11505 11507 11661
f 11505 11661 11659
f 11507 11509 11663
f 11507 11663 11661
f 11509 11511 11665
f 11509 11665 11663
f 11511 11513 11667
f 11511 11667 11665
f 11513 11515 11669
f 11513 11669 11667
f 11515 11517 11671
f 11515 11671 11669
f 11517 11519 11673
f 11517 11673 11671
f 11519 11521 11675
f 11519 11675 11673
f 11521 11523 11677
f 11521 11677 11675
f 11523 11525 11679
f 11523 11679 11677
f 11525 11527 11681
f 11525 11681 11679
f 11527 11529 11683
f 11527 11683 11681
f 11529 11531 11685
f 11529 11685 11683
f 11531 11533 11687
f 11531 11687 11685
f 11533 11535 11689
f 11533 11689 11687
f 11535 11537 11691
f 11535 11691 11689
f 11537 11539 11693
f 11537 11693 11691
f 11539 11541 11695
f 11539 11695 11693
f 11541 11543 11697
f 11541 11697 11695
f 11543 11545 11699
f 11543 11699 11697
f 11545 11547 11701
f 11545 11701 11699
f 11547 11549 11703
f 11547 11703 11701
f 11551 11553 11707
f 11551 11707 11705
f 11553 11555 11709
f 11553 11709 11707
f 11555 11557 11711
f 11555 11711 11709
f 11557 11559 11713
f 11557 11713 11711
f 11559 11561 11715
f 11559 11715 11713
f 11561 11563 11717
f 11561 11717 11715
f 11563 11565 11719
f 11563 11719 11717
f 11565 11567 11721
f 11565 11721 11719
f 11567 11569 11723
f 11567 11723 11721
f 11569 11571 11725
f 11569 11725 11723
f 11571 11573 11727
f 11571 11727 11725
f 11573 11575 11729
f 11573 11729 11727
f 11575 11577 11731
f 11575 11731 11729
f 11577 11579 11733
f 11577 11733 11731
f 11579 11581 11735
f 11579 11735 11733
f 11581 11583 11737
f 11581 11737 11735
f 11583 11585 11739
f 11583 11739 11737
f 11585 11587 11741
f 11585 11741 11739
f 11587 11589 11743
f 11587 11743 11741
f 11589 11591 11745
f 11589 11745 11743
f 11591 11593 11747
f 11591 11747 11745
f 11593 11595 11749
f 11593 11749 11747
f 11595 11597 11751
f 11595 11751 11749
f 11597 11599 11753
f 11597 11753 11751
f 11599 11601 11755
f 11599 11755 11753
f 11601 11603 11757
f 11601 11757 11755
f 11603 11605 11759
f 11603 11759 11757
f 11605 11607 11761
f 11605 11761 11759
f 11607 11609 11763
f 11607 11763 11761
f 11609 11611 11765
f 11609 11765 11763
f 11611 11613 11767
f 11611 11767 11765
f 11613 11615 11769
f 11613 11769 11767
f 11615 11617 11771
f 11615 11771 11769
f 11617 11619 11773
f 11617 11773 11771
f 11619 11621 11775
f 11619 11775 11773
f 11621 11623 11777
f 11621 11777 11775
f 11623 11625 11779
f 11623 11779 11777
f 11625 11627 11781
f 11625 11781 11779
f 11627 11629 11783
f 11627 11783 11781
f 11629 11631 11785
f 11629 11785 11783
f 11631 11633 11787
f 11631 11787 11785
f 11633 11635 11789
f 11633 11789 11787
f 11635 11637 11791
f 11635 11791 11789
f 11637 11639 11793
f 11637 11793 11791
f 11639 11641 11795
f 11639 11795 11793
f 11641 11643 11797
f 11641 11797 11795
f 11643 11645 11799
f 11643 11799 11797
f 11645 11647 11801
f 11645 11801 11799
f 11647 11649 11803
f 11647 11803 11801
f 11649 11651 11805
f 11649 11805 11803
f 11651 11653 11807
f 11651 11807 11805
f 11653 11655 11809
f 11653 11809 11807
f 11655 11657 11811
f 11655 11811 11809
f 11657 11659 11813
f 11657 11813 11811
f 11659 11661 11815
f 11659 11815 11813
f 11661 11663 11817
f 11661 11817 11815
f 11663 11665 11819
f 11663 11819 11817
f 11665 11667 11821
f 11665 11821 11819
f 11667 11669 11823
f 11667 11823 11821
f 11669 11671 11825
f 11669 11825 11823
f 11671 11673 11827
f 11671 11827 11825
f 11673 11675 11829
f 11673 11829 11827
f 11675 11677 11831
f 11675 11831 11829
f 11677 11679 11833
f 11677 11833 11831
f 11679 11681 11835
f 11679 11835 11833
f 11681 11683 11837
f 11681 11837 11835
f 11683 11685 11839
f 11683 11839 11837
f 11685 11687 11841
f 11685 11841 11839
f 11687 11689 11843
f 11687 11843 11841
f 11689 11691 11845
f 11689 11845 11843
f 11691 11693 11847
f 11691 11847 11845
f 11693 11695 11849
f 11693 11849 11847
f 11695 11697 11851
f 11695 11851 11849
f 11697 11699 11853
f 11697 11853 11851
f 11699 11701 11855
f 11699 11855 11853
f 11701 11703 11857
f 11701 11857 11855

g terrain_bottom
s off
f 2 156 158
f 2 158 4
f 4 158 160
f 4 160 6
f 6 160 162
f 6 162 8
f 8 162 164
f 8 164 10
f 10 164 166
f 10 166 12
f 12 166 168
f 12 168 14
f 14 168 170
f 14 170 16
f 16 170 172
f 16 172 18
f 18 172 174
f 18 174 20
f 20 174 176
f 20 176 22
f 22 176 178
f 22 178 24
f 24 178 180
f 24 180 26
f 26 180 182
f 26 182 28
f 28 182 184
f 28 184 30
f 30 184 186
f 30 186 32
f 32 186 188
f 32 188 34
f 34 188 190
f 34 190 36
f 36 190 192
f 36 192 38
f 38 192 194
f 38 194 40
f 40 194 196
f 40 196 42
f 42 196 198
f 42 198 44
f 44 198 200
f 44 200 46
f 46 200 202
f 46 202 48
f 48 202 204
f 48 204 50
f 50 204 206
f 50 206 52
f 52 206 208
f 52 208 54
f 54 208 210
f 54 210 56
f 56 210 212
f 56 212 58
f 58 212 214
f 58 214 60
f 60 214 216
f 60 216 62
f 62 216 218
f 62 218 64
f 64 218 220
f 64 220 66
f 66 220 222
f 66 222 68
f 68 222 224
f 68 224 70
f 70 224 226
f 70 226 72
f 72 226 228
f 72 228 74
f 74 228 230
f 74 230 76
f 76 230 232
f 76 232 78
f 78 232 234
f 78 234 80
f 80 234 236
f 80 236 82
f 82 236 238
f 82 238 84
f 84 238 240
f 84 240 86
f 86 240 242
f 86 242 88
f 88 242 244
f 88 244 90
f 90 244 246
f 90 246 92
f 92 246 248
f 92 248 94
f 94 248 250
f 94 250 96
f 96 250 252
f 96 252 98
f 98 252 254
f 98 254 100
f 100 254 256
f 100 256 102
f 102 256 258
f 102 258 104
f 104 258 260
f 104 260 106
f 106 260 262
f 106 262 108
f 108 262 264
f 108 264 110
f 110 264 266
f 110 266 112
f 112 266 268
f 112 268 114
f 114 268 270
f 114 270 116
f 116 270 272
f 116 272 118
f 118 272 274
f 118 274 120
f 120 274 276
f 120 276 122
f 122 276 278
f 122 278 124
f 124 278 280
f 124 280 126
f 126 280 282
f 126 282 128
f 128 282 284
f 128 284 130
f 130 284 286
f 130 286 132
f 132 286 288
f 132 288 134
f 134 288 290
f 134 290 136
f 136 290 292
f 136 292 138
f 138 292 294
f 138 294 140
f 140 294 296
f 140 296 142
f 142 296 298
f 142 298 144
f 144 298 300
f 144 300 146
f 146 300 302
f 146 302 148
f 148 302 304
f 148 304 150
f 150 304 306
f 150 306 152
f 152 306 308
f 152 308 154
f 156 310 312
f 156 312 158
f 158 312 314
f 158 314 160
f 160 314 316
f 160 316 162
f 162 316 318
f 162 318 164
f 164 318 320
f 164 320 166
f 166 320 322
f 166 322 168
f 168 322 324
f 168 324 170
f 170 324 326
f 170 326 172
f 172 326 328
f 172 328 174
f 174 328 330
f 174 330 176
f 176 330 332
f 176 332 178
f 178 332 334
f 178 334 180
f 180 334 336
f 180 336 182
f 182 336 338
f 182 338 184
f 184 338 340
f 184 340 186
f 186 340 342
f 186 342 188
f 188 342 344
f 188 344 190
f 190 344 346
f 190 346 192
f 192 346 348
f 192 348 194
f 194 348 350
f 194 350 196
f 196 350 352
f 196 352 198
f 198 352 354
f 198 354 200
f 200 354 356
f 200 356 202
f 202 356 358
f 202 358 204
f 204 358 360
f 204 360 206
f 206 360 362
f 206 362 208
f 208 362 364
f 208 364 210
f 210 364 366
f 210 366 212
f 212 366 368
f 212 368 214
f 214 368 370
f 214 370 216
f 216 370 372
f 216 372 218
f 218 372 374
f 218 374 220
f 220 374 376
f 220 376 222
f 222 376 378
f 222 378 224
f 224 378 380
f 224 380 226
f 226 380 382
f 226 382 228
f 228 382 384
f 228 384 230
f 230 384 386
f 230 386 232
f 232 386 388
f 232 388 234
f 234 388 390
f 234 390 236
f 236 390 392
f 236 392 238
f 238 392 394
f 238 394 240
f 240 394 396
f 240 396 242
f 242 396 398
f 242 398 244
f 244 398 400
f 244 400 246
f 246 400 402
f 246 402 248
f 248 402 404
f 248 404 250
f 250 404 406
f 250 406 252
f 252 406 408
f 252 408 254
f 254 408 410
f 254 410 256
f 256 410 412
f 256 412 258
f 258 412 414
f 258 414 260
f 260 414 416
f 260 416 262
f 262 416 418
f 262 418 264
f 264 418 420
f 264 420 266
f 266 420 422
f 266 422 268
f 268 422 424
f 268 424 270
f 270 424 426
f 270 426 272
f 272 426 428
f 272 428 274
f 274 428 430
f 274 430 276
f 276 430 432
f 276 432 278
f 278 432 434
f 278 434 280
f 280 434 436
f 280 436 282
f 282 436 438
f 282 438 284
f 284 438 440
f 284 440 286
f 286 440 442
f 286 442 288
f 288 442 444
f 288 444 290
f 290 444 446
f 290 446 292
f 292 446 448
f 292 448 294
f 294 448 450
f 294 450 296
f 296 450 452
f 296 452 298
f 298 452 454
f 298 454 300
f 300 454 456
f 300 456 302
f 302 456 458
f 302 458 304
f 304 458 460
f 304 460 306
f 306 460 462
f 306 462 308
f 310 464 466
f 310 466 312
f 312 466 468
f 312 468 314
f 314 468 470
f 314 470 316
f 316 470 472
f 316 472 318
f 318 472 474
f 318 474 320
f 320 474 476
f 320 476 322
f 322 476 478
f 322 478 324
f 324 478 480
f 324 480 326
f 326 480 482
f 326 482 328
f 328 482 484
f 328 484 330
f 330 484 486
f 330 486 332
f 332 486 488
f 332 488 334
f 334 488 490
f 334 490 336
f 336 490 492
f 336 492 338
f 338 492 494
f 338 494 340
f 340 494 496
f 340 496 342
f 342 496 498
f 342 498 344
f 344 498 500
f 344 500 346
f 346 500 502
f 346 502 348
f 348 502 504
f 348 504 350
f 350 504 506
f 350 506 352
f 352 506 508
f 352 508 354
f 354 508 510
f 354 510 356
f 356 510 512
f 356 512 358
f 358 512 514
f 358 514 360
f 360 514 516
f 360 516 362
f 362 516 518
f 362 518 364
f 364 518 520
f 364 520 366
f 366 520 522
f 366 522 368
f 368 522 524
f 368 524 370
f 370 524 526
f 370 526 372
f 372 526 528
f 372 528 374
f 374 528 530
f 374 530 376
f 376 530 532
f 376 532 378
f 378 532 534
f 378 534 380
f 380 534 536
f 380 536 382
f 382 536 538
f 382 538 384
f 384 538 540
f 384 540 386
f 386 540 542
f 386 542 388
f 388 542 544
f 388 544 390
f 390 544 546
f 390 546 392
f 392 546 548
f 392 548 394
f 394 548 550
f 394 550 396
f 396 550 552
f 396 552 398
f 398 552 554
f 398 554 400
f 400 554 556
f 400 556 402
f 402 556 558
f 402 558 404
f 404 558 560
f 404 560 406
f 406 560 562
f 406 562 408
f 408 562 564
f 408 564 410
f 410 564 566
f 410 566 412
f 412 566 568
f 412 568 414
f 414 568 570
f 414 570 416
f 416 570 572
f 416 572 418
f 418 572 574
f 418 574 420
f 420 574 576
f 420 576 422
f 422 576 578
f 422 578 424
f 424 578 580
f 424 580 426
f 426 580 582
f 426 582 428
f 428 582 584
f 428 584 430
f 430 584 586
f 430 586 432
f 432 586 588
f 432 588 434
f 434 588 590
f 434 590 436
f 436 590 592
f 436 592 438
f 438 592 594
f 438 594 440
f 440 594 596
f 440 596 442
f 442 596 598
f 442 598 444
f 444 598 600
f 444 600 446
f 446 600 602
f 446 602 448
f 448 602 604
f 448 604 450
f 450 604 606
f 450 606 452
f 452 606 608
f 452 608 454
f 454 608 610
f 454 610 456
f 456 610 612
f 456 612 458
f 458 612 614
f 458 614 460
f 460 614 616
f 460 616 462
f 464 618 620
f 464 620 466
f 466 620 622
f 466 622 468
f 468 622 624
f 468 624 470
f 470 624 626
f 470 626 472
f 472 626 628
f 472 628 474
f 474 628 630
f 474 630 476
f 476 630 632
f 476 632 478
f 478 632 634
f 478 634 480
f 480 634 636
f 480 636 482
f 482 636 638
f 482 638 484
f 484 638 640
f 484 640 486
f 486 640 642
f 486 642 488
f 488 642 644
f 488 644 490
f 490 644 646
f 490 646 492
f 492 646 648
f 492 648 494
f 494 648 650
f 494 650 496
f 496 650 652
f 496 652 498
f 498 652 654
f 498 654 500
f 500 654 656
f 500 656 502
f 502 656 658
f 502 658 504
f 504 658 660
f 504 660 506
f 506 660 662
f 506 662 508
f 508 662 664
f 508 664 510
f 510 664 666
f 510 666 512
f 512 666 668
f 512 668 514
f 514 668 670
f 514 670 516
f 516 670 672
f 516 672 518
f 518 672 674
f 518 674 520
f 520 674 676
f 520 676 522
f 522 676 678
f 522 678 524
f 524 678 680
f 524 680 526
f 526 680 682
f 526 682 528
f 528 682 684
f 528 684 530
f 530 684 686
f 530 686 532
f 532 686 688
f 532 688 534
f 534 688 690
f 534 690 536
f 536 690 692
f 536 692 538
f 538 692 694
f 538 694 540
f 540 694 696
f 540 696 542
f 542 696 698
f 542 698 544
f 544 698 700
f 544 700 546
f 546 700 702
f 546 702 548
f 548 702 704
f 548 704 550
f 550 704 706
f 550 706 552
f 552 706 708
f 552 708 554
f 554 708 710
f 554 710 556
f 556 710 712
f 556 712 558
f 558 712 714
f 558 714 560
f 560 714 716
f 560 716 562
f 562 716 718
f 562 718 564
f 564 718 720
f 564 720 566
f 566 720 722
f 566 722 568
f 568 722 724
f 568 724 570
f 570 724 726
f 570 726 572
f 572 726 728
f 572 728 574
f 574 728 730
f 574 730 576
f 576 730 732
f 576 732 578
f 578 732 734
f 578 734 580
f 580 734 736
f 580 736 582
f 582 736 738
f 582 738 584
f 584 738 740
f 584 740 586
f 586 740 742
f 586 742 588
f 588 742 744
f 588 744 590
f 590 744 746
f 590 746 592
f 592 746 748
f 592 748 594
f 594 748 750
f 594 750 596
f 596 750 752
f 596 752 598
f 598 752 754
f 598 754 600
f 600 754 756
f 600 756 602
f 602 756 758
f 602 758 604
f 604 758 760
f 604 760 606
f 606 760 762
f 606 762 608
f 608 762 764
f 608 764 610
f 610 764 766
f 610 766 612
f 612 766 768
f 612 768 614
f 614 768 770
f 614 770 616
f 618 772 774
f 618 774 620
f 620 774 776
f 620 776 622
f 622 776 778
f 622 778 624
f 624 778 780
f 624 780 626
f 626 780 782
f 626 782 628
f 628 782 784
f 628 784 630
f 630 784 786
f 630 786 632
f 632 786 788
f 632 788 634
f 634 788 790
f 634 790 636
f 636 790 792
f 636 792 638
f 638 792 794
f 638 794 640
f 640 794 796
f 640 796 642
f 642 796 798
f 642 798 644
f 644 798 800
f 644 800 646
f 646 800 802
f 646 802 648
f 648 802 804
f 648 804 650
f 650 804 806
f 650 806 652
f 652 806 808
f 652 808 654
f 654 808 810
f 654 810 656
f 656 810 812
f 656 812 658
f 658 812 814
f 658 814 660
f 660 814 816
f 660 816 662
f 662 816 818
f 662 818 664
f 664 818 820
f 664 820 666
f 666 820 822
f 666 822 668
f 668 822 824
f 668 824 670
f 670 824 826
f 670 826 672
f 672 826 828
f 672 828 674
f 674 828 830
f 674 830 676
f 676 830 832
f 676 832 678
f 678 832 834
f 678 834 680
f 680 834 836
f 680 836 682
f 682 836 838
f 682 838 684
f 684 838 840
f 684 840 686
f 686 840 842
f 686 842 688
f 688 842 844
f 688 844 690
f 690 844 846
f 690 846 692
f 692 846 848
f 692 848 694
f 694 848 850
f 694 850 696
f 696 850 852
f 696 852 698
f 698 852 854
f 698 854 700
f 700 854 856
f 700 856 702
f 702 856 858
f 702 858 704
f 704 858 860
f 704 860 706
f 706 860 862
f 706 862 708
f 708 862 864
f 708 864 710
f 710 864 866
f 710 866 712
f 712 866 868
f 712 868 714
f 714 868 870
f 714 870 716
f 716 870 872
f 716 872 718
f 718 872 874
f 718 874 720
f 720 874 876
f 720 876 722
f 722 876 878
f 722 878 724
f 724 878 880
f 724 880 726
f 726 880 882
f 726 882 728
f 728 882 884
f 728 884 730
f 730 884 886
f 730 886 732
f 732 886 888
f 732 888 734
f 734 888 890
f 734 890 736
f 736 890 892
f 736 892 738
f 738 892 894
f 738 894 740
f 740 894 896
f 740 896 742
f 742 896 898
f 742 898 744
f 744 898 900
f 744 900 746
f 746 900 902
f 746 902 748
f 748 902 904
f 748 904 750
f 750 904 906
f 750 906 752
f 752 906 908
f 752 908 754
f 754 908 910
f 754 910 756
f 756 910 912
f 756 912 758
f 758 912 914
f 758 914 760
f 760 914 916
f 760 916 762
f 762 916 918
f 762 918 764
f 764 918 920
f 764 920 766
f 766 920 922
f 766 922 768
f 768 922 924
f 768 924 770
f 772 926 928
f 772 928 774
f 774 928 930
f 774 930 776
f 776 930 932
f 776 932 778
f 778 932 934
f 778 934 780
f 780 934 936
f 780 936 782
f 782 936 938
f 782 938 784
f 784 938 940
f 784 940 786
f 786 940 942
f 786 942 788
f 788 942 944
f 788 944 790
f 790 944 946
f 790 946 792
f 792 946 948
f 792 948 794
f 794 948 950
f 794 950 796
f 796 950 952
f 796 952 798
f 798 952 954
f 798 954 800
f 800 954 956
f 800 956 802
f 802 956 958
f 802 958 804
f 804 958 960
f 804 960 806
f 806 960 962
f 806 962 808
f 808 962 964
f 808 964 810
f 810 964 966
f 810 966 812
f 812 966 968
f 812 968 814
f 814 968 970
f 814 970 816
f 816 970 972
f 816 972 818
f 818 972 974
f 818 974 820
f 820 974 976
f 820 976 822
f 822 976 978
f 822 978 824
f 824 978 980
f 824 980 826
f 826 980 982
f 826 982 828
f 828 982 984
f 828 984 830
f 830 984 986
f 830 986 832
f 832 986 988
f 832 988 834
f 834 988 990
f 834 990 836
f 836 990 992
f 836 992 838
f 838 992 994
f 838 994 840
f 840 994 996
f 840 996 842
f 842 996 998
f 842 998 844
f 844 998 1000
f 844 1000 846
f 846 1000 1002
f 846 1002 848
f 848 1002 1004
f 848 1004 850
f 850 1004 1006
f 850 1006 852
f 852 1006 1008
f 852 1008 854
f 854 1008 1010
f 854 1010 856
f 856 1010 1012
f 856 1012 858
f 858 1012 1014
f 858 1014 860
f 860 1014 1016
f 860 1016 862
f 862 1016 1018
f 862 1018 864
f 864 1018 1020
f 864 1020 866
f 866 1020 1022
f 866 1022 868
f 868 1022 1024
f 868 1024 870
f 870 1024 1026
f 870 1026 872
f 872 1026 1028
f 872 1028 874
f 874 1028 1030
f 874 1030 876
f 876 1030 1032
f 876 1032 878
f 878 1032 1034
f 878 1034 880
f 880 1034 1036
f 880 1036 882
f 882 1036 1038
f 882 1038 884
f 884 1038 1040
f 884 1040 886
f 886 1040 1042
f 886 1042 888
f 888 1042 1044
f 888 1044 890
f 890 1044 1046
f 890 1046 892
f 892 1046 1048
f 892 1048 894
f 894 1048 1050
f 894 1050 896
f 896 1050 1052
f 896 1052 898
f 898 1052 1054
f 898 1054 900
f 900 1054 1056
f 900 1056 902
f 902 1056 1058
f 902 1058 904
f 904 1058 1060
f 904 1060 906
f 906 1060 1062
f 906 1062 908
f 908 1062 1064
f 908 1064 910
f 910 1064 1066
f 910 1066 912
f 912 1066 1068
f 912 1068 914
f 914 1068 1070
f 914 1070 916
f 916 1070 1072
f 916 1072 918
f 918 1072 1074
f 918 1074 920
f 920 1074 1076
f 920 1076 922
f 922 1076 1078
f 922 1078 924
f 926 1080 1082
f 926 1082 928
f 928 1082 1084
f 928 1084 930
f 930 1084 1086
f 930 1086 932
f 932 1086 1088
f 932 1088 934
f 934 1088 1090
f 934 1090 936
f 936 1090 1092
f 936 1092 938
f 938 1092 1094
f 938 1094 940
f 940 1094 1096
f 940 1096 942
f 942 1096 1098
f 942 1098 944
f 944 1098 1100
f 944 1100 946
f 946 1100 1102
f 946 1102 948
f 948 1102 1104
f 948 1104 950
f 950 1104 1106
f 950 1106 952
f 952 1106 1108
f 952 1108 954
f 954 1108 1110
f 954 1110 956
f 956 1110 1112
f 956 1112 958
f 958 1112 1114
f 958 1114 960
f 960 1114 1116
f 960 1116 962
f 962 1116 1118
f 962 1118 964
f 964 1118 1120
f 964 1120 966
f 966 1120 1122
f 966 1122 968
f 968 1122 1124
f 968 1124 970
f 970 1124 1126
f 970 1126 972
f 972 1126 1128
f 972 1128 974
f 974 1128 1130
f 974 1130 976
f 976 1130 1132
f 976 1132 978
f 978 1132 1134
f 978 1134 980
f 980 1134 1136
f 980 1136 982
f 982 1136 1138
f 982 1138 984
f 984 1138 1140
f 984 1140 986
f 986 1140 1142
f 986 1142 988
f 988 1142 1144
f 988 1144 990
f 990 1144 1146
f 990 1146 992
f 992 1146 1148
f 992 1148 994
f 994 1148 1150
f 994 1150 996
f 996 1150 1152
f 996 1152 998
f 998 1152 1154
f 998 1154 1000
f 1000 1154 1156
f 1000 1156 1002
f 1002 1156 1158
f 1002 1158 1004
f 1004 1158 1160
f 1004 1160 1006
f 1006 1160 1162
f 1006 1162 1008
f 1008 1162 1164
f 1008 1164 1010
f 1010 1164 1166
f 1010 1166 1012
f 1012 1166 1168
f 1012 1168 1014
f 1014 1168 1170
f 1014 1170 1016
f 1016 1170 1172
f 1016 1172 1018
f 1018 1172 1174
f 1018 1174 1020
f 1020 1174 1176
f 1020 1176 1022
f 1022 1176 1178
f 1022 1178 1024
f 1024 1178 1180
f 1024 1180 1026
f 1026 1180 1182
f 1026 1182 1028
f 1028 1182 1184
f 1028 1184 1030
f 1030 1184 1186
f 1030 1186 1032
f 1032 1186 1188
f 1032 1188 1034
f 1034 1188 1190
f 1034 1190 1036
f 1036 1190 1192
f 1036 1192 1038
f 1038 1192 1194
f 1038 1194 1040
f 1040 1194 1196
f 1040 1196 1042
f 1042 1196 1198
f 1042 1198 1044
f 1044 1198 1200
f 1044 1200 1046
f 1046 1200 1202
f 1046 1202 1048
f 1048 1202 1204
f 1048 1204 1050
f 1050 1204 1206
f 1050 1206 1052
f 1052 1206 1208
f 1052 1208 1054
f 1054 1208 1210
f 1054 1210 1056
f 1056 1210 1212
f 1056 1212 1058
f 1058 1212 1214
f 1058 1214 1060
f 1060 1214 1216
f 1060 1216 1062
f 1062 1216 1218
f 1062 1218 1064
f 1064 1218 1220
f 1064 1220 1066
f 1066 1220 1222
f 1066 1222 1068
f 1068 1222 1224
f 1068 1224 1070
f 1070 1224 1226
f 1070 1226 1072
f 1072 1226 1228
f 1072 1228 1074
f 1074 1228 1230
f 1074 1230 1076
f 1076 1230 1232
f 1076 1232 1078
f 1080 1234 1236
f 1080 1236 1082
f 1082 1236 1238
f 1082 1238 1084
f 1084 1238 1240
f 1084 1240 1086
f 1086 1240 1242
f 1086 1242 1088
f 1088 1242 1244
f 1088 1244 1090
f 1090 1244 1246
f 1090 1246 1092
f 1092 1246 1248
f 1092 1248 1094
f 1094 1248 1250
f 1094 1250 1096
f 1096 1250 1252
f 1096 1252 1098
f 1098 1252 1254
f 1098 1254 1100
f 1100 1254 1256
f 1100 1256 1102
f 1102 1256 1258
f 1102 1258 1104
f 1104 1258 1260
f 1104 1260 1106
f 1106 1260 1262
f 1106 1262 1108
f 1108 1262 1264
f 1108 1264 1110
f 1110 1264 1266
f 1110 1266 1112
f 1112 1266 1268
f 1112 1268 1114
f 1114 1268 1270
f 1114 1270 1116
f 1116 1270 1272
f 1116 1272 1118
f 1118 1272 1274
f 1118 1274 1120
f 1120 1274 1276
f 1120 1276 1122
f 1122 1276 1278
f 1122 1278 1124
f 1124 1278 1280
f 1124 1280 1126
f 1126 1280 1282
f 1126 1282 1128
f 1128 1282 1284
f 1128 1284 1130
f 1130 1284 1286
f 1130 1286 1132
f 1132 1286 1288
f 1132 1288 1134
f 1134 1288 1290
f 1134 1290 1136
f 1136 1290 1292
f 1136 1292 1138
f 1138 1292 1294
f 1138 1294 1140
f 1140 1294 1296
f 1140 1296 1142
f 1142 1296 1298
f 1142 1298 1144
f 1144 1298 1300
f 1144 1300 1146
f 1146 1300 1302
f 1146 1302 1148
f 1148 1302 1304
f 1148 1304 1150
f 1150 1304 1306
f 1150 1306 1152
f 1152 1306 1308
f 1152 1308 1154
f 1154 1308 1310
f 1154 1310 1156
f 1156 1310 1312
f 1156 1312 1158
f 1158 1312 1314
f 1158 1314 1160
f 1160 1314 1316
f 1160 1316 1162
f 1162 1316 1318
f 1162 1318 1164
f 1164 1318 1320
f 1164 1320 1166
f 1166 1320 1322
f 1166 1322 1168
f 1168 1322 1324
f 1168 1324 1170
f 1170 1324 1326
f 1170 1326 1172
f 1172 1326 1328
f 1172 1328 1174
f 1174 1328 1330
f 1174 1330 1176
f 1176 1330 1332
f 1176 1332 1178
f 1178 1332 1334
f 1178 1334 1180
f 1180 1334 1336
f 1180 1336 1182
f 1182 1336 1338
f 1182 1338 1184
f 1184 1338 1340
f 1184 1340 1186
f 1186 1340 1342
f 1186 1342 1188
f 1188 1342 1344
f 1188 1344 1190
f 1190 1344 1346
f 1190 1346 1192
f 1192 1346 1348
f 1192 1348 1194
f 1194 1348 1350
f 1194 1350 1196
f 1196 1350 1352
f 1196 1352 1198
f 1198 1352 1354
f 1198 1354 1200
f 1200 1354 1356
f 1200 1356 1202
f 1202 1356 1358
f 1202 1358 1204
f 1204 1358 1360
f 1204 1360 1206
f 1206 1360 1362
f 1206 1362 1208
f 1208 1362 1364
f 1208 1364 1210
f 1210 1364 1366
f 1210 1366 1212
f 1212 1366 1368
f 1212 1368 1214
f 1214 1368 1370
f 1214 1370 1216
f 1216 1370 1372
f 1216 1372 1218
f 1218 1372 1374
f 1218 1374 1220
f 1220 1374 1376
f 1220 1376 1222
f 1222 1376 1378
f 1222 1378 1224
f 1224 1378 1380
f 1224 1380 1226
f 1226 1380 1382
f 1226 1382 1228
f 1228 1382 1384
f 1228 1384 1230
f 1230 1384 1386
f 1230 1386 1232
f 1234 1388 1390
f 1234 1390 1236
f 1236 1390 1392
f 1236 1392 1238
f 1238 1392 1394
f 1238 1394 1240
f 1240 1394 1396
f 1240 1396 1242
f 1242 1396 1398
f 1242 1398 1244
f 1244 1398 1400
f 1244 1400 1246
f 1246 1400 1402
f 1246 1402 1248
f 1248 1402 1404
f 1248 1404 1250
f 1250 1404 1406
f 1250 1406 1252
f 1252 1406 1408
f 1252 1408 1254
f 1254 1408 1410
f 1254 1410 1256
f 1256 1410 1412
f 1256 1412 1258
f 1258 1412 1414
f 1258 1414 1260
f 1260 1414 1416
f 1260 1416 1262
f 1262 1416 1418
f 1262 1418 1264
f 1264 1418 1420
f 1264 1420 1266
f 1266 1420 1422
f 1266 1422 1268
f 1268 1422 1424
f 1268 1424 1270
f 1270 1424 1426
f 1270 1426 1272
f 1272 1426 1428
f 1272 1428 1274
f 1274 1428 1430
f 1274 1430 1276
f 1276 1430 1432
f 1276 1432 1278
f 1278 1432 1434
f 1278 1434 1280
f 1280 1434 1436
f 1280 1436 1282
f 1282 1436 1438
f 1282 1438 1284
f 1284 1438 1440
f 1284 1440 1286
f 1286 1440 1442
f 1286 1442 1288
f 1288 1442 1444
f 1288 1444 1290
f 1290 1444 1446
f 1290 1446 1292
f 1292 1446 1448
f 1292 1448 1294
f 1294 1448 1450
f 1294 1450 1296
f 1296 1450 1452
f 1296 1452 1298
f 1298 1452 1454
f 1298 1454 1300
f 1300 1454 1456
f 1300 1456 1302
f 1302 1456 1458
f 1302 1458 1304
f 1304 1458 1460
f 1304 1460 1306
f 1306 1460 1462
f 1306 1462 1308
f 1308 1462 1464
f 1308 1464 1310
f 1310 1464 1466
f 1310 1466 1312
f 1312 1466 1468
f 1312 1468 1314
f 1314 1468 1470
f 1314 1470 1316
f 1316 1470 1472
f 1316 1472 1318
f 1318 1472 1474
f 1318 1474 1320
f 1320 1474 1476
f 1320 1476 1322
f 1322 1476 1478
f 1322 1478 1324
f 1324 1478 1480
f 1324 1480 1326
f 1326 1480 1482
f 1326 1482 1328
f 1328 1482 1484
f 1328 1484 1330
f 1330 1484 1486
f 1330 1486 1332
f 1332 1486 1488
f 1332 1488 1334
f 1334 1488 1490
f 1334 1490 1336
f 1336 1490 1492
f 1336 1492 1338
f 1338 1492 1494
f 1338 1494 1340
f 1340 1494 1496
f 1340 1496 1342
f 1342 1496 1498
f 1342 1498 1344
f 1344 1498 1500
f 1344 1500 1346
f 1346 1500 1502
f 1346 1502 1348
f 1348 1502 1504
f 1348 1504 1350
f 1350 1504 1506
f 1350 1506 1352
f 1352 1506 1508
f 1352 1508 1354
f 1354 1508 1510
f 1354 1510 1356
f 1356 1510 1512
f 1356 1512 1358
f 1358 1512 1514
f 1358 1514 1360
f 1360 1514 1516
f 1360 1516 1362
f 1362 1516 1518
f 1362 1518 1364
f 1364 1518 1520
f 1364 1520 1366
f 1366 1520 1522
f 1366 1522 1368
f 1368 1522 1524
f 1368 1524 1370
f 1370 1524 1526
f 1370 1526 1372
f 1372 1526 1528
f 1372 1528 1374
f 1374 1528 1530
f 1374 1530 1376
f 1376 1530 1532
f 1376 1532 1378
f 1378 1532 1534
f 1378 1534 1380
f 1380 1534 1536
f 1380 1536 1382
f 1382 1536 1538
f 1382 1538 1384
f 1384 1538 1540
f 1384 1540 1386
f 1388 1542 1544
f 1388 1544 1390
f 1390 1544 1546
f 1390 1546 1392
f 1392 1546 1548
f 1392 1548 1394
f 1394 1548 1550
f 1394 1550 1396
f 1396 1550 1552
f 1396 1552 1398
f 1398 1552 1554
f 1398 1554 1400
f 1400 1554 1556
f 1400 1556 1402
f 1402 1556 1558
f 1402 1558 1404
f 1404 1558 1560
f 1404 1560 1406
f 1406 1560 1562
f 1406 1562 1408
f 1408 1562 1564
f 1408 1564 1410
f 1410 1564 1566
f 1410 1566 1412
f 1412 1566 1568
f 1412 1568 1414
f 1414 1568 1570
f 1414 1570 1416
f 1416 1570 1572
f 1416 1572 1418
f 1418 1572 1574
f 1418 1574 1420
f 1420 1574 1576
f 1420 1576 1422
f 1422 1576 1578
f 1422 1578 1424
f 1424 1578 1580
f 1424 1580 1426
f 1426 1580 1582
f 1426 1582 1428
f 1428 1582 1584
f 1428 1584 1430
f 1430 1584 1586
f 1430 1586 1432
f 1432 1586 1588
f 1432 1588 1434
f 1434 1588 1590
f 1434 1590 1436
f 1436 1590 1592
f 1436 1592 1438
f 1438 1592 1594
f 1438 1594 1440
f 1440 1594 1596
f 1440 1596 1442
f 1442 1596 1598
f 1442 1598 1444
f 1444 1598 1600
f 1444 1600 1446
f 1446 1600 1602
f 1446 1602 1448
f 1448 1602 1604
f 1448 1604 1450
f 1450 1604 1606
f 1450 1606 1452
f 1452 1606 1608
f 1452 1608 1454
f 1454 1608 1610
f 1454 1610 1456
f 1456 1610 1612
f 1456 1612 1458
f 1458 1612 1614
f 1458 1614 1460
f 1460 1614 1616
f 1460 1616 1462
f 1462 1616 1618
f 1462 1618 1464
f 1464 1618 1620
f 1464 1620 1466
f 1466 1620 1622
f 1466 1622 1468
f 1468 1622 1624
f 1468 1624 1470
f 1470 1624 1626
f 1470 1626 1472
f 1472 1626 1628
f 1472 1628 1474
f 1474 1628 1630
f 1474 1630 1476
f 1476 1630 1632
f 1476 1632 1478
f 1478 1632 1634
f 1478 1634 1480
f 1480 1634 1636
f 1480 1636 1482
f 1482 1636 1638
f 1482 1638 1484
f 1484 1638 1640
f 1484 1640 1486
f 1486 1640 1642
f 1486 1642 1488
f 1488 1642 1644
f 1488 1644 1490
f 1490 1644 1646
f 1490 1646 1492
f 1492 1646 1648
f 1492 1648 1494
f 1494 1648 1650
f 1494 1650 1496
f 1496 1650 1652
f 1496 1652 1498
f 1498 1652 1654
f 1498 1654 1500
f 1500 1654 1656
f 1500 1656 1502
f 1502 1656 1658
f 1502 1658 1504
f 1504 1658 1660
f 1504 1660 1506
f 1506 1660 1662
f 1506 1662 1508
f 1508 1662 1664
f 1508 1664 1510
f 1510 1664 1666
f 1510 1666 1512
f 1512 1666 1668
f 1512 1668 1514
f 1514 1668 1670
f 1514 1670 1516
f 1516 1670 1672
f 1516 1672 1518
f 1518 1672 1674
f 1518 1674 1520
f 1520 1674 1676
f 1520 1676 1522
f 1522 1676 1678
f 1522 1678 1524
f 1524 1678 1680
f 1524 1680 1526
f 1526 1680 1682
f 1526 1682 1528
f 1528 1682 1684
f 1528 1684 1530
f 1530 1684 1686
f 1530 1686 1532
f 1532 1686 1688
f 1532 1688 1534
f 1534 1688 1690
f 1534 1690 1536
f 1536 1690 1692
f 1536 1692 1538
f 1538 1692 1694
f 1538 1694 1540
f 1542 1696 1698
f 1542 1698 1544
f 1544 1698 1700
f 1544 1700 1546
f 1546 1700 1702
f 1546 1702 1548
f 1548 1702 1704
f 1548 1704 1550
f 1550 1704 1706
f 1550 1706 1552
f 1552 1706 1708
f 1552 1708 1554
f 1554 1708 1710
f 1554 1710 1556
f 1556 1710 1712
f 1556 1712 1558
f 1558 1712 1714
f 1558 1714 1560
f 1560 1714 1716
f 1560 1716 1562
f 1562 1716 1718
f 1562 1718 1564
f 1564 1718 1720
f 1564 1720 1566
f 1566 1720 1722
f 1566 1722 1568
f 1568 1722 1724
f 1568 1724 1570
f 1570 1724 1726
f 1570 1726 1572
f 1572 1726 1728
f 1572 1728 1574
f 1574 1728 1730
f 1574 1730 1576
f 1576 1730 1732
f 1576 1732 1578
f 1578 1732 1734
f 1578 1734 1580
f 1580 1734 1736
f 1580 1736 1582
f 1582 1736 1738
f 1582 1738 1584
f 1584 1738 1740
f 1584 1740 1586
f 1586 1740 1742
f 1586 1742 1588
f 1588 1742 1744
f 1588 1744 1590
f 1590 1744 1746
f 1590 1746 1592
f 1592 1746 1748
f 1592 1748 1594
f 1594 1748 1750
f 1594 1750 1596
f 1596 1750 1752
f 1596 1752 1598
f 1598 1752 1754
f 1598 1754 1600
f 1600 1754 1756
f 1600 1756 1602
f 1602 1756 1758
f 1602 1758 1604
f 1604 1758 1760
f 1604 1760 1606
f 1606 1760 1762
f 1606 1762 1608
f 1608 1762 1764
f 1608 1764 1610
f 1610 1764 1766
f 1610 1766 1612
f 1612 1766 1768
f 1612 1768 1614
f 1614 1768 1770
f 1614 1770 1616
f 1616 1770 1772
f 1616 1772 1618
f 1618 1772 1774
f 1618 1774 1620
f 1620 1774 1776
f 1620 1776 1622
f 1622 1776 1778
f 1622 1778 1624
f 1624 1778 1780
f 1624 1780 1626
f 1626 1780 1782
f 1626 1782 1628
f 1628 1782 1784
f 1628 1784 1630
f 1630 1784 1786
f 1630 1786 1632
f 1632 1786 1788
f 1632 1788 1634
f 1634 1788 1790
f 1634 1790 1636
f 1636 1790 1792
f 1636 1792 1638
f 1638 1792 1794
f 1638 1794 1640
f 1640 1794 1796
f 1640 1796 1642
f 1642 1796 1798
f 1642 1798 1644
f 1644 1798 1800
f 1644 1800 1646
f 1646 1800 1802
f 1646 1802 1648
f 1648 1802 1804
f 1648 1804 1650
f 1650 1804 1806
f 1650 1806 1652
f 1652 1806 1808
f 1652 1808 1654
f 1654 1808 1810
f 1654 1810 1656
f 1656 1810 1812
f 1656 1812 1658
f 1658 1812 1814
f 1658 1814 1660
f 1660 1814 1816
f 1660 1816 1662
f 1662 1816 1818
f 1662 1818 1664
f 1664 1818 1820
f 1664 1820 1666
f 1666 1820 1822
f 1666 1822 1668
f 1668 1822 1824
f 1668 1824 1670
f 1670 1824 1826
f 1670 1826 1672
f 1672 1826 1828
f 1672 1828 1674
f 1674 1828 1830
f 1674 1830 1676
f 1676 1830 1832
f 1676 1832 1678
f 1678 1832 1834
f 1678 1834 1680
f 1680 1834 1836
f 1680 1836 1682
f 1682 1836 1838
f 1682 1838 1684
f 1684 1838 1840
f 1684 1840 1686
f 1686 1840 1842
f 1686 1842 1688
f 1688 1842 1844
f 1688 1844 1690
f 1690 1844 1846
f 1690 1846 1692
f 1692 1846 1848
f 1692 1848 1694
f 1696 1850 1852
f 1696 1852 1698
f 1698 1852 1854
f 1698 1854 1700
f 1700 1854 1856
f 1700 1856 1702
f 1702 1856 1858
f 1702 1858 1704
f 1704 1858 1860
f 1704 1860 1706
f 1706 1860 1862
f 1706 1862 1708
f 1708 1862 1864
f 1708 1864 1710
f 1710 1864 1866
f 1710 1866 1712
f 1712 1866 1868
f 1712 1868 1714
f 1714 1868 1870
f 1714 1870 1716
f 1716 1870 1872
f 1716 1872 1718
f 1718 1872 1874
f 1718 1874 1720
f 1720 1874 1876
f 1720 1876 1722
f 1722 1876 1878
f 1722 1878 1724
f 1724 1878 1880
f 1724 1880 1726
f 1726 1880 1882
f 1726 1882 1728
f 1728 1882 1884
f 1728 1884 1730
f 1730 1884 1886
f 1730 1886 1732
f 1732 1886 1888
f 1732 1888 1734
f 1734 1888 1890
f 1734 1890 1736
f 1736 1890 1892
f 1736 1892 1738
f 1738 1892 1894
f 1738 1894 1740
f 1740 1894 1896
f 1740 1896 1742
f 1742 1896 1898
f 1742 1898 1744
f 1744 1898 1900
f 1744 1900 1746
f 1746 1900 1902
f 1746 1902 1748
f 1748 1902 1904
f 1748 1904 1750
f 1750 1904 1906
f 1750 1906 1752
f 1752 1906 1908
f 1752 1908 1754
f 1754 1908 1910
f 1754 1910 1756
f 1756 1910 1912
f 1756 1912 1758
f 1758 1912 1914
f 1758 1914 1760
f 1760 1914 1916
f 1760 1916 1762
f 1762 1916 1918
f 1762 1918 1764
f 1764 1918 1920
f 1764 1920 1766
f 1766 1920 1922
f 1766 1922 1768
f 1768 1922 1924
f 1768 1924 1770
f 1770 1924 1926
f 1770 1926 1772
f 1772 1926 1928
f 1772 1928 1774
f 1774 1928 1930
f 1774 1930 1776
f 1776 1930 1932
f 1776 1932 1778
f 1778 1932 1934
f 1778 1934 1780
f 1780 1934 1936
f 1780 1936 1782
f 1782 1936 1938
f 1782 1938 1784
f 1784 1938 1940
f 1784 1940 1786
f 1786 1940 1942
f 1786 1942 1788
f 1788 1942 1944
f 1788 1944 1790
f 1790 1944 1946
f 1790 1946 1792
f 1792 1946 1948
f 1792 1948 1794
f 1794 1948 1950
f 1794 1950 1796
f 1796 1950 1952
f 1796 1952 1798
f 1798 1952 1954
f 1798 1954 1800
f 1800 1954 1956
f 1800 1956 1802
f 1802 1956 1958
f 1802 1958 1804
f 1804 1958 1960
f 1804 1960 1806
f 1806 1960 1962
f 1806 1962 1808
f 1808 1962 1964
f 1808 1964 1810
f 1810 1964 1966
f 1810 1966 1812
f 1812 1966 1968
f 1812 1968 1814
f 1814 1968 1970
f 1814 1970 1816
f 1816 1970 1972
f 1816 1972 1818
f 1818 1972 1974
f 1818 1974 1820
f 1820 1974 1976
f 1820 1976 1822
f 1822 1976 1978
f 1822 1978 1824
f 1824 1978 1980
f 1824 1980 1826
f 1826 1980 1982
f 1826 1982 1828
f 1828 1982 1984
f 1828 1984 1830
f 1830 1984 1986
f 1830 1986 1832
f 1832 1986 1988
f 1832 1988 1834
f 1834 1988 1990
f 1834 1990 1836
f 1836 1990 1992
f 1836 1992 1838
f 1838 1992 1994
f 1838 1994 1840
f 1840 1994 1996
f 1840 1996 1842
f 1842 1996 1998
f 1842 1998 1844
f 1844 1998 2000
f 1844 2000 1846
f 1846 2000 2002
f 1846 2002 1848
f 1850 2004 2006
f 1850 2006 1852
f 1852 2006 2008
f 1852 2008 1854
f 1854 2008 2010
f 1854 2010 1856
f 1856 2010 2012
f 1856 2012 1858
f 1858 2012 2014
f 1858 2014 1860
f 1860 2014 2016
f 1860 2016 1862
f 1862 2016 2018
f 1862 2018 1864
f 1864 2018 2020
f 1864 2020 1866
f 1866 2020 2022
f 1866 2022 1868
f 1868 2022 2024
f 1868 2024 1870
f 1870 2024 2026
f 1870 2026 1872
f 1872 2026 2028
f 1872 2028 1874
f 1874 2028 2030
f 1874 2030 1876
f 1876 2030 2032
f 1876 2032 1878
f 1878 2032 2034
f 1878 2034 1880
f 1880 2034 2036
f 1880 2036 1882
f 1882 2036 2038
f 1882 2038 1884
f 1884 2038 2040
f 1884 2040 1886
f 1886 2040 2042
f 1886 2042 1888
f 1888 2042 2044
f 1888 2044 1890
f 1890 2044 2046
f 1890 2046 1892
f 1892 2046 2048
f 1892 2048 1894
f 1894 2048 2050
f 1894 2050 1896
f 1896 2050 2052
f 1896 2052 1898
f 1898 2052 2054
f 1898 2054 1900
f 1900 2054 2056
f 1900 2056 1902
f 1902 2056 2058
f 1902 2058 1904
f 1904 2058 2060
f 1904 2060 1906
f 1906 2060 2062
f 1906 2062 1908
f 1908 2062 2064
f 1908 2064 1910
f 1910 2064 2066
f 1910 2066 1912
f 1912 2066 2068
f 1912 2068 1914
f 1914 2068 2070
f 1914 2070 1916
f 1916 2070 2072
f 1916 2072 1918
f 1918 2072 2074
f 1918 2074 1920
f 1920 2074 2076
f 1920 2076 1922
f 1922 2076 2078
f 1922 2078 1924
f 1924 2078 2080
f 1924 2080 1926
f 1926 2080 2082
f 1926 2082 1928
f 1928 2082 2084
f 1928 2084 1930
f 1930 2084 2086
f 1930 2086 1932
f 1932 2086 2088
f 1932 2088 1934
f 1934 2088 2090
f 1934 2090 1936
f 1936 2090 2092
f 1936 2092 1938
f 1938 2092 2094
f 1938 2094 1940
f 1940 2094 2096
f 1940 2096 1942
f 1942 2096 2098
f 1942 2098 1944
f 1944 2098 2100
f 1944 2100 1946
f 1946 2100 2102
f 1946 2102 1948
f 1948 2102 2104
f 1948 2104 1950
f 1950 2104 2106
f 1950 2106 1952
f 1952 2106 2108
f 1952 2108 1954
f 1954 2108 2110
f 1954 2110 1956
f 1956 2110 2112
f 1956 2112 1958
f 1958 2112 2114
f 1958 2114 1960
f 1960 2114 2116
f 1960 2116 1962
f 1962 2116 2118
f 1962 2118 1964
f 1964 2118 2120
f 1964 2120 1966
f 1966 2120 2122
f 1966 2122 1968
f 1968 2122 2124
f 1968 2124 1970
f 1970 2124 2126
f 1970 2126 1972
f 1972 2126 2128
f 1972 2128 1974
f 1974 2128 2130
f 1974 2130 1976
f 1976 2130 2132
f 1976 2132 1978
f 1978 2132 2134
f 1978 2134 1980
f 1980 2134 2136
f 1980 2136 1982
f 1982 2136 2138
f 1982 2138 1984
f 1984 2138 2140
f 1984 2140 1986
f 1986 2140 2142
f 1986 2142 1988
f 1988 2142 2144
f 1988 2144 1990
f 1990 2144 2146
f 1990 2146 1992
f 1992 2146 2148
f 1992 2148 1994
f 1994 2148 2150
f 1994 2150 1996
f 1996 2150 2152
f 1996 2152 1998
f 1998 2152 2154
f 1998 2154 2000
f 2000 2154 2156
f 2000 2156 2002
f 2004 2158 2160
f 2004 2160 2006
f 2006 2160 2162
f 2006 2162 2008
f 2008 2162 2164
f 2008 2164 2010
f 2010 2164 2166
f 2010 2166 2012
f 2012 2166 2168
f 2012 2168 2014
f 2014 2168 2170
f 2014 2170 2016
f 2016 2170 2172
f 2016 2172 2018
f 2018 2172 2174
f 2018 2174 2020
f 2020 2174 2176
f 2020 2176 2022
f 2022 2176 2178
f 2022 2178 2024
f 2024 2178 2180
f 2024 2180 2026
f 2026 2180 2182
f 2026 2182 2028
f 2028 2182 2184
f 2028 2184 2030
f 2030 2184 2186
f 2030 2186 2032
f 2032 2186 2188
f 2032 2188 2034
f 2034 2188 2190
f 2034 2190 2036
f 2036 2190 2192
f 2036 2192 2038
f 2038 2192 2194
f 2038 2194 2040
f 2040 2194 2196
f 2040 2196 2042
f 2042 2196 2198
f 2042 2198 2044
f 2044 2198 2200
f 2044 2200 2046
f 2046 2200 2202
f 2046 2202 2048
f 2048 2202 2204
f 2048 2204 2050
f 2050 2204 2206
f 2050 2206 2052
f 2052 2206 2208
f 2052 2208 2054
f 2054 2208 2210
f 2054 2210 2056
f 2056 2210 2212
f 2056 2212 2058
f 2058 2212 2214
f 2058 2214 2060
f 2060 2214 2216
f 2060 2216 2062
f 2062 2216 2218
f 2062 2218 2064
f 2064 2218 2220
f 2064 2220 2066
f 2066 2220 2222
f 2066 2222 2068
f 2068 2222 2224
f 2068 2224 2070
f 2070 2224 2226
f 2070 2226 2072
f 2072 2226 2228
f 2072 2228 2074
f 2074 2228 2230
f 2074 2230 2076
f 2076 2230 2232
f 2076 2232 2078
f 2078 2232 2234
f 2078 2234 2080
f 2080 2234 2236
f 2080 2236 2082
f 2082 2236 2238
f 2082 2238 2084
f 2084 2238 2240
f 2084 2240 2086
f 2086 2240 2242
f 2086 2242 2088
f 2088 2242 2244
f 2088 2244 2090
f 2090 2244 2246
f 2090 2246 2092
f 2092 2246 2248
f 2092 2248 2094
f 2094 2248 2250
f 2094 2250 2096
f 2096 2250 2252
f 2096 2252 2098
f 2098 2252 2254
f 2098 2254 2100
f 2100 2254 2256
f 2100 2256 2102
f 2102 2256 2258
f 2102 2258 2104
f 2104 2258 2260
f 2104 2260 2106
f 2106 2260 2262
f 2106 2262 2108
f 2108 2262 2264
f 2108 2264 2110
f 2110 2264 2266
f 2110 2266 2112
f 2112 2266 2268
f 2112 2268 2114
f 2114 2268 2270
f 2114 2270 2116
f 2116 2270 2272
f 2116 2272 2118
f 2118 2272 2274
f 2118 2274 2120
f 2120 2274 2276
f 2120 2276 2122
f 2122 2276 2278
f 2122 2278 2124
f 2124 2278 2280
f 2124 2280 2126
f 2126 2280 2282
f 2126 2282 2128
f 2128 2282 2284
f 2128 2284 2130
f 2130 2284 2286
f 2130 2286 2132
f 2132 2286 2288
f 2132 2288 2134
f 2134 2288 2290
f 2134 2290 2136
f 2136 2290 2292
f 2136 2292 2138
f 2138 2292 2294
f 2138 2294 2140
f 2140 2294 2296
f 2140 2296 2142
f 2142 2296 2298
f 2142 2298 2144
f 2144 2298 2300
f 2144 2300 2146
f 2146 2300 2302
f 2146 2302 2148
f 2148 2302 2304
f 2148 2304 2150
f 2150 2304 2306
f 2150 2306 2152
f 2152 2306 2308
f 2152 2308 2154
f 2154 2308 2310
f 2154 2310 2156
f 2158 2312 2314
f 2158 2314 2160
f 2160 2314 2316
f 2160 2316 2162
f 2162 2316 2318
f 2162 2318 2164
f 2164 2318 2320
f 2164 2320 2166
f 2166 2320 2322
f 2166 2322 2168
f 2168 2322 2324
f 2168 2324 2170
f 2170 2324 2326
f 2170 2326 2172
f 2172 2326 2328
f 2172 2328 2174
f 2174 2328 2330
f 2174 2330 2176
f 2176 2330 2332
f 2176 2332 2178
f 2178 2332 2334
f 2178 2334 2180
f 2180 2334 2336
f 2180 2336 2182
f 2182 2336 2338
f 2182 2338 2184
f 2184 2338 2340
f 2184 2340 2186
f 2186 2340 2342
f 2186 2342 2188
f 2188 2342 2344
f 2188 2344 2190
f 2190 2344 2346
f 2190 2346 2192
f 2192 2346 2348
f 2192 2348 2194
f 2194 2348 2350
f 2194 2350 2196
f 2196 2350 2352
f 2196 2352 2198
f 2198 2352 2354
f 2198 2354 2200
f 2200 2354 2356
f 2200 2356 2202
f 2202 2356 2358
f 2202 2358 2204
f 2204 2358 2360
f 2204 2360 2206
f 2206 2360 2362
f 2206 2362 2208
f 2208 2362 2364
f 2208 2364 2210
f 2210 2364 2366
f 2210 2366 2212
f 2212 2366 2368
f 2212 2368 2214
f 2214 2368 2370
f 2214 2370 2216
f 2216 2370 2372
f 2216 2372 2218
f 2218 2372 2374
f 2218 2374 2220
f 2220 2374 2376
f 2220 2376 2222
f 2222 2376 2378
f 2222 2378 2224
f 2224 2378 2380
f 2224 2380 2226
f 2226 2380 2382
f 2226 2382 2228
f 2228 2382 2384
f 2228 2384 2230
f 2230 2384 2386
f 2230 2386 2232
f 2232 2386 2388
f 2232 2388 2234
f 2234 2388 2390
f 2234 2390 2236
f 2236 2390 2392
f 2236 2392 2238
f 2238 2392 2394
f 2238 2394 2240
f 2240 2394 2396
f 2240 2396 2242
f 2242 2396 2398
f 2242 2398 2244
f 2244 2398 2400
f 2244 2400 2246
f 2246 2400 2402
f 2246 2402 2248
f 2248 2402 2404
f 2248 2404 2250
f 2250 2404 2406
f 2250 2406 2252
f 2252 2406 2408
f 2252 2408 2254
f 2254 2408 2410
f 2254 2410 2256
f 2256 2410 2412
f 2256 2412 2258
f 2258 2412 2414
f 2258 2414 2260
f 2260 2414 2416
f 2260 2416 2262
f 2262 2416 2418
f 2262 2418 2264
f 2264 2418 2420
f 2264 2420 2266
f 2266 2420 2422
f 2266 2422 2268
f 2268 2422 2424
f 2268 2424 2270
f 2270 2424 2426
f 2270 2426 2272
f 2272 2426 2428
f 2272 2428 2274
f 2274 2428 2430
f 2274 2430 2276
f 2276 2430 2432
f 2276 2432 2278
f 2278 2432 2434
f 2278 2434 2280
f 2280 2434 2436
f 2280 2436 2282
f 2282 2436 2438
f 2282 2438 2284
f 2284 2438 2440
f 2284 2440 2286
f 2286 2440 2442
f 2286 2442 2288
f 2288 2442 2444
f 2288 2444 2290
f 2290 2444 2446
f 2290 2446 2292
f 2292 2446 2448
f 2292 2448 2294
f 2294 2448 2450
f 2294 2450 2296
f 2296 2450 2452
f 2296 2452 2298
f 2298 2452 2454
f 2298 2454 2300
f 2300 2454 2456
f 2300 2456 2302
f 2302 2456 2458
f 2302 2458 2304
f 2304 2458 2460
f 2304 2460 2306
f 2306 2460 2462
f 2306 2462 2308
f 2308 2462 2464
f 2308 2464 2310
f 2312 2466 2468
f 2312 2468 2314
f 2314 2468 2470
f 2314 2470 2316
f 2316 2470 2472
f 2316 2472 2318
f 2318 2472 2474
f 2318 2474 2320
f 2320 2474 2476
f 2320 2476 2322
f 2322 2476 2478
f 2322 2478 2324
f 2324 2478 2480
f 2324 2480 2326
f 2326 2480 2482
f 2326 2482 2328
f 2328 2482 2484
f 2328 2484 2330
f 2330 2484 2486
f 2330 2486 2332
f 2332 2486 2488
f 2332 2488 2334
f 2334 2488 2490
f 2334 2490 2336
f 2336 2490 2492
f 2336 2492 2338
f 2338 2492 2494
f 2338 2494 2340
f 2340 2494 2496
f 2340 2496 2342
f 2342 2496 2498
f 2342 2498 2344
f 2344 2498 2500
f 2344 2500 2346
f 2346 2500 2502
f 2346 2502 2348
f 2348 2502 2504
f 2348 2504 2350
f 2350 2504 2506
f 2350 2506 2352
f 2352 2506 2508
f 2352 2508 2354
f 2354 2508 2510
f 2354 2510 2356
f 2356 2510 2512
f 2356 2512 2358
f 2358 2512 2514
f 2358 2514 2360
f 2360 2514 2516
f 2360 2516 2362
f 2362 2516 2518
f 2362 2518 2364
f 2364 2518 2520
f 2364 2520 2366
f 2366 2520 2522
f 2366 2522 2368
f 2368 2522 2524
f 2368 2524 2370
f 2370 2524 2526
f 2370 2526 2372
f 2372 2526 2528
f 2372 2528 2374
f 2374 2528 2530
f 2374 2530 2376
f 2376 2530 2532
f 2376 2532 2378
f 2378 2532 2534
f 2378 2534 2380
f 2380 2534 2536
f 2380 2536 2382
f 2382 2536 2538
f 2382 2538 2384
f 2384 2538 2540
f 2384 2540 2386
f 2386 2540 2542
f 2386 2542 2388
f 2388 2542 2544
f 2388 2544 2390
f 2390 2544 2546
f 2390 2546 2392
f 2392 2546 2548
f 2392 2548 2394
f 2394 2548 2550
f 2394 2550 2396
f 2396 2550 2552
f 2396 2552 2398
f 2398 2552 2554
f 2398 2554 2400
f 2400 2554 2556
f 2400 2556 2402
f 2402 2556 2558
f 2402 2558 2404
f 2404 2558 2560
f 2404 2560 2406
f 2406 2560 2562
f 2406 2562 2408
f 2408 2562 2564
f 2408 2564 2410
f 2410 2564 2566
f 2410 2566 2412
f 2412 2566 2568
f 2412 2568 2414
f 2414 2568 2570
f 2414 2570 2416
f 2416 2570 2572
f 2416 2572 2418
f 2418 2572 2574
f 2418 2574 2420
f 2420 2574 2576
f 2420 2576 2422
f 2422 2576 2578
f 2422 2578 2424
f 2424 2578 2580
f 2424 2580 2426
f 2426 2580 2582
f 2426 2582 2428
f 2428 2582 2584
f 2428 2584 2430
f 2430 2584 2586
f 2430 2586 2432
f 2432 2586 2588
f 2432 2588 2434
f 2434 2588 2590
f 2434 2590 2436
f 2436 2590 2592
f 2436 2592 2438
f 2438 2592 2594
f 2438 2594 2440
f 2440 2594 2596
f 2440 2596 2442
f 2442 2596 2598
f 2442 2598 2444
f 2444 2598 2600
f 2444 2600 2446
f 2446 2600 2602
f 2446 2602 2448
f 2448 2602 2604
f 2448 2604 2450
f 2450 2604 2606
f 2450 2606 2452
f 2452 2606 2608
f 2452 2608 2454
f 2454 2608 2610
f 2454 2610 2456
f 2456 2610 2612
f 2456 2612 2458
f 2458 2612 2614
f 2458 2614 2460
f 2460 2614 2616
f 2460 2616 2462
f 2462 2616 2618
f 2462 2618 2464
f 2466 2620 2622
f 2466 2622 2468
f 2468 2622 2624
f 2468 2624 2470
f 2470 2624 2626
f 2470 2626 2472
f 2472 2626 2628
f 2472 2628 2474
f 2474 2628 2630
f 2474 2630 2476
f 2476 2630 2632
f 2476 2632 2478
f 2478 2632 2634
f 2478 2634 2480
f 2480 2634 2636
f 2480 2636 2482
f 2482 2636 2638
f 2482 2638 2484
f 2484 2638 2640
f 2484 2640 2486
f 2486 2640 2642
f 2486 2642 2488
f 2488 2642 2644
f 2488 2644 2490
f 2490 2644 2646
f 2490 2646 2492
f 2492 2646 2648
f 2492 2648 2494
f 2494 2648 2650
f 2494 2650 2496
f 2496 2650 2652
f 2496 2652 2498
f 2498 2652 2654
f 2498 2654 2500
f 2500 2654 2656
f 2500 2656 2502
f 2502 2656 2658
f 2502 2658 2504
f 2504 2658 2660
f 2504 2660 2506
f 2506 2660 2662
f 2506 2662 2508
f 2508 2662 2664
f 2508 2664 2510
f 2510 2664 2666
f 2510 2666 2512
f 2512 2666 2668
f 2512 2668 2514
f 2514 2668 2670
f 2514 2670 2516
f 2516 2670 2672
f 2516 2672 2518
f 2518 2672 2674
f 2518 2674 2520
f 2520 2674 2676
f 2520 2676 2522
f 2522 2676 2678
f 2522 2678 2524
f 2524 2678 2680
f 2524 2680 2526
f 2526 2680 2682
f 2526 2682 2528
f 2528 2682 2684
f 2528 2684 2530
f 2530 2684 2686
f 2530 2686 2532
f 2532 2686 2688
f 2532 2688 2534
f 2534 2688 2690
f 2534 2690 2536
f 2536 2690 2692
f 2536 2692 2538
f 2538 2692 2694
f 2538 2694 2540
f 2540 2694 2696
f 2540 2696 2542
f 2542 2696 2698
f 2542 2698 2544
f 2544 2698 2700
f 2544 2700 2546
f 2546 2700 2702
f 2546 2702 2548
f 2548 2702 2704
f 2548 2704 2550
f 2550 2704 2706
f 2550 2706 2552
f 2552 2706 2708
f 2552 2708 2554
f 2554 2708 2710
f 2554 2710 2556
f 2556 2710 2712
f 2556 2712 2558
f 2558 2712 2714
f 2558 2714 2560
f 2560 2714 2716
f 2560 2716 2562
f 2562 2716 2718
f 2562 2718 2564
f 2564 2718 2720
f 2564 2720 2566
f 2566 2720 2722
f 2566 2722 2568
f 2568 2722 2724
f 2568 2724 2570
f 2570 2724 2726
f 2570 2726 2572
f 2572 2726 2728
f 2572 2728 2574
f 2574 2728 2730
f 2574 2730 2576
f 2576 2730 2732
f 2576 2732 2578
f 2578 2732 2734
f 2578 2734 2580
f 2580 2734 2736
f 2580 2736 2582
f 2582 2736 2738
f 2582 2738 2584
f 2584 2738 2740
f 2584 2740 2586
f 2586 2740 2742
f 2586 2742 2588
f 2588 2742 2744
f 2588 2744 2590
f 2590 2744 2746
f 2590 2746 2592
f 2592 2746 2748
f 2592 2748 2594
f 2594 2748 2750
f 2594 2750 2596
f 2596 2750 2752
f 2596 2752 2598
f 2598 2752 2754
f 2598 2754 2600
f 2600 2754 2756
f 2600 2756 2602
f 2602 2756 2758
f 2602 2758 2604
f 2604 2758 2760
f 2604 2760 2606
f 2606 2760 2762
f 2606 2762 2608
f 2608 2762 2764
f 2608 2764 2610
f 2610 2764 2766
f 2610 2766 2612
f 2612 2766 2768
f 2612 2768 2614
f 2614 2768 2770
f 2614 2770 2616
f 2616 2770 2772
f 2616 2772 2618
f 2620 2774 2776
f 2620 2776 2622
f 2622 2776 2778
f 2622 2778 2624
f 2624 2778 2780
f 2624 2780 2626
f 2626 2780 2782
f 2626 2782 2628
f 2628 2782 2784
f 2628 2784 2630
f 2630 2784 2786
f 2630 2786 2632
f 2632 2786 2788
f 2632 2788 2634
f 2634 2788 2790
f 2634 2790 2636
f 2636 2790 2792
f 2636 2792 2638
f 2638 2792 2794
f 2638 2794 2640
f 2640 2794 2796
f 2640 2796 2642
f 2642 2796 2798
f 2642 2798 2644
f 2644 2798 2800
f 2644 2800 2646
f 2646 2800 2802
f 2646 2802 2648
f 2648 2802 2804
f 2648 2804 2650
f 2650 2804 2806
f 2650 2806 2652
f 2652 2806 2808
f 2652 2808 2654
f 2654 2808 2810
f 2654 2810 2656
f 2656 2810 2812
f 2656 2812 2658
f 2658 2812 2814
f 2658 2814 2660
f 2660 2814 2816
f 2660 2816 2662
f 2662 2816 2818
f 2662 2818 2664
f 2664 2818 2820
f 2664 2820 2666
f 2666 2820 2822
f 2666 2822 2668
f 2668 2822 2824
f 2668 2824 2670
f 2670 2824 2826
f 2670 2826 2672
f 2672 2826 2828
f 2672 2828 2674
f 2674 2828 2830
f 2674 2830 2676
f 2676 2830 2832
f 2676 2832 2678
f 2678 2832 2834
f 2678 2834 2680
f 2680 2834 2836
f 2680 2836 2682
f 2682 2836 2838
f 2682 2838 2684
f 2684 2838 2840
f 2684 2840 2686
f 2686 2840 2842
f 2686 2842 2688
f 2688 2842 2844
f 2688 2844 2690
f 2690 2844 2846
f 2690 2846 2692
f 2692 2846 2848
f 2692 2848 2694
f 2694 2848 2850
f 2694 2850 2696
f 2696 2850 2852
f 2696 2852 2698
f 2698 2852 2854
f 2698 2854 2700
f 2700 2854 2856
f 2700 2856 2702
f 2702 2856 2858
f 2702 2858 2704
f 2704 2858 2860
f 2704 2860 2706
f 2706 2860 2862
f 2706 2862 2708
f 2708 2862 2864
f 2708 2864 2710
f 2710 2864 2866
f 2710 2866 2712
f 2712 2866 2868
f 2712 2868 2714
f 2714 2868 2870
f 2714 2870 2716
f 2716 2870 2872
f 2716 2872 2718
f 2718 2872 2874
f 2718 2874 2720
f 2720 2874 2876
f 2720 2876 2722
f 2722 2876 2878
f 2722 2878 2724
f 2724 2878 2880
f 2724 2880 2726
f 2726 2880 2882
f 2726 2882 2728
f 2728 2882 2884
f 2728 2884 2730
f 2730 2884 2886
f 2730 2886 2732
f 2732 2886 2888
f 2732 2888 2734
f 2734 2888 2890
f 2734 2890 2736
f 2736 2890 2892
f 2736 2892 2738
f 2738 2892 2894
f 2738 2894 2740
f 2740 2894 2896
f 2740 2896 2742
f 2742 2896 2898
f 2742 2898 2744
f 2744 2898 2900
f 2744 2900 2746
f 2746 2900 2902
f 2746 2902 2748
f 2748 2902 2904
f 2748 2904 2750
f 2750 2904 2906
f 2750 2906 2752
f 2752 2906 2908
f 2752 2908 2754
f 2754 2908 2910
f 2754 2910 2756
f 2756 2910 2912
f 2756 2912 2758
f 2758 2912 2914
f 2758 2914 2760
f 2760 2914 2916
f 2760 2916 2762
f 2762 2916 2918
f 2762 2918 2764
f 2764 2918 2920
f 2764 2920 2766
f 2766 2920 2922
f 2766 2922 2768
f 2768 2922 2924
f 2768 2924 2770
f 2770 2924 2926
f 2770 2926 2772
f 2774 2928 2930
f 2774 2930 2776
f 2776 2930 2932
f 2776 2932 2778
f 2778 2932 2934
f 2778 2934 2780
f 2780 2934 2936
f 2780 2936 2782
f 2782 2936 2938
f 2782 2938 2784
f 2784 2938 2940
f 2784 2940 2786
f 2786 2940 2942
f 2786 2942 2788
f 2788 2942 2944
f 2788 2944 2790
f 2790 2944 2946
f 2790 2946 2792
f 2792 2946 2948
f 2792 2948 2794
f 2794 2948 2950
f 2794 2950 2796
f 2796 2950 2952
f 2796 2952 2798
f 2798 2952 2954
f 2798 2954 2800
f 2800 2954 2956
f 2800 2956 2802
f 2802 2956 2958
f 2802 2958 2804
f 2804 2958 2960
f 2804 2960 2806
f 2806 2960 2962
f 2806 2962 2808
f 2808 2962 2964
f 2808 2964 2810
f 2810 2964 2966
f 2810 2966 2812
f 2812 2966 2968
f 2812 2968 2814
f 2814 2968 2970
f 2814 2970 2816
f 2816 2970 2972
f 2816 2972 2818
f 2818 2972 2974
f 2818 2974 2820
f 2820 2974 2976
f 2820 2976 2822
f 2822 2976 2978
f 2822 2978 2824
f 2824 2978 2980
f 2824 2980 2826
f 2826 2980 2982
f 2826 2982 2828
f 2828 2982 2984
f 2828 2984 2830
f 2830 2984 2986
f 2830 2986 2832
f 2832 2986 2988
f 2832 2988 2834
f 2834 2988 2990
f 2834 2990 2836
f 2836 2990 2992
f 2836 2992 2838
f 2838 2992 2994
f 2838 2994 2840
f 2840 2994 2996
f 2840 2996 2842
f 2842 2996 2998
f 2842 2998 2844
f 2844 2998 3000
f 2844 3000 2846
f 2846 3000 3002
f 2846 3002 2848
f 2848 3002 3004
f 2848 3004 2850
f 2850 3004 3006
f 2850 3006 2852
f 2852 3006 3008
f 2852 3008 2854
f 2854 3008 3010
f 2854 3010 2856
f 2856 3010 3012
f 2856 3012 2858
f 2858 3012 3014
f 2858 3014 2860
f 2860 3014 3016
f 2860 3016 2862
f 2862 3016 3018
f 2862 3018 2864
f 2864 3018 3020
f 2864 3020 2866
f 2866 3020 3022
f 2866 3022 2868
f 2868 3022 3024
f 2868 3024 2870
f 2870 3024 3026
f 2870 3026 2872
f 2872 3026 3028
f 2872 3028 2874
f 2874 3028 3030
f 2874 3030 2876
f 2876 3030 3032
f 2876 3032 2878
f 2878 3032 3034
f 2878 3034 2880
f 2880 3034 3036
f 2880 3036 2882
f 2882 3036 3038
f 2882 3038 2884
f 2884 3038 3040
f 2884 3040 2886
f 2886 3040 3042
f 2886 3042 2888
f 2888 3042 3044
f 2888 3044 2890
f 2890 3044 3046
f 2890 3046 2892
f 2892 3046 3048
f 2892 3048 2894
f 2894 3048 3050
f 2894 3050 2896
f 2896 3050 3052
f 2896 3052 2898
f 2898 3052 3054
f 2898 3054 2900
f 2900 3054 3056
f 2900 3056 2902
f 2902 3056 3058
f 2902 3058 2904
f 2904 3058 3060
f 2904 3060 2906
f 2906 3060 3062
f 2906 3062 2908
f 2908 3062 3064
f 2908 3064 2910
f 2910 3064 3066
f 2910 3066 2912
f 2912 3066 3068
f 2912 3068 2914
f 2914 3068 3070
f 2914 3070 2916
f 2916 3070 3072
f 2916 3072 2918
f 2918 3072 3074
f 2918 3074 2920
f 2920 3074 3076
f 2920 3076 2922
f 2922 3076 3078
f 2922 3078 2924
f 2924 3078 3080
f 2924 3080 2926
f 2928 3082 3084
f 2928 3084 2930
f 2930 3084 3086
f 2930 3086 2932
f 2932 3086 3088
f 2932 3088 2934
f 2934 3088 3090
f 2934 3090 2936
f 2936 3090 3092
f 2936 3092 2938
f 2938 3092 3094
f 2938 3094 2940
f 2940 3094 3096
f 2940 3096 2942
f 2942 3096 3098
f 2942 3098 2944
f 2944 3098 3100
f 2944 3100 2946
f 2946 3100 3102
f 2946 3102 2948
f 2948 3102 3104
f 2948 3104 2950
f 2950 3104 3106
f 2950 3106 2952
f 2952 3106 3108
f 2952 3108 2954
f 2954 3108 3110
f 2954 3110 2956
f 2956 3110 3112
f 2956 3112 2958
f 2958 3112 3114
f 2958 3114 2960
f 2960 3114 3116
f 2960 3116 2962
f 2962 3116 3118
f 2962 3118 2964
f 2964 3118 3120
f 2964 3120 2966
f 2966 3120 3122
f 2966 3122 2968
f 2968 3122 3124
f 2968 3124 2970
f 2970 3124 3126
f 2970 3126 2972
f 2972 3126 3128
f 2972 3128 2974
f 2974 3128 3130
f 2974 3130 2976
f 2976 3130 3132
f 2976 3132 2978
f 2978 3132 3134
f 2978 3134 2980
f 2980 3134 3136
f 2980 3136 2982
f 2982 3136 3138
f 2982 3138 2984
f 2984 3138 3140
f 2984 3140 2986
f 2986 3140 3142
f 2986 3142 2988
f 2988 3142 3144
f 2988 3144 2990
f 2990 3144 3146
f 2990 3146 2992
f 2992 3146 3148
f 2992 3148 2994
f 2994 3148 3150
f 2994 3150 2996
f 2996 3150 3152
f 2996 3152 2998
f 2998 3152 3154
f 2998 3154 3000
f 3000 3154 3156
f 3000 3156 3002
f 3002 3156 3158
f 3002 3158 3004
f 3004 3158 3160
f 3004 3160 3006
f 3006 3160 3162
f 3006 3162 3008
f 3008 3162 3164
f 3008 3164 3010
f 3010 3164 3166
f 3010 3166 3012
f 3012 3166 3168
f 3012 3168 3014
f 3014 3168 3170
f 3014 3170 3016
f 3016 3170 3172
f 3016 3172 3018
f 3018 3172 3174
f 3018 3174 3020
f 3020 3174 3176
f 3020 3176 3022
f 3022 3176 3178
f 3022 3178 3024
f 3024 3178 3180
f 3024 3180 3026
f 3026 3180 3182
f 3026 3182 3028
f 3028 3182 3184
f 3028 3184 3030
f 3030 3184 3186
f 3030 3186 3032
f 3032 3186 3188
f 3032 3188 3034
f 3034 3188 3190
f 3034 3190 3036
f 3036 3190 3192
f 3036 3192 3038
f 3038 3192 3194
f 3038 3194 3040
f 3040 3194 3196
f 3040 3196 3042
f 3042 3196 3198
f 3042 3198 3044
f 3044 3198 3200
f 3044 3200 3046
f 3046 3200 3202
f 3046 3202 3048
f 3048 3202 3204
f 3048 3204 3050
f 3050 3204 3206
f 3050 3206 3052
f 3052 3206 3208
f 3052 3208 3054
f 3054 3208 3210
f 3054 3210 3056
f 3056 3210 3212
f 3056 3212 3058
f 3058 3212 3214
f 3058 3214 3060
f 3060 3214 3216
f 3060 3216 3062
f 3062 3216 3218
f 3062 3218 3064
f 3064 3218 3220
f 3064 3220 3066
f 3066 3220 3222
f 3066 3222 3068
f 3068 3222 3224
f 3068 3224 3070
f 3070 3224 3226
f 3070 3226 3072
f 3072 3226 3228
f 3072 3228 3074
f 3074 3228 3230
f 3074 3230 3076
f 3076 3230 3232
f 3076 3232 3078
f 3078 3232 3234
f 3078 3234 3080
f 3082 3236 3238
f 3082 3238 3084
f 3084 3238 3240
f 3084 3240 3086
f 3086 3240 3242
f 3086 3242 3088
f 3088 3242 3244
f 3088 3244 3090
f 3090 3244 3246
f 3090 3246 3092
f 3092 3246 3248
f 3092 3248 3094
f 3094 3248 3250
f 3094 3250 3096
f 3096 3250 3252
f 3096 3252 3098
f 3098 3252 3254
f 3098 3254 3100
f 3100 3254 3256
f 3100 3256 3102
f 3102 3256 3258
f 3102 3258 3104
f 3104 3258 3260
f 3104 3260 3106
f 3106 3260 3262
f 3106 3262 3108
f 3108 3262 3264
f 3108 3264 3110
f 3110 3264 3266
f 3110 3266 3112
f 3112 3266 3268
f 3112 3268 3114
f 3114 3268 3270
f 3114 3270 3116
f 3116 3270 3272
f 3116 3272 3118
f 3118 3272 3274
f 3118 3274 3120
f 3120 3274 3276
f 3120 3276 3122
f 3122 3276 3278
f 3122 3278 3124
f 3124 3278 3280
f 3124 3280 3126
f 3126 3280 3282
f 3126 3282 3128
f 3128 3282 3284
f 3128 3284 3130
f 3130 3284 3286
f 3130 3286 3132
f 3132 3286 3288
f 3132 3288 3134
f 3134 3288 3290
f 3134 3290 3136
f 3136 3290 3292
f 3136 3292 3138
f 3138 3292 3294
f 3138 3294 3140
f 3140 3294 3296
f 3140 3296 3142
f 3142 3296 3298
f 3142 3298 3144
f 3144 3298 3300
f 3144 3300 3146
f 3146 3300 3302
f 3146 3302 3148
f 3148 3302 3304
f 3148 3304 3150
f 3150 3304 3306
f 3150 3306 3152
f 3152 3306 3308
f 3152 3308 3154
f 3154 3308 3310
f 3154 3310 3156
f 3156 3310 3312
f 3156 3312 3158
f 3158 3312 3314
f 3158 3314 3160
f 3160 3314 3316
f 3160 3316 3162
f 3162 3316 3318
f 3162 3318 3164
f 3164 3318 3320
f 3164 3320 3166
f 3166 3320 3322
f 3166 3322 3168
f 3168 3322 3324
f 3168 3324 3170
f 3170 3324 3326
f 3170 3326 3172
f 3172 3326 3328
f 3172 3328 3174
f 3174 3328 3330
f 3174 3330 3176
f 3176 3330 3332
f 3176 3332 3178
f 3178 3332 3334
f 3178 3334 3180
f 3180 3334 3336
f 3180 3336 3182
f 3182 3336 3338
f 3182 3338 3184
f 3184 3338 3340
f 3184 3340 3186
f 3186 3340 3342
f 3186 3342 3188
f 3188 3342 3344
f 3188 3344 3190
f 3190 3344 3346
f 3190 3346 3192
f 3192 3346 3348
f 3192 3348 3194
f 3194 3348 3350
f 3194 3350 3196
f 3196 3350 3352
f 3196 3352 3198
f 3198 3352 3354
f 3198 3354 3200
f 3200 3354 3356
f 3200 3356 3202
f 3202 3356 3358
f 3202 3358 3204
f 3204 3358 3360
f 3204 3360 3206
f 3206 3360 3362
f 3206 3362 3208
f 3208 3362 3364
f 3208 3364 3210
f 3210 3364 3366
f 3210 3366 3212
f 3212 3366 3368
f 3212 3368 3214
f 3214 3368 3370
f 3214 3370 3216
f 3216 3370 3372
f 3216 3372 3218
f 3218 3372 3374
f 3218 3374 3220
f 3220 3374 3376
f 3220 3376 3222
f 3222 3376 3378
f 3222 3378 3224
f 3224 3378 3380
f 3224 3380 3226
f 3226 3380 3382
f 3226 3382 3228
f 3228 3382 3384
f 3228 3384 3230
f 3230 3384 3386
f 3230 3386 3232
f 3232 3386 3388
f 3232 3388 3234
f 3236 3390 3392
f 3236 3392 3238
f 3238 3392 3394
f 3238 3394 3240
f 3240 3394 3396
f 3240 3396 3242
f 3242 3396 3398
f 3242 3398 3244
f 3244 3398 3400
f 3244 3400 3246
f 3246 3400 3402
f 3246 3402 3248
f 3248 3402 3404
f 3248 3404 3250
f 3250 3404 3406
f 3250 3406 3252
f 3252 3406 3408
f 3252 3408 3254
f 3254 3408 3410
f 3254 3410 3256
f 3256 3410 3412
f 3256 3412 3258
f 3258 3412 3414
f 3258 3414 3260
f 3260 3414 3416
f 3260 3416 3262
f 3262 3416 3418
f 3262 3418 3264
f 3264 3418 3420
f 3264 3420 3266
f 3266 3420 3422
f 3266 3422 3268
f 3268 3422 3424
f 3268 3424 3270
f 3270 3424 3426
f 3270 3426 3272
f 3272 3426 3428
f 3272 3428 3274
f 3274 3428 3430
f 3274 3430 3276
f 3276 3430 3432
f 3276 3432 3278
f 3278 3432 3434
f 3278 3434 3280
f 3280 3434 3436
f 3280 3436 3282
f 3282 3436 3438
f 3282 3438 3284
f 3284 3438 3440
f 3284 3440 3286
f 3286 3440 3442
f 3286 3442 3288
f 3288 3442 3444
f 3288 3444 3290
f 3290 3444 3446
f 3290 3446 3292
f 3292 3446 3448
f 3292 3448 3294
f 3294 3448 3450
f 3294 3450 3296
f 3296 3450 3452
f 3296 3452 3298
f 3298 3452 3454
f 3298 3454 3300
f 3300 3454 3456
f 3300 3456 3302
f 3302 3456 3458
f 3302 3458 3304
f 3304 3458 3460
f 3304 3460 3306
f 3306 3460 3462
f 3306 3462 3308
f 3308 3462 3464
f 3308 3464 3310
f 3310 3464 3466
f 3310 3466 3312
f 3312 3466 3468
f 3312 3468 3314
f 3314 3468 3470
f 3314 3470 3316
f 3316 3470 3472
f 3316 3472 3318
f 3318 3472 3474
f 3318 3474 3320
f 3320 3474 3476
f 3320 3476 3322
f 3322 3476 3478
f 3322 3478 3324
f 3324 3478 3480
f 3324 3480 3326
f 3326 3480 3482
f 3326 3482 3328
f 3328 3482 3484
f 3328 3484 3330
f 3330 3484 3486
f 3330 3486 3332
f 3332 3486 3488
f 3332 3488 3334
f 3334 3488 3490
f 3334 3490 3336
f 3336 3490 3492
f 3336 3492 3338
f 3338 3492 3494
f 3338 3494 3340
f 3340 3494 3496
f 3340 3496 3342
f 3342 3496 3498
f 3342 3498 3344
f 3344 3498 3500
f 3344 3500 3346
f 3346 3500 3502
f 3346 3502 3348
f 3348 3502 3504
f 3348 3504 3350
f 3350 3504 3506
f 3350 3506 3352
f 3352 3506 3508
f 3352 3508 3354
f 3354 3508 3510
f 3354 3510 3356
f 3356 3510 3512
f 3356 3512 3358
f 3358 3512 3514
f 3358 3514 3360
f 3360 3514 3516
f 3360 3516 3362
f 3362 3516 3518
f 3362 3518 3364
f 3364 3518 3520
f 3364 3520 3366
f 3366 3520 3522
f 3366 3522 3368
f 3368 3522 3524
f 3368 3524 3370
f 3370 3524 3526
f 3370 3526 3372
f 3372 3526 3528
f 3372 3528 3374
f 3374 3528 3530
f 3374 3530 3376
f 3376 3530 3532
f 3376 3532 3378
f 3378 3532 3534
f 3378 3534 3380
f 3380 3534 3536
f 3380 3536 3382
f 3382 3536 3538
f 3382 3538 3384
f 3384 3538 3540
f 3384 3540 3386
f 3386 3540 3542
f 3386 3542 3388
f 3390 3544 3546
f 3390 3546 3392
f 3392 3546 3548
f 3392 3548 3394
f 3394 3548 3550
f 3394 3550 3396
f 3396 3550 3552
f 3396 3552 3398
f 3398 3552 3554
f 3398 3554 3400
f 3400 3554 3556
f 3400 3556 3402
f 3402 3556 3558
f 3402 3558 3404
f 3404 3558 3560
f 3404 3560 3406
f 3406 3560 3562
f 3406 3562 3408
f 3408 3562 3564
f 3408 3564 3410
f 3410 3564 3566
f 3410 3566 3412
f 3412 3566 3568
f 3412 3568 3414
f 3414 3568 3570
f 3414 3570 3416
f 3416 3570 3572
f 3416 3572 3418
f 3418 3572 3574
f 3418 3574 3420
f 3420 3574 3576
f 3420 3576 3422
f 3422 3576 3578
f 3422 3578 3424
f 3424 3578 3580
f 3424 3580 3426
f 3426 3580 3582
f 3426 3582 3428
f 3428 3582 3584
f 3428 3584 3430
f 3430 3584 3586
f 3430 3586 3432
f 3432 3586 3588
f 3432 3588 3434
f 3434 3588 3590
f 3434 3590 3436
f 3436 3590 3592
f 3436 3592 3438
f 3438 3592 3594
f 3438 3594 3440
f 3440 3594 3596
f 3440 3596 3442
f 3442 3596 3598
f 3442 3598 3444
f 3444 3598 3600
f 3444 3600 3446
f 3446 3600 3602
f 3446 3602 3448
f 3448 3602 3604
f 3448 3604 3450
f 3450 3604 3606
f 3450 3606 3452
f 3452 3606 3608
f 3452 3608 3454
f 3454 3608 3610
f 3454 3610 3456
f 3456 3610 3612
f 3456 3612 3458
f 3458 3612 3614
f 3458 3614 3460
f 3460 3614 3616
f 3460 3616 3462
f 3462 3616 3618
f 3462 3618 3464
f 3464 3618 3620
f 3464 3620 3466
f 3466 3620 3622
f 3466 3622 3468
f 3468 3622 3624
f 3468 3624 3470
f 3470 3624 3626
f 3470 3626 3472
f 3472 3626 3628
f 3472 3628 3474
f 3474 3628 3630
f 3474 3630 3476
f 3476 3630 3632
f 3476 3632 3478
f 3478 3632 3634
f 3478 3634 3480
f 3480 3634 3636
f 3480 3636 3482
f 3482 3636 3638
f 3482 3638 3484
f 3484 3638 3640
f 3484 3640 3486
f 3486 3640 3642
f 3486 3642 3488
f 3488 3642 3644
f 3488 3644 3490
f 3490 3644 3646
f 3490 3646 3492
f 3492 3646 3648
f 3492 3648 3494
f 3494 3648 3650
f 3494 3650 3496
f 3496 3650 3652
f 3496 3652 3498
f 3498 3652 3654
f 3498 3654 3500
f 3500 3654 3656
f 3500 3656 3502
f 3502 3656 3658
f 3502 3658 3504
f 3504 3658 3660
f 3504 3660 3506
f 3506 3660 3662
f 3506 3662 3508
f 3508 3662 3664
f 3508 3664 3510
f 3510 3664 3666
f 3510 3666 3512
f 3512 3666 3668
f 3512 3668 3514
f 3514 3668 3670
f 3514 3670 3516
f 3516 3670 3672
f 3516 3672 3518
f 3518 3672 3674
f 3518 3674 3520
f 3520 3674 3676
f 3520 3676 3522
f 3522 3676 3678
f 3522 3678 3524
f 3524 3678 3680
f 3524 3680 3526
f 3526 3680 3682
f 3526 3682 3528
f 3528 3682 3684
f 3528 3684 3530
f 3530 3684 3686
f 3530 3686 3532
f 3532 3686 3688
f 3532 3688 3534
f 3534 3688 3690
f 3534 3690 3536
f 3536 3690 3692
f 3536 3692 3538
f 3538 3692 3694
f 3538 3694 3540
f 3540 3694 3696
f 3540 3696 3542
f 3544 3698 3700
f 3544 3700 3546
f 3546 3700 3702
f 3546 3702 3548
f 3548 3702 3704
f 3548 3704 3550
f 3550 3704 3706
f 3550 3706 3552
f 3552 3706 3708
f 3552 3708 3554
f 3554 3708 3710
f 3554 3710 3556
f 3556 3710 3712
f 3556 3712 3558
f 3558 3712 3714
f 3558 3714 3560
f 3560 3714 3716
f 3560 3716 3562
f 3562 3716 3718
f 3562 3718 3564
f 3564 3718 3720
f 3564 3720 3566
f 3566 3720 3722
f 3566 3722 3568
f 3568 3722 3724
f 3568 3724 3570
f 3570 3724 3726
f 3570 3726 3572
f 3572 3726 3728
f 3572 3728 3574
f 3574 3728 3730
f 3574 3730 3576
f 3576 3730 3732
f 3576 3732 3578
f 3578 3732 3734
f 3578 3734 3580
f 3580 3734 3736
f 3580 3736 3582
f 3582 3736 3738
f 3582 3738 3584
f 3584 3738 3740
f 3584 3740 3586
f 3586 3740 3742
f 3586 3742 3588
f 3588 3742 3744
f 3588 3744 3590
f 3590 3744 3746
f 3590 3746 3592
f 3592 3746 3748
f 3592 3748 3594
f 3594 3748 3750
f 3594 3750 3596
f 3596 3750 3752
f 3596 3752 3598
f 3598 3752 3754
f 3598 3754 3600
f 3600 3754 3756
f 3600 3756 3602
f 3602 3756 3758
f 3602 3758 3604
f 3604 3758 3760
f 3604 3760 3606
f 3606 3760 3762
f 3606 3762 3608
f 3608 3762 3764
f 3608 3764 3610
f 3610 3764 3766
f 3610 3766 3612
f 3612 3766 3768
f 3612 3768 3614
f 3614 3768 3770
f 3614 3770 3616
f 3616 3770 3772
f 3616 3772 3618
f 3618 3772 3774
f 3618 3774 3620
f 3620 3774 3776
f 3620 3776 3622
f 3622 3776 3778
f 3622 3778 3624
f 3624 3778 3780
f 3624 3780 3626
f 3626 3780 3782
f 3626 3782 3628
f 3628 3782 3784
f 3628 3784 3630
f 3630 3784 3786
f 3630 3786 3632
f 3632 3786 3788
f 3632 3788 3634
f 3634 3788 3790
f 3634 3790 3636
f 3636 3790 3792
f 3636 3792 3638
f 3638 3792 3794
f 3638 3794 3640
f 3640 3794 3796
f 3640 3796 3642
f 3642 3796 3798
f 3642 3798 3644
f 3644 3798 3800
f 3644 3800 3646
f 3646 3800 3802
f 3646 3802 3648
f 3648 3802 3804
f 3648 3804 3650
f 3650 3804 3806
f 3650 3806 3652
f 3652 3806 3808
f 3652 3808 3654
f 3654 3808 3810
f 3654 3810 3656
f 3656 3810 3812
f 3656 3812 3658
f 3658 3812 3814
f 3658 3814 3660
f 3660 3814 3816
f 3660 3816 3662
f 3662 3816 3818
f 3662 3818 3664
f 3664 3818 3820
f 3664 3820 3666
f 3666 3820 3822
f 3666 3822 3668
f 3668 3822 3824
f 3668 3824 3670
f 3670 3824 3826
f 3670 3826 3672
f 3672 3826 3828
f 3672 3828 3674
f 3674 3828 3830
f 3674 3830 3676
f 3676 3830 3832
f 3676 3832 3678
f 3678 3832 3834
f 3678 3834 3680
f 3680 3834 3836
f 3680 3836 3682
f 3682 3836 3838
f 3682 3838 3684
f 3684 3838 3840
f 3684 3840 3686
f 3686 3840 3842
f 3686 3842 3688
f 3688 3842 3844
f 3688 3844 3690
f 3690 3844 3846
f 3690 3846 3692
f 3692 3846 3848
f 3692 3848 3694
f 3694 3848 3850
f 3694 3850 3696
f 3698 3852 3854
f 3698 3854 3700
f 3700 3854 3856
f 3700 3856 3702
f 3702 3856 3858
f 3702 3858 3704
f 3704 3858 3860
f 3704 3860 3706
f 3706 3860 3862
f 3706 3862 3708
f 3708 3862 3864
f 3708 3864 3710
f 3710 3864 3866
f 3710 3866 3712
f 3712 3866 3868
f 3712 3868 3714
f 3714 3868 3870
f 3714 3870 3716
f 3716 3870 3872
f 3716 3872 3718
f 3718 3872 3874
f 3718 3874 3720
f 3720 3874 3876
f 3720 3876 3722
f 3722 3876 3878
f 3722 3878 3724
f 3724 3878 3880
f 3724 3880 3726
f 3726 3880 3882
f 3726 3882 3728
f 3728 3882 3884
f 3728 3884 3730
f 3730 3884 3886
f 3730 3886 3732
f 3732 3886 3888
f 3732 3888 3734
f 3734 3888 3890
f 3734 3890 3736
f 3736 3890 3892
f 3736 3892 3738
f 3738 3892 3894
f 3738 3894 3740
f 3740 3894 3896
f 3740 3896 3742
f 3742 3896 3898
f 3742 3898 3744
f 3744 3898 3900
f 3744 3900 3746
f 3746 3900 3902
f 3746 3902 3748
f 3748 3902 3904
f 3748 3904 3750
f 3750 3904 3906
f 3750 3906 3752
f 3752 3906 3908
f 3752 3908 3754
f 3754 3908 3910
f 3754 3910 3756
f 3756 3910 3912
f 3756 3912 3758
f 3758 3912 3914
f 3758 3914 3760
f 3760 3914 3916
f 3760 3916 3762
f 3762 3916 3918
f 3762 3918 3764
f 3764 3918 3920
f 3764 3920 3766
f 3766 3920 3922
f 3766 3922 3768
f 3768 3922 3924
f 3768 3924 3770
f 3770 3924 3926
f 3770 3926 3772
f 3772 3926 3928
f 3772 3928 3774
f 3774 3928 3930
f 3774 3930 3776
f 3776 3930 3932
f 3776 3932 3778
f 3778 3932 3934
f 3778 3934 3780
f 3780 3934 3936
f 3780 3936 3782
f 3782 3936 3938
f 3782 3938 3784
f 3784 3938 3940
f 3784 3940 3786
f 3786 3940 3942
f 3786 3942 3788
f 3788 3942 3944
f 3788 3944 3790
f 3790 3944 3946
f 3790 3946 3792
f 3792 3946 3948
f 3792 3948 3794
f 3794 3948 3950
f 3794 3950 3796
f 3796 3950 3952
f 3796 3952 3798
f 3798 3952 3954
f 3798 3954 3800
f 3800 3954 3956
f 3800 3956 3802
f 3802 3956 3958
f 3802 3958 3804
f 3804 3958 3960
f 3804 3960 3806
f 3806 3960 3962
f 3806 3962 3808
f 3808 3962 3964
f 3808 3964 3810
f 3810 3964 3966
f 3810 3966 3812
f 3812 3966 3968
f 3812 3968 3814
f 3814 3968 3970
f 3814 3970 3816
f 3816 3970 3972
f 3816 3972 3818
f 3818 3972 3974
f 3818 3974 3820
f 3820 3974 3976
f 3820 3976 3822
f 3822 3976 3978
f 3822 3978 3824
f 3824 3978 3980
f 3824 3980 3826
f 3826 3980 3982
f 3826 3982 3828
f 3828 3982 3984
f 3828 3984 3830
f 3830 3984 3986
f 3830 3986 3832
f 3832 3986 3988
f 3832 3988 3834
f 3834 3988 3990
f 3834 3990 3836
f 3836 3990 3992
f 3836 3992 3838
f 3838 3992 3994
f 3838 3994 3840
f 3840 3994 3996
f 3840 3996 3842
f 3842 3996 3998
f 3842 3998 3844
f 3844 3998 4000
f 3844 4000 3846
f 3846 4000 4002
f 3846 4002 3848
f 3848 4002 4004
f 3848 4004 3850
f 3852 4006 4008
f 3852 4008 3854
f 3854 4008 4010
f 3854 4010 3856
f 3856 4010 4012
f 3856 4012 3858
f 3858 4012 4014
f 3858 4014 3860
f 3860 4014 4016
f 3860 4016 3862
f 3862 4016 4018
f 3862 4018 3864
f 3864 4018 4020
f 3864 4020 3866
f 3866 4020 4022
f 3866 4022 3868
f 3868 4022 4024
f 3868 4024 3870
f 3870 4024 4026
f 3870 4026 3872
f 3872 4026 4028
f 3872 4028 3874
f 3874 4028 4030
f 3874 4030 3876
f 3876 4030 4032
f 3876 4032 3878
f 3878 4032 4034
f 3878 4034 3880
f 3880 4034 4036
f 3880 4036 3882
f 3882 4036 4038
f 3882 4038 3884
f 3884 4038 4040
f 3884 4040 3886
f 3886 4040 4042
f 3886 4042 3888
f 3888 4042 4044
f 3888 4044 3890
f 3890 4044 4046
f 3890 4046 3892
f 3892 4046 4048
f 3892 4048 3894
f 3894 4048 4050
f 3894 4050 3896
f 3896 4050 4052
f 3896 4052 3898
f 3898 4052 4054
f 3898 4054 3900
f 3900 4054 4056
f 3900 4056 3902
f 3902 4056 4058
f 3902 4058 3904
f 3904 4058 4060
f 3904 4060 3906
f 3906 4060 4062
f 3906 4062 3908
f 3908 4062 4064
f 3908 4064 3910
f 3910 4064 4066
f 3910 4066 3912
f 3912 4066 4068
f 3912 4068 3914
f 3914 4068 4070
f 3914 4070 3916
f 3916 4070 4072
f 3916 4072 3918
f 3918 4072 4074
f 3918 4074 3920
f 3920 4074 4076
f 3920 4076 3922
f 3922 4076 4078
f 3922 4078 3924
f 3924 4078 4080
f 3924 4080 3926
f 3926 4080 4082
f 3926 4082 3928
f 3928 4082 4084
f 3928 4084 3930
f 3930 4084 4086
f 3930 4086 3932
f 3932 4086 4088
f 3932 4088 3934
f 3934 4088 4090
f 3934 4090 3936
f 3936 4090 4092
f 3936 4092 3938
f 3938 4092 4094
f 3938 4094 3940
f 3940 4094 4096
f 3940 4096 3942
f 3942 4096 4098
f 3942 4098 3944
f 3944 4098 4100
f 3944 4100 3946
f 3946 4100 4102
f 3946 4102 3948
f 3948 4102 4104
f 3948 4104 3950
f 3950 4104 4106
f 3950 4106 3952
f 3952 4106 4108
f 3952 4108 3954
f 3954 4108 4110
f 3954 4110 3956
f 3956 4110 4112
f 3956 4112 3958
f 3958 4112 4114
f 3958 4114 3960
f 3960 4114 4116
f 3960 4116 3962
f 3962 4116 4118
f 3962 4118 3964
f 3964 4118 4120
f 3964 4120 3966
f 3966 4120 4122
f 3966 4122 3968
f 3968 4122 4124
f 3968 4124 3970
f 3970 4124 4126
f 3970 4126 3972
f 3972 4126 4128
f 3972 4128 3974
f 3974 4128 4130
f 3974 4130 3976
f 3976 4130 4132
f 3976 4132 3978
f 3978 4132 4134
f 3978 4134 3980
f 3980 4134 4136
f 3980 4136 3982
f 3982 4136 4138
f 3982 4138 3984
f 3984 4138 4140
f 3984 4140 3986
f 3986 4140 4142
f 3986 4142 3988
f 3988 4142 4144
f 3988 4144 3990
f 3990 4144 4146
f 3990 4146 3992
f 3992 4146 4148
f 3992 4148 3994
f 3994 4148 4150
f 3994 4150 3996
f 3996 4150 4152
f 3996 4152 3998
f 3998 4152 4154
f 3998 4154 4000
f 4000 4154 4156
f 4000 4156 4002
f 4002 4156 4158
f 4002 4158 4004
f 4006 4160 4162
f 4006 4162 4008
f 4008 4162 4164
f 4008 4164 4010
f 4010 4164 4166
f 4010 4166 4012
f 4012 4166 4168
f 4012 4168 4014
f 4014 4168 4170
f 4014 4170 4016
f 4016 4170 4172
f 4016 4172 4018
f 4018 4172 4174
f 4018 4174 4020
f 4020 4174 4176
f 4020 4176 4022
f 4022 4176 4178
f 4022 4178 4024
f 4024 4178 4180
f 4024 4180 4026
f 4026 4180 4182
f 4026 4182 4028
f 4028 4182 4184
f 4028 4184 4030
f 4030 4184 4186
f 4030 4186 4032
f 4032 4186 4188
f 4032 4188 4034
f 4034 4188 4190
f 4034 4190 4036
f 4036 4190 4192
f 4036 4192 4038
f 4038 4192 4194
f 4038 4194 4040
f 4040 4194 4196
f 4040 4196 4042
f 4042 4196 4198
f 4042 4198 4044
f 4044 4198 4200
f 4044 4200 4046
f 4046 4200 4202
f 4046 4202 4048
f 4048 4202 4204
f 4048 4204 4050
f 4050 4204 4206
f 4050 4206 4052
f 4052 4206 4208
f 4052 4208 4054
f 4054 4208 4210
f 4054 4210 4056
f 4056 4210 4212
f 4056 4212 4058
f 4058 4212 4214
f 4058 4214 4060
f 4060 4214 4216
f 4060 4216 4062
f 4062 4216 4218
f 4062 4218 4064
f 4064 4218 4220
f 4064 4220 4066
f 4066 4220 4222
f 4066 4222 4068
f 4068 4222 4224
f 4068 4224 4070
f 4070 4224 4226
f 4070 4226 4072
f 4072 4226 4228
f 4072 4228 4074
f 4074 4228 4230
f 4074 4230 4076
f 4076 4230 4232
f 4076 4232 4078
f 4078 4232 4234
f 4078 4234 4080
f 4080 4234 4236
f 4080 4236 4082
f 4082 4236 4238
f 4082 4238 4084
f 4084 4238 4240
f 4084 4240 4086
f 4086 4240 4242
f 4086 4242 4088
f 4088 4242 4244
f 4088 4244 4090
f 4090 4244 4246
f 4090 4246 4092
f 4092 4246 4248
f 4092 4248 4094
f 4094 4248 4250
f 4094 4250 4096
f 4096 4250 4252
f 4096 4252 4098
f 4098 4252 4254
f 4098 4254 4100
f 4100 4254 4256
f 4100 4256 4102
f 4102 4256 4258
f 4102 4258 4104
f 4104 4258 4260
f 4104 4260 4106
f 4106 4260 4262
f 4106 4262 4108
f 4108 4262 4264
f 4108 4264 4110
f 4110 4264 4266
f 4110 4266 4112
f 4112 4266 4268
f 4112 4268 4114
f 4114 4268 4270
f 4114 4270 4116
f 4116 4270 4272
f 4116 4272 4118
f 4118 4272 4274
f 4118 4274 4120
f 4120 4274 4276
f 4120 4276 4122
f 4122 4276 4278
f 4122 4278 4124
f 4124 4278 4280
f 4124 4280 4126
f 4126 4280 4282
f 4126 4282 4128
f 4128 4282 4284
f 4128 4284 4130
f 4130 4284 4286
f 4130 4286 4132
f 4132 4286 4288
f 4132 4288 4134
f 4134 4288 4290
f 4134 4290 4136
f 4136 4290 4292
f 4136 4292 4138
f 4138 4292 4294
f 4138 4294 4140
f 4140 4294 4296
f 4140 4296 4142
f 4142 4296 4298
f 4142 4298 4144
f 4144 4298 4300
f 4144 4300 4146
f 4146 4300 4302
f 4146 4302 4148
f 4148 4302 4304
f 4148 4304 4150
f 4150 4304 4306
f 4150 4306 4152
f 4152 4306 4308
f 4152 4308 4154
f 4154 4308 4310
f 4154 4310 4156
f 4156 4310 4312
f 4156 4312 4158
f 4160 4314 4316
f 4160 4316 4162
f 4162 4316 4318
f 4162 4318 4164
f 4164 4318 4320
f 4164 4320 4166
f 4166 4320 4322
f 4166 4322 4168
f 4168 4322 4324
f 4168 4324 4170
f 4170 4324 4326
f 4170 4326 4172
f 4172 4326 4328
f 4172 4328 4174
f 4174 4328 4330
f 4174 4330 4176
f 4176 4330 4332
f 4176 4332 4178
f 4178 4332 4334
f 4178 4334 4180
f 4180 4334 4336
f 4180 4336 4182
f 4182 4336 4338
f 4182 4338 4184
f 4184 4338 4340
f 4184 4340 4186
f 4186 4340 4342
f 4186 4342 4188
f 4188 4342 4344
f 4188 4344 4190
f 4190 4344 4346
f 4190 4346 4192
f 4192 4346 4348
f 4192 4348 4194
f 4194 4348 4350
f 4194 4350 4196
f 4196 4350 4352
f 4196 4352 4198
f 4198 4352 4354
f 4198 4354 4200
f 4200 4354 4356
f 4200 4356 4202
f 4202 4356 4358
f 4202 4358 4204
f 4204 4358 4360
f 4204 4360 4206
f 4206 4360 4362
f 4206 4362 4208
f 4208 4362 4364
f 4208 4364 4210
f 4210 4364 4366
f 4210 4366 4212
f 4212 4366 4368
f 4212 4368 4214
f 4214 4368 4370
f 4214 4370 4216
f 4216 4370 4372
f 4216 4372 4218
f 4218 4372 4374
f 4218 4374 4220
f 4220 4374 4376
f 4220 4376 4222
f 4222 4376 4378
f 4222 4378 4224
f 4224 4378 4380
f 4224 4380 4226
f 4226 4380 4382
f 4226 4382 4228
f 4228 4382 4384
f 4228 4384 4230
f 4230 4384 4386
f 4230 4386 4232
f 4232 4386 4388
f 4232 4388 4234
f 4234 4388 4390
f 4234 4390 4236
f 4236 4390 4392
f 4236 4392 4238
f 4238 4392 4394
f 4238 4394 4240
f 4240 4394 4396
f 4240 4396 4242
f 4242 4396 4398
f 4242 4398 4244
f 4244 4398 4400
f 4244 4400 4246
f 4246 4400 4402
f 4246 4402 4248
f 4248 4402 4404
f 4248 4404 4250
f 4250 4404 4406
f 4250 4406 4252
f 4252 4406 4408
f 4252 4408 4254
f 4254 4408 4410
f 4254 4410 4256
f 4256 4410 4412
f 4256 4412 4258
f 4258 4412 4414
f 4258 4414 4260
f 4260 4414 4416
f 4260 4416 4262
f 4262 4416 4418
f 4262 4418 4264
f 4264 4418 4420
f 4264 4420 4266
f 4266 4420 4422
f 4266 4422 4268
f 4268 4422 4424
f 4268 4424 4270
f 4270 4424 4426
f 4270 4426 4272
f 4272 4426 4428
f 4272 4428 4274
f 4274 4428 4430
f 4274 4430 4276
f 4276 4430 4432
f 4276 4432 4278
f 4278 4432 4434
f 4278 4434 4280
f 4280 4434 4436
f 4280 4436 4282
f 4282 4436 4438
f 4282 4438 4284
f 4284 4438 4440
f 4284 4440 4286
f 4286 4440 4442
f 4286 4442 4288
f 4288 4442 4444
f 4288 4444 4290
f 4290 4444 4446
f 4290 4446 4292
f 4292 4446 4448
f 4292 4448 4294
f 4294 4448 4450
f 4294 4450 4296
f 4296 4450 4452
f 4296 4452 4298
f 4298 4452 4454
f 4298 4454 4300
f 4300 4454 4456
f 4300 4456 4302
f 4302 4456 4458
f 4302 4458 4304
f 4304 4458 4460
f 4304 4460 4306
f 4306 4460 4462
f 4306 4462 4308
f 4308 4462 4464
f 4308 4464 4310
f 4310 4464 4466
f 4310 4466 4312
f 4314 4468 4470
f 4314 4470 4316
f 4316 4470 4472
f 4316 4472 4318
f 4318 4472 4474
f 4318 4474 4320
f 4320 4474 4476
f 4320 4476 4322
f 4322 4476 4478
f 4322 4478 4324
f 4324 4478 4480
f 4324 4480 4326
f 4326 4480 4482
f 4326 4482 4328
f 4328 4482 4484
f 4328 4484 4330
f 4330 4484 4486
f 4330 4486 4332
f 4332 4486 4488
f 4332 4488 4334
f 4334 4488 4490
f 4334 4490 4336
f 4336 4490 4492
f 4336 4492 4338
f 4338 4492 4494
f 4338 4494 4340
f 4340 4494 4496
f 4340 4496 4342
f 4342 4496 4498
f 4342 4498 4344
f 4344 4498 4500
f 4344 4500 4346
f 4346 4500 4502
f 4346 4502 4348
f 4348 4502 4504
f 4348 4504 4350
f 4350 4504 4506
f 4350 4506 4352
f 4352 4506 4508
f 4352 4508 4354
f 4354 4508 4510
f 4354 4510 4356
f 4356 4510 4512
f 4356 4512 4358
f 4358 4512 4514
f 4358 4514 4360
f 4360 4514 4516
f 4360 4516 4362
f 4362 4516 4518
f 4362 4518 4364
f 4364 4518 4520
f 4364 4520 4366
f 4366 4520 4522
f 4366 4522 4368
f 4368 4522 4524
f 4368 4524 4370
f 4370 4524 4526
f 4370 4526 4372
f 4372 4526 4528
f 4372 4528 4374
f 4374 4528 4530
f 4374 4530 4376
f 4376 4530 4532
f 4376 4532 4378
f 4378 4532 4534
f 4378 4534 4380
f 4380 4534 4536
f 4380 4536 4382
f 4382 4536 4538
f 4382 4538 4384
f 4384 4538 4540
f 4384 4540 4386
f 4386 4540 4542
f 4386 4542 4388
f 4388 4542 4544
f 4388 4544 4390
f 4390 4544 4546
f 4390 4546 4392
f 4392 4546 4548
f 4392 4548 4394
f 4394 4548 4550
f 4394 4550 4396
f 4396 4550 4552
f 4396 4552 4398
f 4398 4552 4554
f 4398 4554 4400
f 4400 4554 4556
f 4400 4556 4402
f 4402 4556 4558
f 4402 4558 4404
f 4404 4558 4560
f 4404 4560 4406
f 4406 4560 4562
f 4406 4562 4408
f 4408 4562 4564
f 4408 4564 4410
f 4410 4564 4566
f 4410 4566 4412
f 4412 4566 4568
f 4412 4568 4414
f 4414 4568 4570
f 4414 4570 4416
f 4416 4570 4572
f 4416 4572 4418
f 4418 4572 4574
f 4418 4574 4420
f 4420 4574 4576
f 4420 4576 4422
f 4422 4576 4578
f 4422 4578 4424
f 4424 4578 4580
f 4424 4580 4426
f 4426 4580 4582
f 4426 4582 4428
f 4428 4582 4584
f 4428 4584 4430
f 4430 4584 4586
f 4430 4586 4432
f 4432 4586 4588
f 4432 4588 4434
f 4434 4588 4590
f 4434 4590 4436
f 4436 4590 4592
f 4436 4592 4438
f 4438 4592 4594
f 4438 4594 4440
f 4440 4594 4596
f 4440 4596 4442
f 4442 4596 4598
f 4442 4598 4444
f 4444 4598 4600
f 4444 4600 4446
f 4446 4600 4602
f 4446 4602 4448
f 4448 4602 4604
f 4448 4604 4450
f 4450 4604 4606
f 4450 4606 4452
f 4452 4606 4608
f 4452 4608 4454
f 4454 4608 4610
f 4454 4610 4456
f 4456 4610 4612
f 4456 4612 4458
f 4458 4612 4614
f 4458 4614 4460
f 4460 4614 4616
f 4460 4616 4462
f 4462 4616 4618
f 4462 4618 4464
f 4464 4618 4620
f 4464 4620 4466
f 4468 4622 4624
f 4468 4624 4470
f 4470 4624 4626
f 4470 4626 4472
f 4472 4626 4628
f 4472 4628 4474
f 4474 4628 4630
f 4474 4630 4476
f 4476 4630 4632
f 4476 4632 4478
f 4478 4632 4634
f 4478 4634 4480
f 4480 4634 4636
f 4480 4636 4482
f 4482 4636 4638
f 4482 4638 4484
f 4484 4638 4640
f 4484 4640 4486
f 4486 4640 4642
f 4486 4642 4488
f 4488 4642 4644
f 4488 4644 4490
f 4490 4644 4646
f 4490 4646 4492
f 4492 4646 4648
f 4492 4648 4494
f 4494 4648 4650
f 4494 4650 4496
f 4496 4650 4652
f 4496 4652 4498
f 4498 4652 4654
f 4498 4654 4500
f 4500 4654 4656
f 4500 4656 4502
f 4502 4656 4658
f 4502 4658 4504
f 4504 4658 4660
f 4504 4660 4506
f 4506 4660 4662
f 4506 4662 4508
f 4508 4662 4664
f 4508 4664 4510
f 4510 4664 4666
f 4510 4666 4512
f 4512 4666 4668
f 4512 4668 4514
f 4514 4668 4670
f 4514 4670 4516
f 4516 4670 4672
f 4516 4672 4518
f 4518 4672 4674
f 4518 4674 4520
f 4520 4674 4676
f 4520 4676 4522
f 4522 4676 4678
f 4522 4678 4524
f 4524 4678 4680
f 4524 4680 4526
f 4526 4680 4682
f 4526 4682 4528
f 4528 4682 4684
f 4528 4684 4530
f 4530 4684 4686
f 4530 4686 4532
f 4532 4686 4688
f 4532 4688 4534
f 4534 4688 4690
f 4534 4690 4536
f 4536 4690 4692
f 4536 4692 4538
f 4538 4692 4694
f 4538 4694 4540
f 4540 4694 4696
f 4540 4696 4542
f 4542 4696 4698
f 4542 4698 4544
f 4544 4698 4700
f 4544 4700 4546
f 4546 4700 4702
f 4546 4702 4548
f 4548 4702 4704
f 4548 4704 4550
f 4550 4704 4706
f 4550 4706 4552
f 4552 4706 4708
f 4552 4708 4554
f 4554 4708 4710
f 4554 4710 4556
f 4556 4710 4712
f 4556 4712 4558
f 4558 4712 4714
f 4558 4714 4560
f 4560 4714 4716
f 4560 4716 4562
f 4562 4716 4718
f 4562 4718 4564
f 4564 4718 4720
f 4564 4720 4566
f 4566 4720 4722
f 4566 4722 4568
f 4568 4722 4724
f 4568 4724 4570
f 4570 4724 4726
f 4570 4726 4572
f 4572 4726 4728
f 4572 4728 4574
f 4574 4728 4730
f 4574 4730 4576
f 4576 4730 4732
f 4576 4732 4578
f 4578 4732 4734
f 4578 4734 4580
f 4580 4734 4736
f 4580 4736 4582
f 4582 4736 4738
f 4582 4738 4584
f 4584 4738 4740
f 4584 4740 4586
f 4586 4740 4742
f 4586 4742 4588
f 4588 4742 4744
f 4588 4744 4590
f 4590 4744 4746
f 4590 4746 4592
f 4592 4746 4748
f 4592 4748 4594
f 4594 4748 4750
f 4594 4750 4596
f 4596 4750 4752
f 4596 4752 4598
f 4598 4752 4754
f 4598 4754 4600
f 4600 4754 4756
f 4600 4756 4602
f 4602 4756 4758
f 4602 4758 4604
f 4604 4758 4760
f 4604 4760 4606
f 4606 4760 4762
f 4606 4762 4608
f 4608 4762 4764
f 4608 4764 4610
f 4610 4764 4766
f 4610 4766 4612
f 4612 4766 4768
f 4612 4768 4614
f 4614 4768 4770
f 4614 4770 4616
f 4616 4770 4772
f 4616 4772 4618
f 4618 4772 4774
f 4618 4774 4620
f 4622 4776 4778
f 4622 4778 4624
f 4624 4778 4780
f 4624 4780 4626
f 4626 4780 4782
f 4626 4782 4628
f 4628 4782 4784
f 4628 4784 4630
f 4630 4784 4786
f 4630 4786 4632
f 4632 4786 4788
f 4632 4788 4634
f 4634 4788 4790
f 4634 4790 4636
f 4636 4790 4792
f 4636 4792 4638
f 4638 4792 4794
f 4638 4794 4640
f 4640 4794 4796
f 4640 4796 4642
f 4642 4796 4798
f 4642 4798 4644
f 4644 4798 4800
f 4644 4800 4646
f 4646 4800 4802
f 4646 4802 4648
f 4648 4802 4804
f 4648 4804 4650
f 4650 4804 4806
f 4650 4806 4652
f 4652 4806 4808
f 4652 4808 4654
f 4654 4808 4810
f 4654 4810 4656
f 4656 4810 4812
f 4656 4812 4658
f 4658 4812 4814
f 4658 4814 4660
f 4660 4814 4816
f 4660 4816 4662
f 4662 4816 4818
f 4662 4818 4664
f 4664 4818 4820
f 4664 4820 4666
f 4666 4820 4822
f 4666 4822 4668
f 4668 4822 4824
f 4668 4824 4670
f 4670 4824 4826
f 4670 4826 4672
f 4672 4826 4828
f 4672 4828 4674
f 4674 4828 4830
f 4674 4830 4676
f 4676 4830 4832
f 4676 4832 4678
f 4678 4832 4834
f 4678 4834 4680
f 4680 4834 4836
f 4680 4836 4682
f 4682 4836 4838
f 4682 4838 4684
f 4684 4838 4840
f 4684 4840 4686
f 4686 4840 4842
f 4686 4842 4688
f 4688 4842 4844
f 4688 4844 4690
f 4690 4844 4846
f 4690 4846 4692
f 4692 4846 4848
f 4692 4848 4694
f 4694 4848 4850
f 4694 4850 4696
f 4696 4850 4852
f 4696 4852 4698
f 4698 4852 4854
f 4698 4854 4700
f 4700 4854 4856
f 4700 4856 4702
f 4702 4856 4858
f 4702 4858 4704
f 4704 4858 4860
f 4704 4860 4706
f 4706 4860 4862
f 4706 4862 4708
f 4708 4862 4864
f 4708 4864 4710
f 4710 4864 4866
f 4710 4866 4712
f 4712 4866 4868
f 4712 4868 4714
f 4714 4868 4870
f 4714 4870 4716
f 4716 4870 4872
f 4716 4872 4718
f 4718 4872 4874
f 4718 4874 4720
f 4720 4874 4876
f 4720 4876 4722
f 4722 4876 4878
f 4722 4878 4724
f 4724 4878 4880
f 4724 4880 4726
f 4726 4880 4882
f 4726 4882 4728
f 4728 4882 4884
f 4728 4884 4730
f 4730 4884 4886
f 4730 4886 4732
f 4732 4886 4888
f 4732 4888 4734
f 4734 4888 4890
f 4734 4890 4736
f 4736 4890 4892
f 4736 4892 4738
f 4738 4892 4894
f 4738 4894 4740
f 4740 4894 4896
f 4740 4896 4742
f 4742 4896 4898
f 4742 4898 4744
f 4744 4898 4900
f 4744 4900 4746
f 4746 4900 4902
f 4746 4902 4748
f 4748 4902 4904
f 4748 4904 4750
f 4750 4904 4906
f 4750 4906 4752
f 4752 4906 4908
f 4752 4908 4754
f 4754 4908 4910
f 4754 4910 4756
f 4756 4910 4912
f 4756 4912 4758
f 4758 4912 4914
f 4758 4914 4760
f 4760 4914 4916
f 4760 4916 4762
f 4762 4916 4918
f 4762 4918 4764
f 4764 4918 4920
f 4764 4920 4766
f 4766 4920 4922
f 4766 4922 4768
f 4768 4922 4924
f 4768 4924 4770
f 4770 4924 4926
f 4770 4926 4772
f 4772 4926 4928
f 4772 4928 4774
f 4776 4930 4932
f 4776 4932 4778
f 4778 4932 4934
f 4778 4934 4780
f 4780 4934 4936
f 4780 4936 4782
f 4782 4936 4938
f 4782 4938 4784
f 4784 4938 4940
f 4784 4940 4786
f 4786 4940 4942
f 4786 4942 4788
f 4788 4942 4944
f 4788 4944 4790
f 4790 4944 4946
f 4790 4946 4792
f 4792 4946 4948
f 4792 4948 4794
f 4794 4948 4950
f 4794 4950 4796
f 4796 4950 4952
f 4796 4952 4798
f 4798 4952 4954
f 4798 4954 4800
f 4800 4954 4956
f 4800 4956 4802
f 4802 4956 4958
f 4802 4958 4804
f 4804 4958 4960
f 4804 4960 4806
f 4806 4960 4962
f 4806 4962 4808
f 4808 4962 4964
f 4808 4964 4810
f 4810 4964 4966
f 4810 4966 4812
f 4812 4966 4968
f 4812 4968 4814
f 4814 4968 4970
f 4814 4970 4816
f 4816 4970 4972
f 4816 4972 4818
f 4818 4972 4974
f 4818 4974 4820
f 4820 4974 4976
f 4820 4976 4822
f 4822 4976 4978
f 4822 4978 4824
f 4824 4978 4980
f 4824 4980 4826
f 4826 4980 4982
f 4826 4982 4828
f 4828 4982 4984
f 4828 4984 4830
f 4830 4984 4986
f 4830 4986 4832
f 4832 4986 4988
f 4832 4988 4834
f 4834 4988 4990
f 4834 4990 4836
f 4836 4990 4992
f 4836 4992 4838
f 4838 4992 4994
f 4838 4994 4840
f 4840 4994 4996
f 4840 4996 4842
f 4842 4996 4998
f 4842 4998 4844
f 4844 4998 5000
f 4844 5000 4846
f 4846 5000 5002
f 4846 5002 4848
f 4848 5002 5004
f 4848 5004 4850
f 4850 5004 5006
f 4850 5006 4852
f 4852 5006 5008
f 4852 5008 4854
f 4854 5008 5010
f 4854 5010 4856
f 4856 5010 5012
f 4856 5012 4858
f 4858 5012 5014
f 4858 5014 4860
f 4860 5014 5016
f 4860 5016 4862
f 4862 5016 5018
f 4862 5018 4864
f 4864 5018 5020
f 4864 5020 4866
f 4866 5020 5022
f 4866 5022 4868
f 4868 5022 5024
f 4868 5024 4870
f 4870 5024 5026
f 4870 5026 4872
f 4872 5026 5028
f 4872 5028 4874
f 4874 5028 5030
f 4874 5030 4876
f 4876 5030 5032
f 4876 5032 4878
f 4878 5032 5034
f 4878 5034 4880
f 4880 5034 5036
f 4880 5036 4882
f 4882 5036 5038
f 4882 5038 4884
f 4884 5038 5040
f 4884 5040 4886
f 4886 5040 5042
f 4886 5042 4888
f 4888 5042 5044
f 4888 5044 4890
f 4890 5044 5046
f 4890 5046 4892
f 4892 5046 5048
f 4892 5048 4894
f 4894 5048 5050
f 4894 5050 4896
f 4896 5050 5052
f 4896 5052 4898
f 4898 5052 5054
f 4898 5054 4900
f 4900 5054 5056
f 4900 5056 4902
f 4902 5056 5058
f 4902 5058 4904
f 4904 5058 5060
f 4904 5060 4906
f 4906 5060 5062
f 4906 5062 4908
f 4908 5062 5064
f 4908 5064 4910
f 4910 5064 5066
f 4910 5066 4912
f 4912 5066 5068
f 4912 5068 4914
f 4914 5068 5070
f 4914 5070 4916
f 4916 5070 5072
f 4916 5072 4918
f 4918 5072 5074
f 4918 5074 4920
f 4920 5074 5076
f 4920 5076 4922
f 4922 5076 5078
f 4922 5078 4924
f 4924 5078 5080
f 4924 5080 4926
f 4926 5080 5082
f 4926 5082 4928
f 4930 5084 5086
f 4930 5086 4932
f 4932 5086 5088
f 4932 5088 4934
f 4934 5088 5090
f 4934 5090 4936
f 4936 5090 5092
f 4936 5092 4938
f 4938 5092 5094
f 4938 5094 4940
f 4940 5094 5096
f 4940 5096 4942
f 4942 5096 5098
f 4942 5098 4944
f 4944 5098 5100
f 4944 5100 4946
f 4946 5100 5102
f 4946 5102 4948
f 4948 5102 5104
f 4948 5104 4950
f 4950 5104 5106
f 4950 5106 4952
f 4952 5106 5108
f 4952 5108 4954
f 4954 5108 5110
f 4954 5110 4956
f 4956 5110 5112
f 4956 5112 4958
f 4958 5112 5114
f 4958 5114 4960
f 4960 5114 5116
f 4960 5116 4962
f 4962 5116 5118
f 4962 5118 4964
f 4964 5118 5120
f 4964 5120 4966
f 4966 5120 5122
f 4966 5122 4968
f 4968 5122 5124
f 4968 5124 4970
f 4970 5124 5126
f 4970 5126 4972
f 4972 5126 5128
f 4972 5128 4974
f 4974 5128 5130
f 4974 5130 4976
f 4976 5130 5132
f 4976 5132 4978
f 4978 5132 5134
f 4978 5134 4980
f 4980 5134 5136
f 4980 5136 4982
f 4982 5136 5138
f 4982 5138 4984
f 4984 5138 5140
f 4984 5140 4986
f 4986 5140 5142
f 4986 5142 4988
f 4988 5142 5144
f 4988 5144 4990
f 4990 5144 5146
f 4990 5146 4992
f 4992 5146 5148
f 4992 5148 4994
f 4994 5148 5150
f 4994 5150 4996
f 4996 5150 5152
f 4996 5152 4998
f 4998 5152 5154
f 4998 5154 5000
f 5000 5154 5156
f 5000 5156 5002
f 5002 5156 5158
f 5002 5158 5004
f 5004 5158 5160
f 5004 5160 5006
f 5006 5160 5162
f 5006 5162 5008
f 5008 5162 5164
f 5008 5164 5010
f 5010 5164 5166
f 5010 5166 5012
f 5012 5166 5168
f 5012 5168 5014
f 5014 5168 5170
f 5014 5170 5016
f 5016 5170 5172
f 5016 5172 5018
f 5018 5172 5174
f 5018 5174 5020
f 5020 5174 5176
f 5020 5176 5022
f 5022 5176 5178
f 5022 5178 5024
f 5024 5178 5180
f 5024 5180 5026
f 5026 5180 5182
f 5026 5182 5028
f 5028 5182 5184
f 5028 5184 5030
f 5030 5184 5186
f 5030 5186 5032
f 5032 5186 5188
f 5032 5188 5034
f 5034 5188 5190
f 5034 5190 5036
f 5036 5190 5192
f 5036 5192 5038
f 5038 5192 5194
f 5038 5194 5040
f 5040 5194 5196
f 5040 5196 5042
f 5042 5196 5198
f 5042 5198 5044
f 5044 5198 5200
f 5044 5200 5046
f 5046 5200 5202
f 5046 5202 5048
f 5048 5202 5204
f 5048 5204 5050
f 5050 5204 5206
f 5050 5206 5052
f 5052 5206 5208
f 5052 5208 5054
f 5054 5208 5210
f 5054 5210 5056
f 5056 5210 5212
f 5056 5212 5058
f 5058 5212 5214
f 5058 5214 5060
f 5060 5214 5216
f 5060 5216 5062
f 5062 5216 5218
f 5062 5218 5064
f 5064 5218 5220
f 5064 5220 5066
f 5066 5220 5222
f 5066 5222 5068
f 5068 5222 5224
f 5068 5224 5070
f 5070 5224 5226
f 5070 5226 5072
f 5072 5226 5228
f 5072 5228 5074
f 5074 5228 5230
f 5074 5230 5076
f 5076 5230 5232
f 5076 5232 5078
f 5078 5232 5234
f 5078 5234 5080
f 5080 5234 5236
f 5080 5236 5082
f 5084 5238 5240
f 5084 5240 5086
f 5086 5240 5242
f 5086 5242 5088
f 5088 5242 5244
f 5088 5244 5090
f 5090 5244 5246
f 5090 5246 5092
f 5092 5246 5248
f 5092 5248 5094
f 5094 5248 5250
f 5094 5250 5096
f 5096 5250 5252
f 5096 5252 5098
f 5098 5252 5254
f 5098 5254 5100
f 5100 5254 5256
f 5100 5256 5102
f 5102 5256 5258
f 5102 5258 5104
f 5104 5258 5260
f 5104 5260 5106
f 5106 5260 5262
f 5106 5262 5108
f 5108 5262 5264
f 5108 5264 5110
f 5110 5264 5266
f 5110 5266 5112
f 5112 5266 5268
f 5112 5268 5114
f 5114 5268 5270
f 5114 5270 5116
f 5116 5270 5272
f 5116 5272 5118
f 5118 5272 5274
f 5118 5274 5120
f 5120 5274 5276
f 5120 5276 5122
f 5122 5276 5278
f 5122 5278 5124
f 5124 5278 5280
f 5124 5280 5126
f 5126 5280 5282
f 5126 5282 5128
f 5128 5282 5284
f 5128 5284 5130
f 5130 5284 5286
f 5130 5286 5132
f 5132 5286 5288
f 5132 5288 5134
f 5134 5288 5290
f 5134 5290 5136
f 5136 5290 5292
f 5136 5292 5138
f 5138 5292 5294
f 5138 5294 5140
f 5140 5294 5296
f 5140 5296 5142
f 5142 5296 5298
f 5142 5298 5144
f 5144 5298 5300
f 5144 5300 5146
f 5146 5300 5302
f 5146 5302 5148
f 5148 5302 5304
f 5148 5304 5150
f 5150 5304 5306
f 5150 5306 5152
f 5152 5306 5308
f 5152 5308 5154
f 5154 5308 5310
f 5154 5310 5156
f 5156 5310 5312
f 5156 5312 5158
f 5158 5312 5314
f 5158 5314 5160
f 5160 5314 5316
f 5160 5316 5162
f 5162 5316 5318
f 5162 5318 5164
f 5164 5318 5320
f 5164 5320 5166
f 5166 5320 5322
f 5166 5322 5168
f 5168 5322 5324
f 5168 5324 5170
f 5170 5324 5326
f 5170 5326 5172
f 5172 5326 5328
f 5172 5328 5174
f 5174 5328 5330
f 5174 5330 5176
f 5176 5330 5332
f 5176 5332 5178
f 5178 5332 5334
f 5178 5334 5180
f 5180 5334 5336
f 5180 5336 5182
f 5182 5336 5338
f 5182 5338 5184
f 5184 5338 5340
f 5184 5340 5186
f 5186 5340 5342
f 5186 5342 5188
f 5188 5342 5344
f 5188 5344 5190
f 5190 5344 5346
f 5190 5346 5192
f 5192 5346 5348
f 5192 5348 5194
f 5194 5348 5350
f 5194 5350 5196
f 5196 5350 5352
f 5196 5352 5198
f 5198 5352 5354
f 5198 5354 5200
f 5200 5354 5356
f 5200 5356 5202
f 5202 5356 5358
f 5202 5358 5204
f 5204 5358 5360
f 5204 5360 5206
f 5206 5360 5362
f 5206 5362 5208
f 5208 5362 5364
f 5208 5364 5210
f 5210 5364 5366
f 5210 5366 5212
f 5212 5366 5368
f 5212 5368 5214
f 5214 5368 5370
f 5214 5370 5216
f 5216 5370 5372
f 5216 5372 5218
f 5218 5372 5374
f 5218 5374 5220
f 5220 5374 5376
f 5220 5376 5222
f 5222 5376 5378
f 5222 5378 5224
f 5224 5378 5380
f 5224 5380 5226
f 5226 5380 5382
f 5226 5382 5228
f 5228 5382 5384
f 5228 5384 5230
f 5230 5384 5386
f 5230 5386 5232
f 5232 5386 5388
f 5232 5388 5234
f 5234 5388 5390
f 5234 5390 5236
f 5238 5392 5394
f 5238 5394 5240
f 5240 5394 5396
f 5240 5396 5242
f 5242 5396 5398
f 5242 5398 5244
f 5244 5398 5400
f 5244 5400 5246
f 5246 5400 5402
f 5246 5402 5248
f 5248 5402 5404
f 5248 5404 5250
f 5250 5404 5406
f 5250 5406 5252
f 5252 5406 5408
f 5252 5408 5254
f 5254 5408 5410
f 5254 5410 5256
f 5256 5410 5412
f 5256 5412 5258
f 5258 5412 5414
f 5258 5414 5260
f 5260 5414 5416
f 5260 5416 5262
f 5262 5416 5418
f 5262 5418 5264
f 5264 5418 5420
f 5264 5420 5266
f 5266 5420 5422
f 5266 5422 5268
f 5268 5422 5424
f 5268 5424 5270
f 5270 5424 5426
f 5270 5426 5272
f 5272 5426 5428
f 5272 5428 5274
f 5274 5428 5430
f 5274 5430 5276
f 5276 5430 5432
f 5276 5432 5278
f 5278 5432 5434
f 5278 5434 5280
f 5280 5434 5436
f 5280 5436 5282
f 5282 5436 5438
f 5282 5438 5284
f 5284 5438 5440
f 5284 5440 5286
f 5286 5440 5442
f 5286 5442 5288
f 5288 5442 5444
f 5288 5444 5290
f 5290 5444 5446
f 5290 5446 5292
f 5292 5446 5448
f 5292 5448 5294
f 5294 5448 5450
f 5294 5450 5296
f 5296 5450 5452
f 5296 5452 5298
f 5298 5452 5454
f 5298 5454 5300
f 5300 5454 5456
f 5300 5456 5302
f 5302 5456 5458
f 5302 5458 5304
f 5304 5458 5460
f 5304 5460 5306
f 5306 5460 5462
f 5306 5462 5308
f 5308 5462 5464
f 5308 5464 5310
f 5310 5464 5466
f 5310 5466 5312
f 5312 5466 5468
f 5312 5468 5314
f 5314 5468 5470
f 5314 5470 5316
f 5316 5470 5472
f 5316 5472 5318
f 5318 5472 5474
f 5318 5474 5320
f 5320 5474 5476
f 5320 5476 5322
f 5322 5476 5478
f 5322 5478 5324
f 5324 5478 5480
f 5324 5480 5326
f 5326 5480 5482
f 5326 5482 5328
f 5328 5482 5484
f 5328 5484 5330
f 5330 5484 5486
f 5330 5486 5332
f 5332 5486 5488
f 5332 5488 5334
f 5334 5488 5490
f 5334 5490 5336
f 5336 5490 5492
f 5336 5492 5338
f 5338 5492 5494
f 5338 5494 5340
f 5340 5494 5496
f 5340 5496 5342
f 5342 5496 5498
f 5342 5498 5344
f 5344 5498 5500
f 5344 5500 5346
f 5346 5500 5502
f 5346 5502 5348
f 5348 5502 5504
f 5348 5504 5350
f 5350 5504 5506
f 5350 5506 5352
f 5352 5506 5508
f 5352 5508 5354
f 5354 5508 5510
f 5354 5510 5356
f 5356 5510 5512
f 5356 5512 5358
f 5358 5512 5514
f 5358 5514 5360
f 5360 5514 5516
f 5360 5516 5362
f 5362 5516 5518
f 5362 5518 5364
f 5364 5518 5520
f 5364 5520 5366
f 5366 5520 5522
f 5366 5522 5368
f 5368 5522 5524
f 5368 5524 5370
f 5370 5524 5526
f 5370 5526 5372
f 5372 5526 5528
f 5372 5528 5374
f 5374 5528 5530
f 5374 5530 5376
f 5376 5530 5532
f 5376 5532 5378
f 5378 5532 5534
f 5378 5534 5380
f 5380 5534 5536
f 5380 5536 5382
f 5382 5536 5538
f 5382 5538 5384
f 5384 5538 5540
f 5384 5540 5386
f 5386 5540 5542
f 5386 5542 5388
f 5388 5542 5544
f 5388 5544 5390
f 5392 5546 5548
f 5392 5548 5394
f 5394 5548 5550
f 5394 5550 5396
f 5396 5550 5552
f 5396 5552 5398
f 5398 5552 5554
f 5398 5554 5400
f 5400 5554 5556
f 5400 5556 5402
f 5402 5556 5558
f 5402 5558 5404
f 5404 5558 5560
f 5404 5560 5406
f 5406 5560 5562
f 5406 5562 5408
f 5408 5562 5564
f 5408 5564 5410
f 5410 5564 5566
f 5410 5566 5412
f 5412 5566 5568
f 5412 5568 5414
f 5414 5568 5570
f 5414 5570 5416
f 5416 5570 5572
f 5416 5572 5418
f 5418 5572 5574
f 5418 5574 5420
f 5420 5574 5576
f 5420 5576 5422
f 5422 5576 5578
f 5422 5578 5424
f 5424 5578 5580
f 5424 5580 5426
f 5426 5580 5582
f 5426 5582 5428
f 5428 5582 5584
f 5428 5584 5430
f 5430 5584 5586
f 5430 5586 5432
f 5432 5586 5588
f 5432 5588 5434
f 5434 5588 5590
f 5434 5590 5436
f 5436 5590 5592
f 5436 5592 5438
f 5438 5592 5594
f 5438 5594 5440
f 5440 5594 5596
f 5440 5596 5442
f 5442 5596 5598
f 5442 5598 5444
f 5444 5598 5600
f 5444 5600 5446
f 5446 5600 5602
f 5446 5602 5448
f 5448 5602 5604
f 5448 5604 5450
f 5450 5604 5606
f 5450 5606 5452
f 5452 5606 5608
f 5452 5608 5454
f 5454 5608 5610
f 5454 5610 5456
f 5456 5610 5612
f 5456 5612 5458
f 5458 5612 5614
f 5458 5614 5460
f 5460 5614 5616
f 5460 5616 5462
f 5462 5616 5618
f 5462 5618 5464
f 5464 5618 5620
f 5464 5620 5466
f 5466 5620 5622
f 5466 5622 5468
f 5468 5622 5624
f 5468 5624 5470
f 5470 5624 5626
f 5470 5626 5472
f 5472 5626 5628
f 5472 5628 5474
f 5474 5628 5630
f 5474 5630 5476
f 5476 5630 5632
f 5476 5632 5478
f 5478 5632 5634
f 5478 5634 5480
f 5480 5634 5636
f 5480 5636 5482
f 5482 5636 5638
f 5482 5638 5484
f 5484 5638 5640
f 5484 5640 5486
f 5486 5640 5642
f 5486 5642 5488
f 5488 5642 5644
f 5488 5644 5490
f 5490 5644 5646
f 5490 5646 5492
f 5492 5646 5648
f 5492 5648 5494
f 5494 5648 5650
f 5494 5650 5496
f 5496 5650 5652
f 5496 5652 5498
f 5498 5652 5654
f 5498 5654 5500
f 5500 5654 5656
f 5500 5656 5502
f 5502 5656 5658
f 5502 5658 5504
f 5504 5658 5660
f 5504 5660 5506
f 5506 5660 5662
f 5506 5662 5508
f 5508 5662 5664
f 5508 5664 5510
f 5510 5664 5666
f 5510 5666 5512
f 5512 5666 5668
f 5512 5668 5514
f 5514 5668 5670
f 5514 5670 5516
f 5516 5670 5672
f 5516 5672 5518
f 5518 5672 5674
f 5518 5674 5520
f 5520 5674 5676
f 5520 5676 5522
f 5522 5676 5678
f 5522 5678 5524
f 5524 5678 5680
f 5524 5680 5526
f 5526 5680 5682
f 5526 5682 5528
f 5528 5682 5684
f 5528 5684 5530
f 5530 5684 5686
f 5530 5686 5532
f 5532 5686 5688
f 5532 5688 5534
f 5534 5688 5690
f 5534 5690 5536
f 5536 5690 5692
f 5536 5692 5538
f 5538 5692 5694
f 5538 5694 5540
f 5540 5694 5696
f 5540 5696 5542
f 5542 5696 5698
f 5542 5698 5544
f 5546 5700 5702
f 5546 5702 5548
f 5548 5702 5704
f 5548 5704 5550
f 5550 5704 5706
f 5550 5706 5552
f 5552 5706 5708
f 5552 5708 5554
f 5554 5708 5710
f 5554 5710 5556
f 5556 5710 5712
f 5556 5712 5558
f 5558 5712 5714
f 5558 5714 5560
f 5560 5714 5716
f 5560 5716 5562
f 5562 5716 5718
f 5562 5718 5564
f 5564 5718 5720
f 5564 5720 5566
f 5566 5720 5722
f 5566 5722 5568
f 5568 5722 5724
f 5568 5724 5570
f 5570 5724 5726
f 5570 5726 5572
f 5572 5726 5728
f 5572 5728 5574
f 5574 5728 5730
f 5574 5730 5576
f 5576 5730 5732
f 5576 5732 5578
f 5578 5732 5734
f 5578 5734 5580
f 5580 5734 5736
f 5580 5736 5582
f 5582 5736 5738
f 5582 5738 5584
f 5584 5738 5740
f 5584 5740 5586
f 5586 5740 5742
f 5586 5742 5588
f 5588 5742 5744
f 5588 5744 5590
f 5590 5744 5746
f 5590 5746 5592
f 5592 5746 5748
f 5592 5748 5594
f 5594 5748 5750
f 5594 5750 5596
f 5596 5750 5752
f 5596 5752 5598
f 5598 5752 5754
f 5598 5754 5600
f 5600 5754 5756
f 5600 5756 5602
f 5602 5756 5758
f 5602 5758 5604
f 5604 5758 5760
f 5604 5760 5606
f 5606 5760 5762
f 5606 5762 5608
f 5608 5762 5764
f 5608 5764 5610
f 5610 5764 5766
f 5610 5766 5612
f 5612 5766 5768
f 5612 5768 5614
f 5614 5768 5770
f 5614 5770 5616
f 5616 5770 5772
f 5616 5772 5618
f 5618 5772 5774
f 5618 5774 5620
f 5620 5774 5776
f 5620 5776 5622
f 5622 5776 5778
f 5622 5778 5624
f 5624 5778 5780
f 5624 5780 5626
f 5626 5780 5782
f 5626 5782 5628
f 5628 5782 5784
f 5628 5784 5630
f 5630 5784 5786
f 5630 5786 5632
f 5632 5786 5788
f 5632 5788 5634
f 5634 5788 5790
f 5634 5790 5636
f 5636 5790 5792
f 5636 5792 5638
f 5638 5792 5794
f 5638 5794 5640
f 5640 5794 5796
f 5640 5796 5642
f 5642 5796 5798
f 5642 5798 5644
f 5644 5798 5800
f 5644 5800 5646
f 5646 5800 5802
f 5646 5802 5648
f 5648 5802 5804
f 5648 5804 5650
f 5650 5804 5806
f 5650 5806 5652
f 5652 5806 5808
f 5652 5808 5654
f 5654 5808 5810
f 5654 5810 5656
f 5656 5810 5812
f 5656 5812 5658
f 5658 5812 5814
f 5658 5814 5660
f 5660 5814 5816
f 5660 5816 5662
f 5662 5816 5818
f 5662 5818 5664
f 5664 5818 5820
f 5664 5820 5666
f 5666 5820 5822
f 5666 5822 5668
f 5668 5822 5824
f 5668 5824 5670
f 5670 5824 5826
f 5670 5826 5672
f 5672 5826 5828
f 5672 5828 5674
f 5674 5828 5830
f 5674 5830 5676
f 5676 5830 5832
f 5676 5832 5678
f 5678 5832 5834
f 5678 5834 5680
f 5680 5834 5836
f 5680 5836 5682
f 5682 5836 5838
f 5682 5838 5684
f 5684 5838 5840
f 5684 5840 5686
f 5686 5840 5842
f 5686 5842 5688
f 5688 5842 5844
f 5688 5844 5690
f 5690 5844 5846
f 5690 5846 5692
f 5692 5846 5848
f 5692 5848 5694
f 5694 5848 5850
f 5694 5850 5696
f 5696 5850 5852
f 5696 5852 5698
f 5700 5854 5856
f 5700 5856 5702
f 5702 5856 5858
f 5702 5858 5704
f 5704 5858 5860
f 5704 5860 5706
f 5706 5860 5862
f 5706 5862 5708
f 5708 5862 5864
f 5708 5864 5710
f 5710 5864 5866
f 5710 5866 5712
f 5712 5866 5868
f 5712 5868 5714
f 5714 5868 5870
f 5714 5870 5716
f 5716 5870 5872
f 5716 5872 5718
f 5718 5872 5874
f 5718 5874 5720
f 5720 5874 5876
f 5720 5876 5722
f 5722 5876 5878
f 5722 5878 5724
f 5724 5878 5880
f 5724 5880 5726
f 5726 5880 5882
f 5726 5882 5728
f 5728 5882 5884
f 5728 5884 5730
f 5730 5884 5886
f 5730 5886 5732
f 5732 5886 5888
f 5732 5888 5734
f 5734 5888 5890
f 5734 5890 5736
f 5736 5890 5892
f 5736 5892 5738
f 5738 5892 5894
f 5738 5894 5740
f 5740 5894 5896
f 5740 5896 5742
f 5742 5896 5898
f 5742 5898 5744
f 5744 5898 5900
f 5744 5900 5746
f 5746 5900 5902
f 5746 5902 5748
f 5748 5902 5904
f 5748 5904 5750
f 5750 5904 5906
f 5750 5906 5752
f 5752 5906 5908
f 5752 5908 5754
f 5754 5908 5910
f 5754 5910 5756
f 5756 5910 5912
f 5756 5912 5758
f 5758 5912 5914
f 5758 5914 5760
f 5760 5914 5916
f 5760 5916 5762
f 5762 5916 5918
f 5762 5918 5764
f 5764 5918 5920
f 5764 5920 5766
f 5766 5920 5922
f 5766 5922 5768
f 5768 5922 5924
f 5768 5924 5770
f 5770 5924 5926
f 5770 5926 5772
f 5772 5926 5928
f 5772 5928 5774
f 5774 5928 5930
f 5774 5930 5776
f 5776 5930 5932
f 5776 5932 5778
f 5778 5932 5934
f 5778 5934 5780
f 5780 5934 5936
f 5780 5936 5782
f 5782 5936 5938
f 5782 5938 5784
f 5784 5938 5940
f 5784 5940 5786
f 5786 5940 5942
f 5786 5942 5788
f 5788 5942 5944
f 5788 5944 5790
f 5790 5944 5946
f 5790 5946 5792
f 5792 5946 5948
f 5792 5948 5794
f 5794 5948 5950
f 5794 5950 5796
f 5796 5950 5952
f 5796 5952 5798
f 5798 5952 5954
f 5798 5954 5800
f 5800 5954 5956
f 5800 5956 5802
f 5802 5956 5958
f 5802 5958 5804
f 5804 5958 5960
f 5804 5960 5806
f 5806 5960 5962
f 5806 5962 5808
f 5808 5962 5964
f 5808 5964 5810
f 5810 5964 5966
f 5810 5966 5812
f 5812 5966 5968
f 5812 5968 5814
f 5814 5968 5970
f 5814 5970 5816
f 5816 5970 5972
f 5816 5972 5818
f 5818 5972 5974
f 5818 5974 5820
f 5820 5974 5976
f 5820 5976 5822
f 5822 5976 5978
f 5822 5978 5824
f 5824 5978 5980
f 5824 5980 5826
f 5826 5980 5982
f 5826 5982 5828
f 5828 5982 5984
f 5828 5984 5830
f 5830 5984 5986
f 5830 5986 5832
f 5832 5986 5988
f 5832 5988 5834
f 5834 5988 5990
f 5834 5990 5836
f 5836 5990 5992
f 5836 5992 5838
f 5838 5992 5994
f 5838 5994 5840
f 5840 5994 5996
f 5840 5996 5842
f 5842 5996 5998
f 5842 5998 5844
f 5844 5998 6000
f 5844 6000 5846
f 5846 6000 6002
f 5846 6002 5848
f 5848 6002 6004
f 5848 6004 5850
f 5850 6004 6006
f 5850 6006 5852
f 5854 6008 6010
f 5854 6010 5856
f 5856 6010 6012
f 5856 6012 5858
f 5858 6012 6014
f 5858 6014 5860
f 5860 6014 6016
f 5860 6016 5862
f 5862 6016 6018
f 5862 6018 5864
f 5864 6018 6020
f 5864 6020 5866
f 5866 6020 6022
f 5866 6022 5868
f 5868 6022 6024
f 5868 6024 5870
f 5870 6024 6026
f 5870 6026 5872
f 5872 6026 6028
f 5872 6028 5874
f 5874 6028 6030
f 5874 6030 5876
f 5876 6030 6032
f 5876 6032 5878
f 5878 6032 6034
f 5878 6034 5880
f 5880 6034 6036
f 5880 6036 5882
f 5882 6036 6038
f 5882 6038 5884
f 5884 6038 6040
f 5884 6040 5886
f 5886 6040 6042
f 5886 6042 5888
f 5888 6042 6044
f 5888 6044 5890
f 5890 6044 6046
f 5890 6046 5892
f 5892 6046 6048
f 5892 6048 5894
f 5894 6048 6050
f 5894 6050 5896
f 5896 6050 6052
f 5896 6052 5898
f 5898 6052 6054
f 5898 6054 5900
f 5900 6054 6056
f 5900 6056 5902
f 5902 6056 6058
f 5902 6058 5904
f 5904 6058 6060
f 5904 6060 5906
f 5906 6060 6062
f 5906 6062 5908
f 5908 6062 6064
f 5908 6064 5910
f 5910 6064 6066
f 5910 6066 5912
f 5912 6066 6068
f 5912 6068 5914
f 5914 6068 6070
f 5914 6070 5916
f 5916 6070 6072
f 5916 6072 5918
f 5918 6072 6074
f 5918 6074 5920
f 5920 6074 6076
f 5920 6076 5922
f 5922 6076 6078
f 5922 6078 5924
f 5924 6078 6080
f 5924 6080 5926
f 5926 6080 6082
f 5926 6082 5928
f 5928 6082 6084
f 5928 6084 5930
f 5930 6084 6086
f 5930 6086 5932
f 5932 6086 6088
f 5932 6088 5934
f 5934 6088 6090
f 5934 6090 5936
f 5936 6090 6092
f 5936 6092 5938
f 5938 6092 6094
f 5938 6094 5940
f 5940 6094 6096
f 5940 6096 5942
f 5942 6096 6098
f 5942 6098 5944
f 5944 6098 6100
f 5944 6100 5946
f 5946 6100 6102
f 5946 6102 5948
f 5948 6102 6104
f 5948 6104 5950
f 5950 6104 6106
f 5950 6106 5952
f 5952 6106 6108
f 5952 6108 5954
f 5954 6108 6110
f 5954 6110 5956
f 5956 6110 6112
f 5956 6112 5958
f 5958 6112 6114
f 5958 6114 5960
f 5960 6114 6116
f 5960 6116 5962
f 5962 6116 6118
f 5962 6118 5964
f 5964 6118 6120
f 5964 6120 5966
f 5966 6120 6122
f 5966 6122 5968
f 5968 6122 6124
f 5968 6124 5970
f 5970 6124 6126
f 5970 6126 5972
f 5972 6126 6128
f 5972 6128 5974
f 5974 6128 6130
f 5974 6130 5976
f 5976 6130 6132
f 5976 6132 5978
f 5978 6132 6134
f 5978 6134 5980
f 5980 6134 6136
f 5980 6136 5982
f 5982 6136 6138
f 5982 6138 5984
f 5984 6138 6140
f 5984 6140 5986
f 5986 6140 6142
f 5986 6142 5988
f 5988 6142 6144
f 5988 6144 5990
f 5990 6144 6146
f 5990 6146 5992
f 5992 6146 6148
f 5992 6148 5994
f 5994 6148 6150
f 5994 6150 5996
f 5996 6150 6152
f 5996 6152 5998
f 5998 6152 6154
f 5998 6154 6000
f 6000 6154 6156
f 6000 6156 6002
f 6002 6156 6158
f 6002 6158 6004
f 6004 6158 6160
f 6004 6160 6006
f 6008 6162 6164
f 6008 6164 6010
f 6010 6164 6166
f 6010 6166 6012
f 6012 6166 6168
f 6012 6168 6014
f 6014 6168 6170
f 6014 6170 6016
f 6016 6170 6172
f 6016 6172 6018
f 6018 6172 6174
f 6018 6174 6020
f 6020 6174 6176
f 6020 6176 6022
f 6022 6176 6178
f 6022 6178 6024
f 6024 6178 6180
f 6024 6180 6026
f 6026 6180 6182
f 6026 6182 6028
f 6028 6182 6184
f 6028 6184 6030
f 6030 6184 6186
f 6030 6186 6032
f 6032 6186 6188
f 6032 6188 6034
f 6034 6188 6190
f 6034 6190 6036
f 6036 6190 6192
f 6036 6192 6038
f 6038 6192 6194
f 6038 6194 6040
f 6040 6194 6196
f 6040 6196 6042
f 6042 6196 6198
f 6042 6198 6044
f 6044 6198 6200
f 6044 6200 6046
f 6046 6200 6202
f 6046 6202 6048
f 6048 6202 6204
f 6048 6204 6050
f 6050 6204 6206
f 6050 6206 6052
f 6052 6206 6208
f 6052 6208 6054
f 6054 6208 6210
f 6054 6210 6056
f 6056 6210 6212
f 6056 6212 6058
f 6058 6212 6214
f 6058 6214 6060
f 6060 6214 6216
f 6060 6216 6062
f 6062 6216 6218
f 6062 6218 6064
f 6064 6218 6220
f 6064 6220 6066
f 6066 6220 6222
f 6066 6222 6068
f 6068 6222 6224
f 6068 6224 6070
f 6070 6224 6226
f 6070 6226 6072
f 6072 6226 6228
f 6072 6228 6074
f 6074 6228 6230
f 6074 6230 6076
f 6076 6230 6232
f 6076 6232 6078
f 6078 6232 6234
f 6078 6234 6080
f 6080 6234 6236
f 6080 6236 6082
f 6082 6236 6238
f 6082 6238 6084
f 6084 6238 6240
f 6084 6240 6086
f 6086 6240 6242
f 6086 6242 6088
f 6088 6242 6244
f 6088 6244 6090
f 6090 6244 6246
f 6090 6246 6092
f 6092 6246 6248
f 6092 6248 6094
f 6094 6248 6250
f 6094 6250 6096
f 6096 6250 6252
f 6096 6252 6098
f 6098 6252 6254
f 6098 6254 6100
f 6100 6254 6256
f 6100 6256 6102
f 6102 6256 6258
f 6102 6258 6104
f 6104 6258 6260
f 6104 6260 6106
f 6106 6260 6262
f 6106 6262 6108
f 6108 6262 6264
f 6108 6264 6110
f 6110 6264 6266
f 6110 6266 6112
f 6112 6266 6268
f 6112 6268 6114
f 6114 6268 6270
f 6114 6270 6116
f 6116 6270 6272
f 6116 6272 6118
f 6118 6272 6274
f 6118 6274 6120
f 6120 6274 6276
f 6120 6276 6122
f 6122 6276 6278
f 6122 6278 6124
f 6124 6278 6280
f 6124 6280 6126
f 6126 6280 6282
f 6126 6282 6128
f 6128 6282 6284
f 6128 6284 6130
f 6130 6284 6286
f 6130 6286 6132
f 6132 6286 6288
f 6132 6288 6134
f 6134 6288 6290
f 6134 6290 6136
f 6136 6290 6292
f 6136 6292 6138
f 6138 6292 6294
f 6138 6294 6140
f 6140 6294 6296
f 6140 6296 6142
f 6142 6296 6298
f 6142 6298 6144
f 6144 6298 6300
f 6144 6300 6146
f 6146 6300 6302
f 6146 6302 6148
f 6148 6302 6304
f 6148 6304 6150
f 6150 6304 6306
f 6150 6306 6152
f 6152 6306 6308
f 6152 6308 6154
f 6154 6308 6310
f 6154 6310 6156
f 6156 6310 6312
f 6156 6312 6158
f 6158 6312 6314
f 6158 6314 6160
f 6162 6316 6318
f 6162 6318 6164
f 6164 6318 6320
f 6164 6320 6166
f 6166 6320 6322
f 6166 6322 6168
f 6168 6322 6324
f 6168 6324 6170
f 6170 6324 6326
f 6170 6326 6172
f 6172 6326 6328
f 6172 6328 6174
f 6174 6328 6330
f 6174 6330 6176
f 6176 6330 6332
f 6176 6332 6178
f 6178 6332 6334
f 6178 6334 6180
f 6180 6334 6336
f 6180 6336 6182
f 6182 6336 6338
f 6182 6338 6184
f 6184 6338 6340
f 6184 6340 6186
f 6186 6340 6342
f 6186 6342 6188
f 6188 6342 6344
f 6188 6344 6190
f 6190 6344 6346
f 6190 6346 6192
f 6192 6346 6348
f 6192 6348 6194
f 6194 6348 6350
f 6194 6350 6196
f 6196 6350 6352
f 6196 6352 6198
f 6198 6352 6354
f 6198 6354 6200
f 6200 6354 6356
f 6200 6356 6202
f 6202 6356 6358
f 6202 6358 6204
f 6204 6358 6360
f 6204 6360 6206
f 6206 6360 6362
f 6206 6362 6208
f 6208 6362 6364
f 6208 6364 6210
f 6210 6364 6366
f 6210 6366 6212
f 6212 6366 6368
f 6212 6368 6214
f 6214 6368 6370
f 6214 6370 6216
f 6216 6370 6372
f 6216 6372 6218
f 6218 6372 6374
f 6218 6374 6220
f 6220 6374 6376
f 6220 6376 6222
f 6222 6376 6378
f 6222 6378 6224
f 6224 6378 6380
f 6224 6380 6226
f 6226 6380 6382
f 6226 6382 6228
f 6228 6382 6384
f 6228 6384 6230
f 6230 6384 6386
f 6230 6386 6232
f 6232 6386 6388
f 6232 6388 6234
f 6234 6388 6390
f 6234 6390 6236
f 6236 6390 6392
f 6236 6392 6238
f 6238 6392 6394
f 6238 6394 6240
f 6240 6394 6396
f 6240 6396 6242
f 6242 6396 6398
f 6242 6398 6244
f 6244 6398 6400
f 6244 6400 6246
f 6246 6400 6402
f 6246 6402 6248
f 6248 6402 6404
f 6248 6404 6250
f 6250 6404 6406
f 6250 6406 6252
f 6252 6406 6408
f 6252 6408 6254
f 6254 6408 6410
f 6254 6410 6256
f 6256 6410 6412
f 6256 6412 6258
f 6258 6412 6414
f 6258 6414 6260
f 6260 6414 6416
f 6260 6416 6262
f 6262 6416 6418
f 6262 6418 6264
f 6264 6418 6420
f 6264 6420 6266
f 6266 6420 6422
f 6266 6422 6268
f 6268 6422 6424
f 6268 6424 6270
f 6270 6424 6426
f 6270 6426 6272
f 6272 6426 6428
f 6272 6428 6274
f 6274 6428 6430
f 6274 6430 6276
f 6276 6430 6432
f 6276 6432 6278
f 6278 6432 6434
f 6278 6434 6280
f 6280 6434 6436
f 6280 6436 6282
f 6282 6436 6438
f 6282 6438 6284
f 6284 6438 6440
f 6284 6440 6286
f 6286 6440 6442
f 6286 6442 6288
f 6288 6442 6444
f 6288 6444 6290
f 6290 6444 6446
f 6290 6446 6292
f 6292 6446 6448
f 6292 6448 6294
f 6294 6448 6450
f 6294 6450 6296
f 6296 6450 6452
f 6296 6452 6298
f 6298 6452 6454
f 6298 6454 6300
f 6300 6454 6456
f 6300 6456 6302
f 6302 6456 6458
f 6302 6458 6304
f 6304 6458 6460
f 6304 6460 6306
f 6306 6460 6462
f 6306 6462 6308
f 6308 6462 6464
f 6308 6464 6310
f 6310 6464 6466
f 6310 6466 6312
f 6312 6466 6468
f 6312 6468 6314
f 6316 6470 6472
f 6316 6472 6318
f 6318 6472 6474
f 6318 6474 6320
f 6320 6474 6476
f 6320 6476 6322
f 6322 6476 6478
f 6322 6478 6324
f 6324 6478 6480
f 6324 6480 6326
f 6326 6480 6482
f 6326 6482 6328
f 6328 6482 6484
f 6328 6484 6330
f 6330 6484 6486
f 6330 6486 6332
f 6332 6486 6488
f 6332 6488 6334
f 6334 6488 6490
f 6334 6490 6336
f 6336 6490 6492
f 6336 6492 6338
f 6338 6492 6494
f 6338 6494 6340
f 6340 6494 6496
f 6340 6496 6342
f 6342 6496 6498
f 6342 6498 6344
f 6344 6498 6500
f 6344 6500 6346
f 6346 6500 6502
f 6346 6502 6348
f 6348 6502 6504
f 6348 6504 6350
f 6350 6504 6506
f 6350 6506 6352
f 6352 6506 6508
f 6352 6508 6354
f 6354 6508 6510
f 6354 6510 6356
f 6356 6510 6512
f 6356 6512 6358
f 6358 6512 6514
f 6358 6514 6360
f 6360 6514 6516
f 6360 6516 6362
f 6362 6516 6518
f 6362 6518 6364
f 6364 6518 6520
f 6364 6520 6366
f 6366 6520 6522
f 6366 6522 6368
f 6368 6522 6524
f 6368 6524 6370
f 6370 6524 6526
f 6370 6526 6372
f 6372 6526 6528
f 6372 6528 6374
f 6374 6528 6530
f 6374 6530 6376
f 6376 6530 6532
f 6376 6532 6378
f 6378 6532 6534
f 6378 6534 6380
f 6380 6534 6536
f 6380 6536 6382
f 6382 6536 6538
f 6382 6538 6384
f 6384 6538 6540
f 6384 6540 6386
f 6386 6540 6542
f 6386 6542 6388
f 6388 6542 6544
f 6388 6544 6390
f 6390 6544 6546
f 6390 6546 6392
f 6392 6546 6548
f 6392 6548 6394
f 6394 6548 6550
f 6394 6550 6396
f 6396 6550 6552
f 6396 6552 6398
f 6398 6552 6554
f 6398 6554 6400
f 6400 6554 6556
f 6400 6556 6402
f 6402 6556 6558
f 6402 6558 6404
f 6404 6558 6560
f 6404 6560 6406
f 6406 6560 6562
f 6406 6562 6408
f 6408 6562 6564
f 6408 6564 6410
f 6410 6564 6566
f 6410 6566 6412
f 6412 6566 6568
f 6412 6568 6414
f 6414 6568 6570
f 6414 6570 6416
f 6416 6570 6572
f 6416 6572 6418
f 6418 6572 6574
f 6418 6574 6420
f 6420 6574 6576
f 6420 6576 6422
f 6422 6576 6578
f 6422 6578 6424
f 6424 6578 6580
f 6424 6580 6426
f 6426 6580 6582
f 6426 6582 6428
f 6428 6582 6584
f 6428 6584 6430
f 6430 6584 6586
f 6430 6586 6432
f 6432 6586 6588
f 6432 6588 6434
f 6434 6588 6590
f 6434 6590 6436
f 6436 6590 6592
f 6436 6592 6438
f 6438 6592 6594
f 6438 6594 6440
f 6440 6594 6596
f 6440 6596 6442
f 6442 6596 6598
f 6442 6598 6444
f 6444 6598 6600
f 6444 6600 6446
f 6446 6600 6602
f 6446 6602 6448
f 6448 6602 6604
f 6448 6604 6450
f 6450 6604 6606
f 6450 6606 6452
f 6452 6606 6608
f 6452 6608 6454
f 6454 6608 6610
f 6454 6610 6456
f 6456 6610 6612
f 6456 6612 6458
f 6458 6612 6614
f 6458 6614 6460
f 6460 6614 6616
f 6460 6616 6462
f 6462 6616 6618
f 6462 6618 6464
f 6464 6618 6620
f 6464 6620 6466
f 6466 6620 6622
f 6466 6622 6468
f 6470 6624 6626
f 6470 6626 6472
f 6472 6626 6628
f 6472 6628 6474
f 6474 6628 6630
f 6474 6630 6476
f 6476 6630 6632
f 6476 6632 6478
f 6478 6632 6634
f 6478 6634 6480
f 6480 6634 6636
f 6480 6636 6482
f 6482 6636 6638
f 6482 6638 6484
f 6484 6638 6640
f 6484 6640 6486
f 6486 6640 6642
f 6486 6642 6488
f 6488 6642 6644
f 6488 6644 6490
f 6490 6644 6646
f 6490 6646 6492
f 6492 6646 6648
f 6492 6648 6494
f 6494 6648 6650
f 6494 6650 6496
f 6496 6650 6652
f 6496 6652 6498
f 6498 6652 6654
f 6498 6654 6500
f 6500 6654 6656
f 6500 6656 6502
f 6502 6656 6658
f 6502 6658 6504
f 6504 6658 6660
f 6504 6660 6506
f 6506 6660 6662
f 6506 6662 6508
f 6508 6662 6664
f 6508 6664 6510
f 6510 6664 6666
f 6510 6666 6512
f 6512 6666 6668
f 6512 6668 6514
f 6514 6668 6670
f 6514 6670 6516
f 6516 6670 6672
f 6516 6672 6518
f 6518 6672 6674
f 6518 6674 6520
f 6520 6674 6676
f 6520 6676 6522
f 6522 6676 6678
f 6522 6678 6524
f 6524 6678 6680
f 6524 6680 6526
f 6526 6680 6682
f 6526 6682 6528
f 6528 6682 6684
f 6528 6684 6530
f 6530 6684 6686
f 6530 6686 6532
f 6532 6686 6688
f 6532 6688 6534
f 6534 6688 6690
f 6534 6690 6536
f 6536 6690 6692
f 6536 6692 6538
f 6538 6692 6694
f 6538 6694 6540
f 6540 6694 6696
f 6540 6696 6542
f 6542 6696 6698
f 6542 6698 6544
f 6544 6698 6700
f 6544 6700 6546
f 6546 6700 6702
f 6546 6702 6548
f 6548 6702 6704
f 6548 6704 6550
f 6550 6704 6706
f 6550 6706 6552
f 6552 6706 6708
f 6552 6708 6554
f 6554 6708 6710
f 6554 6710 6556
f 6556 6710 6712
f 6556 6712 6558
f 6558 6712 6714
f 6558 6714 6560
f 6560 6714 6716
f 6560 6716 6562
f 6562 6716 6718
f 6562 6718 6564
f 6564 6718 6720
f 6564 6720 6566
f 6566 6720 6722
f 6566 6722 6568
f 6568 6722 6724
f 6568 6724 6570
f 6570 6724 6726
f 6570 6726 6572
f 6572 6726 6728
f 6572 6728 6574
f 6574 6728 6730
f 6574 6730 6576
f 6576 6730 6732
f 6576 6732 6578
f 6578 6732 6734
f 6578 6734 6580
f 6580 6734 6736
f 6580 6736 6582
f 6582 6736 6738
f 6582 6738 6584
f 6584 6738 6740
f 6584 6740 6586
f 6586 6740 6742
f 6586 6742 6588
f 6588 6742 6744
f 6588 6744 6590
f 6590 6744 6746
f 6590 6746 6592
f 6592 6746 6748
f 6592 6748 6594
f 6594 6748 6750
f 6594 6750 6596
f 6596 6750 6752
f 6596 6752 6598
f 6598 6752 6754
f 6598 6754 6600
f 6600 6754 6756
f 6600 6756 6602
f 6602 6756 6758
f 6602 6758 6604
f 6604 6758 6760
f 6604 6760 6606
f 6606 6760 6762
f 6606 6762 6608
f 6608 6762 6764
f 6608 6764 6610
f 6610 6764 6766
f 6610 6766 6612
f 6612 6766 6768
f 6612 6768 6614
f 6614 6768 6770
f 6614 6770 6616
f 6616 6770 6772
f 6616 6772 6618
f 6618 6772 6774
f 6618 6774 6620
f 6620 6774 6776
f 6620 6776 6622
f 6624 6778 6780
f 6624 6780 6626
f 6626 6780 6782
f 6626 6782 6628
f 6628 6782 6784
f 6628 6784 6630
f 6630 6784 6786
f 6630 6786 6632
f 6632 6786 6788
f 6632 6788 6634
f 6634 6788 6790
f 6634 6790 6636
f 6636 6790 6792
f 6636 6792 6638
f 6638 6792 6794
f 6638 6794 6640
f 6640 6794 6796
f 6640 6796 6642
f 6642 6796 6798
f 6642 6798 6644
f 6644 6798 6800
f 6644 6800 6646
f 6646 6800 6802
f 6646 6802 6648
f 6648 6802 6804
f 6648 6804 6650
f 6650 6804 6806
f 6650 6806 6652
f 6652 6806 6808
f 6652 6808 6654
f 6654 6808 6810
f 6654 6810 6656
f 6656 6810 6812
f 6656 6812 6658
f 6658 6812 6814
f 6658 6814 6660
f 6660 6814 6816
f 6660 6816 6662
f 6662 6816 6818
f 6662 6818 6664
f 6664 6818 6820
f 6664 6820 6666
f 6666 6820 6822
f 6666 6822 6668
f 6668 6822 6824
f 6668 6824 6670
f 6670 6824 6826
f 6670 6826 6672
f 6672 6826 6828
f 6672 6828 6674
f 6674 6828 6830
f 6674 6830 6676
f 6676 6830 6832
f 6676 6832 6678
f 6678 6832 6834
f 6678 6834 6680
f 6680 6834 6836
f 6680 6836 6682
f 6682 6836 6838
f 6682 6838 6684
f 6684 6838 6840
f 6684 6840 6686
f 6686 6840 6842
f 6686 6842 6688
f 6688 6842 6844
f 6688 6844 6690
f 6690 6844 6846
f 6690 6846 6692
f 6692 6846 6848
f 6692 6848 6694
f 6694 6848 6850
f 6694 6850 6696
f 6696 6850 6852
f 6696 6852 6698
f 6698 6852 6854
f 6698 6854 6700
f 6700 6854 6856
f 6700 6856 6702
f 6702 6856 6858
f 6702 6858 6704
f 6704 6858 6860
f 6704 6860 6706
f 6706 6860 6862
f 6706 6862 6708
f 6708 6862 6864
f 6708 6864 6710
f 6710 6864 6866
f 6710 6866 6712
f 6712 6866 6868
f 6712 6868 6714
f 6714 6868 6870
f 6714 6870 6716
f 6716 6870 6872
f 6716 6872 6718
f 6718 6872 6874
f 6718 6874 6720
f 6720 6874 6876
f 6720 6876 6722
f 6722 6876 6878
f 6722 6878 6724
f 6724 6878 6880
f 6724 6880 6726
f 6726 6880 6882
f 6726 6882 6728
f 6728 6882 6884
f 6728 6884 6730
f 6730 6884 6886
f 6730 6886 6732
f 6732 6886 6888
f 6732 6888 6734
f 6734 6888 6890
f 6734 6890 6736
f 6736 6890 6892
f 6736 6892 6738
f 6738 6892 6894
f 6738 6894 6740
f 6740 6894 6896
f 6740 6896 6742
f 6742 6896 6898
f 6742 6898 6744
f 6744 6898 6900
f 6744 6900 6746
f 6746 6900 6902
f 6746 6902 6748
f 6748 6902 6904
f 6748 6904 6750
f 6750 6904 6906
f 6750 6906 6752
f 6752 6906 6908
f 6752 6908 6754
f 6754 6908 6910
f 6754 6910 6756
f 6756 6910 6912
f 6756 6912 6758
f 6758 6912 6914
f 6758 6914 6760
f 6760 6914 6916
f 6760 6916 6762
f 6762 6916 6918
f 6762 6918 6764
f 6764 6918 6920
f 6764 6920 6766
f 6766 6920 6922
f 6766 6922 6768
f 6768 6922 6924
f 6768 6924 6770
f 6770 6924 6926
f 6770 6926 6772
f 6772 6926 6928
f 6772 6928 6774
f 6774 6928 6930
f 6774 6930 6776
f 6778 6932 6934
f 6778 6934 6780
f 6780 6934 6936
f 6780 6936 6782
f 6782 6936 6938
f 6782 6938 6784
f 6784 6938 6940
f 6784 6940 6786
f 6786 6940 6942
f 6786 6942 6788
f 6788 6942 6944
f 6788 6944 6790
f 6790 6944 6946
f 6790 6946 6792
f 6792 6946 6948
f 6792 6948 6794
f 6794 6948 6950
f 6794 6950 6796
f 6796 6950 6952
f 6796 6952 6798
f 6798 6952 6954
f 6798 6954 6800
f 6800 6954 6956
f 6800 6956 6802
f 6802 6956 6958
f 6802 6958 6804
f 6804 6958 6960
f 6804 6960 6806
f 6806 6960 6962
f 6806 6962 6808
f 6808 6962 6964
f 6808 6964 6810
f 6810 6964 6966
f 6810 6966 6812
f 6812 6966 6968
f 6812 6968 6814
f 6814 6968 6970
f 6814 6970 6816
f 6816 6970 6972
f 6816 6972 6818
f 6818 6972 6974
f 6818 6974 6820
f 6820 6974 6976
f 6820 6976 6822
f 6822 6976 6978
f 6822 6978 6824
f 6824 6978 6980
f 6824 6980 6826
f 6826 6980 6982
f 6826 6982 6828
f 6828 6982 6984
f 6828 6984 6830
f 6830 6984 6986
f 6830 6986 6832
f 6832 6986 6988
f 6832 6988 6834
f 6834 6988 6990
f 6834 6990 6836
f 6836 6990 6992
f 6836 6992 6838
f 6838 6992 6994
f 6838 6994 6840
f 6840 6994 6996
f 6840 6996 6842
f 6842 6996 6998
f 6842 6998 6844
f 6844 6998 7000
f 6844 7000 6846
f 6846 7000 7002
f 6846 7002 6848
f 6848 7002 7004
f 6848 7004 6850
f 6850 7004 7006
f 6850 7006 6852
f 6852 7006 7008
f 6852 7008 6854
f 6854 7008 7010
f 6854 7010 6856
f 6856 7010 7012
f 6856 7012 6858
f 6858 7012 7014
f 6858 7014 6860
f 6860 7014 7016
f 6860 7016 6862
f 6862 7016 7018
f 6862 7018 6864
f 6864 7018 7020
f 6864 7020 6866
f 6866 7020 7022
f 6866 7022 6868
f 6868 7022 7024
f 6868 7024 6870
f 6870 7024 7026
f 6870 7026 6872
f 6872 7026 7028
f 6872 7028 6874
f 6874 7028 7030
f 6874 7030 6876
f 6876 7030 7032
f 6876 7032 6878
f 6878 7032 7034
f 6878 7034 6880
f 6880 7034 7036
f 6880 7036 6882
f 6882 7036 7038
f 6882 7038 6884
f 6884 7038 7040
f 6884 7040 6886
f 6886 7040 7042
f 6886 7042 6888
f 6888 7042 7044
f 6888 7044 6890
f 6890 7044 7046
f 6890 7046 6892
f 6892 7046 7048
f 6892 7048 6894
f 6894 7048 7050
f 6894 7050 6896
f 6896 7050 7052
f 6896 7052 6898
f 6898 7052 7054
f 6898 7054 6900
f 6900 7054 7056
f 6900 7056 6902
f 6902 7056 7058
f 6902 7058 6904
f 6904 7058 7060
f 6904 7060 6906
f 6906 7060 7062
f 6906 7062 6908
f 6908 7062 7064
f 6908 7064 6910
f 6910 7064 7066
f 6910 7066 6912
f 6912 7066 7068
f 6912 7068 6914
f 6914 7068 7070
f 6914 7070 6916
f 6916 7070 7072
f 6916 7072 6918
f 6918 7072 7074
f 6918 7074 6920
f 6920 7074 7076
f 6920 7076 6922
f 6922 7076 7078
f 6922 7078 6924
f 6924 7078 7080
f 6924 7080 6926
f 6926 7080 7082
f 6926 7082 6928
f 6928 7082 7084
f 6928 7084 6930
f 6932 7086 7088
f 6932 7088 6934
f 6934 7088 7090
f 6934 7090 6936
f 6936 7090 7092
f 6936 7092 6938
f 6938 7092 7094
f 6938 7094 6940
f 6940 7094 7096
f 6940 7096 6942
f 6942 7096 7098
f 6942 7098 6944
f 6944 7098 7100
f 6944 7100 6946
f 6946 7100 7102
f 6946 7102 6948
f 6948 7102 7104
f 6948 7104 6950
f 6950 7104 7106
f 6950 7106 6952
f 6952 7106 7108
f 6952 7108 6954
f 6954 7108 7110
f 6954 7110 6956
f 6956 7110 7112
f 6956 7112 6958
f 6958 7112 7114
f 6958 7114 6960
f 6960 7114 7116
f 6960 7116 6962
f 6962 7116 7118
f 6962 7118 6964
f 6964 7118 7120
f 6964 7120 6966
f 6966 7120 7122
f 6966 7122 6968
f 6968 7122 7124
f 6968 7124 6970
f 6970 7124 7126
f 6970 7126 6972
f 6972 7126 7128
f 6972 7128 6974
f 6974 7128 7130
f 6974 7130 6976
f 6976 7130 7132
f 6976 7132 6978
f 6978 7132 7134
f 6978 7134 6980
f 6980 7134 7136
f 6980 7136 6982
f 6982 7136 7138
f 6982 7138 6984
f 6984 7138 7140
f 6984 7140 6986
f 6986 7140 7142
f 6986 7142 6988
f 6988 7142 7144
f 6988 7144 6990
f 6990 7144 7146
f 6990 7146 6992
f 6992 7146 7148
f 6992 7148 6994
f 6994 7148 7150
f 6994 7150 6996
f 6996 7150 7152
f 6996 7152 6998
f 6998 7152 7154
f 6998 7154 7000
f 7000 7154 7156
f 7000 7156 7002
f 7002 7156 7158
f 7002 7158 7004
f 7004 7158 7160
f 7004 7160 7006
f 7006 7160 7162
f 7006 7162 7008
f 7008 7162 7164
f 7008 7164 7010
f 7010 7164 7166
f 7010 7166 7012
f 7012 7166 7168
f 7012 7168 7014
f 7014 7168 7170
f 7014 7170 7016
f 7016 7170 7172
f 7016 7172 7018
f 7018 7172 7174
f 7018 7174 7020
f 7020 7174 7176
f 7020 7176 7022
f 7022 7176 7178
f 7022 7178 7024
f 7024 7178 7180
f 7024 7180 7026
f 7026 7180 7182
f 7026 7182 7028
f 7028 7182 7184
f 7028 7184 7030
f 7030 7184 7186
f 7030 7186 7032
f 7032 7186 7188
f 7032 7188 7034
f 7034 7188 7190
f 7034 7190 7036
f 7036 7190 7192
f 7036 7192 7038
f 7038 7192 7194
f 7038 7194 7040
f 7040 7194 7196
f 7040 7196 7042
f 7042 7196 7198
f 7042 7198 7044
f 7044 7198 7200
f 7044 7200 7046
f 7046 7200 7202
f 7046 7202 7048
f 7048 7202 7204
f 7048 7204 7050
f 7050 7204 7206
f 7050 7206 7052
f 7052 7206 7208
f 7052 7208 7054
f 7054 7208 7210
f 7054 7210 7056
f 7056 7210 7212
f 7056 7212 7058
f 7058 7212 7214
f 7058 7214 7060
f 7060 7214 7216
f 7060 7216 7062
f 7062 7216 7218
f 7062 7218 7064
f 7064 7218 7220
f 7064 7220 7066
f 7066 7220 7222
f 7066 7222 7068
f 7068 7222 7224
f 7068 7224 7070
f 7070 7224 7226
f 7070 7226 7072
f 7072 7226 7228
f 7072 7228 7074
f 7074 7228 7230
f 7074 7230 7076
f 7076 7230 7232
f 7076 7232 7078
f 7078 7232 7234
f 7078 7234 7080
f 7080 7234 7236
f 7080 7236 7082
f 7082 7236 7238
f 7082 7238 7084
f 7086 7240 7242
f 7086 7242 7088
f 7088 7242 7244
f 7088 7244 7090
f 7090 7244 7246
f 7090 7246 7092
f 7092 7246 7248
f 7092 7248 7094
f 7094 7248 7250
f 7094 7250 7096
f 7096 7250 7252
f 7096 7252 7098
f 7098 7252 7254
f 7098 7254 7100
f 7100 7254 7256
f 7100 7256 7102
f 7102 7256 7258
f 7102 7258 7104
f 7104 7258 7260
f 7104 7260 7106
f 7106 7260 7262
f 7106 7262 7108
f 7108 7262 7264
f 7108 7264 7110
f 7110 7264 7266
f 7110 7266 7112
f 7112 7266 7268
f 7112 7268 7114
f 7114 7268 7270
f 7114 7270 7116
f 7116 7270 7272
f 7116 7272 7118
f 7118 7272 7274
f 7118 7274 7120
f 7120 7274 7276
f 7120 7276 7122
f 7122 7276 7278
f 7122 7278 7124
f 7124 7278 7280
f 7124 7280 7126
f 7126 7280 7282
f 7126 7282 7128
f 7128 7282 7284
f 7128 7284 7130
f 7130 7284 7286
f 7130 7286 7132
f 7132 7286 7288
f 7132 7288 7134
f 7134 7288 7290
f 7134 7290 7136
f 7136 7290 7292
f 7136 7292 7138
f 7138 7292 7294
f 7138 7294 7140
f 7140 7294 7296
f 7140 7296 7142
f 7142 7296 7298
f 7142 7298 7144
f 7144 7298 7300
f 7144 7300 7146
f 7146 7300 7302
f 7146 7302 7148
f 7148 7302 7304
f 7148 7304 7150
f 7150 7304 7306
f 7150 7306 7152
f 7152 7306 7308
f 7152 7308 7154
f 7154 7308 7310
f 7154 7310 7156
f 7156 7310 7312
f 7156 7312 7158
f 7158 7312 7314
f 7158 7314 7160
f 7160 7314 7316
f 7160 7316 7162
f 7162 7316 7318
f 7162 7318 7164
f 7164 7318 7320
f 7164 7320 7166
f 7166 7320 7322
f 7166 7322 7168
f 7168 7322 7324
f 7168 7324 7170
f 7170 7324 7326
f 7170 7326 7172
f 7172 7326 7328
f 7172 7328 7174
f 7174 7328 7330
f 7174 7330 7176
f 7176 7330 7332
f 7176 7332 7178
f 7178 7332 7334
f 7178 7334 7180
f 7180 7334 7336
f 7180 7336 7182
f 7182 7336 7338
f 7182 7338 7184
f 7184 7338 7340
f 7184 7340 7186
f 7186 7340 7342
f 7186 7342 7188
f 7188 7342 7344
f 7188 7344 7190
f 7190 7344 7346
f 7190 7346 7192
f 7192 7346 7348
f 7192 7348 7194
f 7194 7348 7350
f 7194 7350 7196
f 7196 7350 7352
f 7196 7352 7198
f 7198 7352 7354
f 7198 7354 7200
f 7200 7354 7356
f 7200 7356 7202
f 7202 7356 7358
f 7202 7358 7204
f 7204 7358 7360
f 7204 7360 7206
f 7206 7360 7362
f 7206 7362 7208
f 7208 7362 7364
f 7208 7364 7210
f 7210 7364 7366
f 7210 7366 7212
f 7212 7366 7368
f 7212 7368 7214
f 7214 7368 7370
f 7214 7370 7216
f 7216 7370 7372
f 7216 7372 7218
f 7218 7372 7374
f 7218 7374 7220
f 7220 7374 7376
f 7220 7376 7222
f 7222 7376 7378
f 7222 7378 7224
f 7224 7378 7380
f 7224 7380 7226
f 7226 7380 7382
f 7226 7382 7228
f 7228 7382 7384
f 7228 7384 7230
f 7230 7384 7386
f 7230 7386 7232
f 7232 7386 7388
f 7232 7388 7234
f 7234 7388 7390
f 7234 7390 7236
f 7236 7390 7392
f 7236 7392 7238
f 7240 7394 7396
f 7240 7396 7242
f 7242 7396 7398
f 7242 7398 7244
f 7244 7398 7400
f 7244 7400 7246
f 7246 7400 7402
f 7246 7402 7248
f 7248 7402 7404
f 7248 7404 7250
f 7250 7404 7406
f 7250 7406 7252
f 7252 7406 7408
f 7252 7408 7254
f 7254 7408 7410
f 7254 7410 7256
f 7256 7410 7412
f 7256 7412 7258
f 7258 7412 7414
f 7258 7414 7260
f 7260 7414 7416
f 7260 7416 7262
f 7262 7416 7418
f 7262 7418 7264
f 7264 7418 7420
f 7264 7420 7266
f 7266 7420 7422
f 7266 7422 7268
f 7268 7422 7424
f 7268 7424 7270
f 7270 7424 7426
f 7270 7426 7272
f 7272 7426 7428
f 7272 7428 7274
f 7274 7428 7430
f 7274 7430 7276
f 7276 7430 7432
f 7276 7432 7278
f 7278 7432 7434
f 7278 7434 7280
f 7280 7434 7436
f 7280 7436 7282
f 7282 7436 7438
f 7282 7438 7284
f 7284 7438 7440
f 7284 7440 7286
f 7286 7440 7442
f 7286 7442 7288
f 7288 7442 7444
f 7288 7444 7290
f 7290 7444 7446
f 7290 7446 7292
f 7292 7446 7448
f 7292 7448 7294
f 7294 7448 7450
f 7294 7450 7296
f 7296 7450 7452
f 7296 7452 7298
f 7298 7452 7454
f 7298 7454 7300
f 7300 7454 7456
f 7300 7456 7302
f 7302 7456 7458
f 7302 7458 7304
f 7304 7458 7460
f 7304 7460 7306
f 7306 7460 7462
f 7306 7462 7308
f 7308 7462 7464
f 7308 7464 7310
f 7310 7464 7466
f 7310 7466 7312
f 7312 7466 7468
f 7312 7468 7314
f 7314 7468 7470
f 7314 7470 7316
f 7316 7470 7472
f 7316 7472 7318
f 7318 7472 7474
f 7318 7474 7320
f 7320 7474 7476
f 7320 7476 7322
f 7322 7476 7478
f 7322 7478 7324
f 7324 7478 7480
f 7324 7480 7326
f 7326 7480 7482
f 7326 7482 7328
f 7328 7482 7484
f 7328 7484 7330
f 7330 7484 7486
f 7330 7486 7332
f 7332 7486 7488
f 7332 7488 7334
f 7334 7488 7490
f 7334 7490 7336
f 7336 7490 7492
f 7336 7492 7338
f 7338 7492 7494
f 7338 7494 7340
f 7340 7494 7496
f 7340 7496 7342
f 7342 7496 7498
f 7342 7498 7344
f 7344 7498 7500
f 7344 7500 7346
f 7346 7500 7502
f 7346 7502 7348
f 7348 7502 7504
f 7348 7504 7350
f 7350 7504 7506
f 7350 7506 7352
f 7352 7506 7508
f 7352 7508 7354
f 7354 7508 7510
f 7354 7510 7356
f 7356 7510 7512
f 7356 7512 7358
f 7358 7512 7514
f 7358 7514 7360
f 7360 7514 7516
f 7360 7516 7362
f 7362 7516 7518
f 7362 7518 7364
f 7364 7518 7520
f 7364 7520 7366
f 7366 7520 7522
f 7366 7522 7368
f 7368 7522 7524
f 7368 7524 7370
f 7370 7524 7526
f 7370 7526 7372
f 7372 7526 7528
f 7372 7528 7374
f 7374 7528 7530
f 7374 7530 7376
f 7376 7530 7532
f 7376 7532 7378
f 7378 7532 7534
f 7378 7534 7380
f 7380 7534 7536
f 7380 7536 7382
f 7382 7536 7538
f 7382 7538 7384
f 7384 7538 7540
f 7384 7540 7386
f 7386 7540 7542
f 7386 7542 7388
f 7388 7542 7544
f 7388 7544 7390
f 7390 7544 7546
f 7390 7546 7392
f 7394 7548 7550
f 7394 7550 7396
f 7396 7550 7552
f 7396 7552 7398
f 7398 7552 7554
f 7398 7554 7400
f 7400 7554 7556
f 7400 7556 7402
f 7402 7556 7558
f 7402 7558 7404
f 7404 7558 7560
f 7404 7560 7406
f 7406 7560 7562
f 7406 7562 7408
f 7408 7562 7564
f 7408 7564 7410
f 7410 7564 7566
f 7410 7566 7412
f 7412 7566 7568
f 7412 7568 7414
f 7414 7568 7570
f 7414 7570 7416
f 7416 7570 7572
f 7416 7572 7418
f 7418 7572 7574
f 7418 7574 7420
f 7420 7574 7576
f 7420 7576 7422
f 7422 7576 7578
f 7422 7578 7424
f 7424 7578 7580
f 7424 7580 7426
f 7426 7580 7582
f 7426 7582 7428
f 7428 7582 7584
f 7428 7584 7430
f 7430 7584 7586
f 7430 7586 7432
f 7432 7586 7588
f 7432 7588 7434
f 7434 7588 7590
f 7434 7590 7436
f 7436 7590 7592
f 7436 7592 7438
f 7438 7592 7594
f 7438 7594 7440
f 7440 7594 7596
f 7440 7596 7442
f 7442 7596 7598
f 7442 7598 7444
f 7444 7598 7600
f 7444 7600 7446
f 7446 7600 7602
f 7446 7602 7448
f 7448 7602 7604
f 7448 7604 7450
f 7450 7604 7606
f 7450 7606 7452
f 7452 7606 7608
f 7452 7608 7454
f 7454 7608 7610
f 7454 7610 7456
f 7456 7610 7612
f 7456 7612 7458
f 7458 7612 7614
f 7458 7614 7460
f 7460 7614 7616
f 7460 7616 7462
f 7462 7616 7618
f 7462 7618 7464
f 7464 7618 7620
f 7464 7620 7466
f 7466 7620 7622
f 7466 7622 7468
f 7468 7622 7624
f 7468 7624 7470
f 7470 7624 7626
f 7470 7626 7472
f 7472 7626 7628
f 7472 7628 7474
f 7474 7628 7630
f 7474 7630 7476
f 7476 7630 7632
f 7476 7632 7478
f 7478 7632 7634
f 7478 7634 7480
f 7480 7634 7636
f 7480 7636 7482
f 7482 7636 7638
f 7482 7638 7484
f 7484 7638 7640
f 7484 7640 7486
f 7486 7640 7642
f 7486 7642 7488
f 7488 7642 7644
f 7488 7644 7490
f 7490 7644 7646
f 7490 7646 7492
f 7492 7646 7648
f 7492 7648 7494
f 7494 7648 7650
f 7494 7650 7496
f 7496 7650 7652
f 7496 7652 7498
f 7498 7652 7654
f 7498 7654 7500
f 7500 7654 7656
f 7500 7656 7502
f 7502 7656 7658
f 7502 7658 7504
f 7504 7658 7660
f 7504 7660 7506
f 7506 7660 7662
f 7506 7662 7508
f 7508 7662 7664
f 7508 7664 7510
f 7510 7664 7666
f 7510 7666 7512
f 7512 7666 7668
f 7512 7668 7514
f 7514 7668 7670
f 7514 7670 7516
f 7516 7670 7672
f 7516 7672 7518
f 7518 7672 7674
f 7518 7674 7520
f 7520 7674 7676
f 7520 7676 7522
f 7522 7676 7678
f 7522 7678 7524
f 7524 7678 7680
f 7524 7680 7526
f 7526 7680 7682
f 7526 7682 7528
f 7528 7682 7684
f 7528 7684 7530
f 7530 7684 7686
f 7530 7686 7532
f 7532 7686 7688
f 7532 7688 7534
f 7534 7688 7690
f 7534 7690 7536
f 7536 7690 7692
f 7536 7692 7538
f 7538 7692 7694
f 7538 7694 7540
f 7540 7694 7696
f 7540 7696 7542
f 7542 7696 7698
f 7542 7698 7544
f 7544 7698 7700
f 7544 7700 7546
f 7548 7702 7704
f 7548 7704 7550
f 7550 7704 7706
f 7550 7706 7552
f 7552 7706 7708
f 7552 7708 7554
f 7554 7708 7710
f 7554 7710 7556
f 7556 7710 7712
f 7556 7712 7558
f 7558 7712 7714
f 7558 7714 7560
f 7560 7714 7716
f 7560 7716 7562
f 7562 7716 7718
f 7562 7718 7564
f 7564 7718 7720
f 7564 7720 7566
f 7566 7720 7722
f 7566 7722 7568
f 7568 7722 7724
f 7568 7724 7570
f 7570 7724 7726
f 7570 7726 7572
f 7572 7726 7728
f 7572 7728 7574
f 7574 7728 7730
f 7574 7730 7576
f 7576 7730 7732
f 7576 7732 7578
f 7578 7732 7734
f 7578 7734 7580
f 7580 7734 7736
f 7580 7736 7582
f 7582 7736 7738
f 7582 7738 7584
f 7584 7738 7740
f 7584 7740 7586
f 7586 7740 7742
f 7586 7742 7588
f 7588 7742 7744
f 7588 7744 7590
f 7590 7744 7746
f 7590 7746 7592
f 7592 7746 7748
f 7592 7748 7594
f 7594 7748 7750
f 7594 7750 7596
f 7596 7750 7752
f 7596 7752 7598
f 7598 7752 7754
f 7598 7754 7600
f 7600 7754 7756
f 7600 7756 7602
f 7602 7756 7758
f 7602 7758 7604
f 7604 7758 7760
f 7604 7760 7606
f 7606 7760 7762
f 7606 7762 7608
f 7608 7762 7764
f 7608 7764 7610
f 7610 7764 7766
f 7610 7766 7612
f 7612 7766 7768
f 7612 7768 7614
f 7614 7768 7770
f 7614 7770 7616
f 7616 7770 7772
f 7616 7772 7618
f 7618 7772 7774
f 7618 7774 7620
f 7620 7774 7776
f 7620 7776 7622
f 7622 7776 7778
f 7622 7778 7624
f 7624 7778 7780
f 7624 7780 7626
f 7626 7780 7782
f 7626 7782 7628
f 7628 7782 7784
f 7628 7784 7630
f 7630 7784 7786
f 7630 7786 7632
f 7632 7786 7788
f 7632 7788 7634
f 7634 7788 7790
f 7634 7790 7636
f 7636 7790 7792
f 7636 7792 7638
f 7638 7792 7794
f 7638 7794 7640
f 7640 7794 7796
f 7640 7796 7642
f 7642 7796 7798
f 7642 7798 7644
f 7644 7798 7800
f 7644 7800 7646
f 7646 7800 7802
f 7646 7802 7648
f 7648 7802 7804
f 7648 7804 7650
f 7650 7804 7806
f 7650 7806 7652
f 7652 7806 7808
f 7652 7808 7654
f 7654 7808 7810
f 7654 7810 7656
f 7656 7810 7812
f 7656 7812 7658
f 7658 7812 7814
f 7658 7814 7660
f 7660 7814 7816
f 7660 7816 7662
f 7662 7816 7818
f 7662 7818 7664
f 7664 7818 7820
f 7664 7820 7666
f 7666 7820 7822
f 7666 7822 7668
f 7668 7822 7824
f 7668 7824 7670
f 7670 7824 7826
f 7670 7826 7672
f 7672 7826 7828
f 7672 7828 7674
f 7674 7828 7830
f 7674 7830 7676
f 7676 7830 7832
f 7676 7832 7678
f 7678 7832 7834
f 7678 7834 7680
f 7680 7834 7836
f 7680 7836 7682
f 7682 7836 7838
f 7682 7838 7684
f 7684 7838 7840
f 7684 7840 7686
f 7686 7840 7842
f 7686 7842 7688
f 7688 7842 7844
f 7688 7844 7690
f 7690 7844 7846
f 7690 7846 7692
f 7692 7846 7848
f 7692 7848 7694
f 7694 7848 7850
f 7694 7850 7696
f 7696 7850 7852
f 7696 7852 7698
f 7698 7852 7854
f 7698 7854 7700
f 7702 7856 7858
f 7702 7858 7704
f 7704 7858 7860
f 7704 7860 7706
f 7706 7860 7862
f 7706 7862 7708
f 7708 7862 7864
f 7708 7864 7710
f 7710 7864 7866
f 7710 7866 7712
f 7712 7866 7868
f 7712 7868 7714
f 7714 7868 7870
f 7714 7870 7716
f 7716 7870 7872
f 7716 7872 7718
f 7718 7872 7874
f 7718 7874 7720
f 7720 7874 7876
f 7720 7876 7722
f 7722 7876 7878
f 7722 7878 7724
f 7724 7878 7880
f 7724 7880 7726
f 7726 7880 7882
f 7726 7882 7728
f 7728 7882 7884
f 7728 7884 7730
f 7730 7884 7886
f 7730 7886 7732
f 7732 7886 7888
f 7732 7888 7734
f 7734 7888 7890
f 7734 7890 7736
f 7736 7890 7892
f 7736 7892 7738
f 7738 7892 7894
f 7738 7894 7740
f 7740 7894 7896
f 7740 7896 7742
f 7742 7896 7898
f 7742 7898 7744
f 7744 7898 7900
f 7744 7900 7746
f 7746 7900 7902
f 7746 7902 7748
f 7748 7902 7904
f 7748 7904 7750
f 7750 7904 7906
f 7750 7906 7752
f 7752 7906 7908
f 7752 7908 7754
f 7754 7908 7910
f 7754 7910 7756
f 7756 7910 7912
f 7756 7912 7758
f 7758 7912 7914
f 7758 7914 7760
f 7760 7914 7916
f 7760 7916 7762
f 7762 7916 7918
f 7762 7918 7764
f 7764 7918 7920
f 7764 7920 7766
f 7766 7920 7922
f 7766 7922 7768
f 7768 7922 7924
f 7768 7924 7770
f 7770 7924 7926
f 7770 7926 7772
f 7772 7926 7928
f 7772 7928 7774
f 7774 7928 7930
f 7774 7930 7776
f 7776 7930 7932
f 7776 7932 7778
f 7778 7932 7934
f 7778 7934 7780
f 7780 7934 7936
f 7780 7936 7782
f 7782 7936 7938
f 7782 7938 7784
f 7784 7938 7940
f 7784 7940 7786
f 7786 7940 7942
f 7786 7942 7788
f 7788 7942 7944
f 7788 7944 7790
f 7790 7944 7946
f 7790 7946 7792
f 7792 7946 7948
f 7792 7948 7794
f 7794 7948 7950
f 7794 7950 7796
f 7796 7950 7952
f 7796 7952 7798
f 7798 7952 7954
f 7798 7954 7800
f 7800 7954 7956
f 7800 7956 7802
f 7802 7956 7958
f 7802 7958 7804
f 7804 7958 7960
f 7804 7960 7806
f 7806 7960 7962
f 7806 7962 7808
f 7808 7962 7964
f 7808 7964 7810
f 7810 7964 7966
f 7810 7966 7812
f 7812 7966 7968
f 7812 7968 7814
f 7814 7968 7970
f 7814 7970 7816
f 7816 7970 7972
f 7816 7972 7818
f 7818 7972 7974
f 7818 7974 7820
f 7820 7974 7976
f 7820 7976 7822
f 7822 7976 7978
f 7822 7978 7824
f 7824 7978 7980
f 7824 7980 7826
f 7826 7980 7982
f 7826 7982 7828
f 7828 7982 7984
f 7828 7984 7830
f 7830 7984 7986
f 7830 7986 7832
f 7832 7986 7988
f 7832 7988 7834
f 7834 7988 7990
f 7834 7990 7836
f 7836 7990 7992
f 7836 7992 7838
f 7838 7992 7994
f 7838 7994 7840
f 7840 7994 7996
f 7840 7996 7842
f 7842 7996 7998
f 7842 7998 7844
f 7844 7998 8000
f 7844 8000 7846
f 7846 8000 8002
f 7846 8002 7848
f 7848 8002 8004
f 7848 8004 7850
f 7850 8004 8006
f 7850 8006 7852
f 7852 8006 8008
f 7852 8008 7854
f 7856 8010 8012
f 7856 8012 7858
f 7858 8012 8014
f 7858 8014 7860
f 7860 8014 8016
f 7860 8016 7862
f 7862 8016 8018
f 7862 8018 7864
f 7864 8018 8020
f 7864 8020 7866
f 7866 8020 8022
f 7866 8022 7868
f 7868 8022 8024
f 7868 8024 7870
f 7870 8024 8026
f 7870 8026 7872
f 7872 8026 8028
f 7872 8028 7874
f 7874 8028 8030
f 7874 8030 7876
f 7876 8030 8032
f 7876 8032 7878
f 7878 8032 8034
f 7878 8034 7880
f 7880 8034 8036
f 7880 8036 7882
f 7882 8036 8038
f 7882 8038 7884
f 7884 8038 8040
f 7884 8040 7886
f 7886 8040 8042
f 7886 8042 7888
f 7888 8042 8044
f 7888 8044 7890
f 7890 8044 8046
f 7890 8046 7892
f 7892 8046 8048
f 7892 8048 7894
f 7894 8048 8050
f 7894 8050 7896
f 7896 8050 8052
f 7896 8052 7898
f 7898 8052 8054
f 7898 8054 7900
f 7900 8054 8056
f 7900 8056 7902
f 7902 8056 8058
f 7902 8058 7904
f 7904 8058 8060
f 7904 8060 7906
f 7906 8060 8062
f 7906 8062 7908
f 7908 8062 8064
f 7908 8064 7910
f 7910 8064 8066
f 7910 8066 7912
f 7912 8066 8068
f 7912 8068 7914
f 7914 8068 8070
f 7914 8070 7916
f 7916 8070 8072
f 7916 8072 7918
f 7918 8072 8074
f 7918 8074 7920
f 7920 8074 8076
f 7920 8076 7922
f 7922 8076 8078
f 7922 8078 7924
f 7924 8078 8080
f 7924 8080 7926
f 7926 8080 8082
f 7926 8082 7928
f 7928 8082 8084
f 7928 8084 7930
f 7930 8084 8086
f 7930 8086 7932
f 7932 8086 8088
f 7932 8088 7934
f 7934 8088 8090
f 7934 8090 7936
f 7936 8090 8092
f 7936 8092 7938
f 7938 8092 8094
f 7938 8094 7940
f 7940 8094 8096
f 7940 8096 7942
f 7942 8096 8098
f 7942 8098 7944
f 7944 8098 8100
f 7944 8100 7946
f 7946 8100 8102
f 7946 8102 7948
f 7948 8102 8104
f 7948 8104 7950
f 7950 8104 8106
f 7950 8106 7952
f 7952 8106 8108
f 7952 8108 7954
f 7954 8108 8110
f 7954 8110 7956
f 7956 8110 8112
f 7956 8112 7958
f 7958 8112 8114
f 7958 8114 7960
f 7960 8114 8116
f 7960 8116 7962
f 7962 8116 8118
f 7962 8118 7964
f 7964 8118 8120
f 7964 8120 7966
f 7966 8120 8122
f 7966 8122 7968
f 7968 8122 8124
f 7968 8124 7970
f 7970 8124 8126
f 7970 8126 7972
f 7972 8126 8128
f 7972 8128 7974
f 7974 8128 8130
f 7974 8130 7976
f 7976 8130 8132
f 7976 8132 7978
f 7978 8132 8134
f 7978 8134 7980
f 7980 8134 8136
f 7980 8136 7982
f 7982 8136 8138
f 7982 8138 7984
f 7984 8138 8140
f 7984 8140 7986
f 7986 8140 8142
f 7986 8142 7988
f 7988 8142 8144
f 7988 8144 7990
f 7990 8144 8146
f 7990 8146 7992
f 7992 8146 8148
f 7992 8148 7994
f 7994 8148 8150
f 7994 8150 7996
f 7996 8150 8152
f 7996 8152 7998
f 7998 8152 8154
f 7998 8154 8000
f 8000 8154 8156
f 8000 8156 8002
f 8002 8156 8158
f 8002 8158 8004
f 8004 8158 8160
f 8004 8160 8006
f 8006 8160 8162
f 8006 8162 8008
f 8010 8164 8166
f 8010 8166 8012
f 8012 8166 8168
f 8012 8168 8014
f 8014 8168 8170
f 8014 8170 8016
f 8016 8170 8172
f 8016 8172 8018
f 8018 8172 8174
f 8018 8174 8020
f 8020 8174 8176
f 8020 8176 8022
f 8022 8176 8178
f 8022 8178 8024
f 8024 8178 8180
f 8024 8180 8026
f 8026 8180 8182
f 8026 8182 8028
f 8028 8182 8184
f 8028 8184 8030
f 8030 8184 8186
f 8030 8186 8032
f 8032 8186 8188
f 8032 8188 8034
f 8034 8188 8190
f 8034 8190 8036
f 8036 8190 8192
f 8036 8192 8038
f 8038 8192 8194
f 8038 8194 8040
f 8040 8194 8196
f 8040 8196 8042
f 8042 8196 8198
f 8042 8198 8044
f 8044 8198 8200
f 8044 8200 8046
f 8046 8200 8202
f 8046 8202 8048
f 8048 8202 8204
f 8048 8204 8050
f 8050 8204 8206
f 8050 8206 8052
f 8052 8206 8208
f 8052 8208 8054
f 8054 8208 8210
f 8054 8210 8056
f 8056 8210 8212
f 8056 8212 8058
f 8058 8212 8214
f 8058 8214 8060
f 8060 8214 8216
f 8060 8216 8062
f 8062 8216 8218
f 8062 8218 8064
f 8064 8218 8220
f 8064 8220 8066
f 8066 8220 8222
f 8066 8222 8068
f 8068 8222 8224
f 8068 8224 8070
f 8070 8224 8226
f 8070 8226 8072
f 8072 8226 8228
f 8072 8228 8074
f 8074 8228 8230
f 8074 8230 8076
f 8076 8230 8232
f 8076 8232 8078
f 8078 8232 8234
f 8078 8234 8080
f 8080 8234 8236
f 8080 8236 8082
f 8082 8236 8238
f 8082 8238 8084
f 8084 8238 8240
f 8084 8240 8086
f 8086 8240 8242
f 8086 8242 8088
f 8088 8242 8244
f 8088 8244 8090
f 8090 8244 8246
f 8090 8246 8092
f 8092 8246 8248
f 8092 8248 8094
f 8094 8248 8250
f 8094 8250 8096
f 8096 8250 8252
f 8096 8252 8098
f 8098 8252 8254
f 8098 8254 8100
f 8100 8254 8256
f 8100 8256 8102
f 8102 8256 8258
f 8102 8258 8104
f 8104 8258 8260
f 8104 8260 8106
f 8106 8260 8262
f 8106 8262 8108
f 8108 8262 8264
f 8108 8264 8110
f 8110 8264 8266
f 8110 8266 8112
f 8112 8266 8268
f 8112 8268 8114
f 8114 8268 8270
f 8114 8270 8116
f 8116 8270 8272
f 8116 8272 8118
f 8118 8272 8274
f 8118 8274 8120
f 8120 8274 8276
f 8120 8276 8122
f 8122 8276 8278
f 8122 8278 8124
f 8124 8278 8280
f 8124 8280 8126
f 8126 8280 8282
f 8126 8282 8128
f 8128 8282 8284
f 8128 8284 8130
f 8130 8284 8286
f 8130 8286 8132
f 8132 8286 8288
f 8132 8288 8134
f 8134 8288 8290
f 8134 8290 8136
f 8136 8290 8292
f 8136 8292 8138
f 8138 8292 8294
f 8138 8294 8140
f 8140 8294 8296
f 8140 8296 8142
f 8142 8296 8298
f 8142 8298 8144
f 8144 8298 8300
f 8144 8300 8146
f 8146 8300 8302
f 8146 8302 8148
f 8148 8302 8304
f 8148 8304 8150
f 8150 8304 8306
f 8150 8306 8152
f 8152 8306 8308
f 8152 8308 8154
f 8154 8308 8310
f 8154 8310 8156
f 8156 8310 8312
f 8156 8312 8158
f 8158 8312 8314
f 8158 8314 8160
f 8160 8314 8316
f 8160 8316 8162
f 8164 8318 8320
f 8164 8320 8166
f 8166 8320 8322
f 8166 8322 8168
f 8168 8322 8324
f 8168 8324 8170
f 8170 8324 8326
f 8170 8326 8172
f 8172 8326 8328
f 8172 8328 8174
f 8174 8328 8330
f 8174 8330 8176
f 8176 8330 8332
f 8176 8332 8178
f 8178 8332 8334
f 8178 8334 8180
f 8180 8334 8336
f 8180 8336 8182
f 8182 8336 8338
f 8182 8338 8184
f 8184 8338 8340
f 8184 8340 8186
f 8186 8340 8342
f 8186 8342 8188
f 8188 8342 8344
f 8188 8344 8190
f 8190 8344 8346
f 8190 8346 8192
f 8192 8346 8348
f 8192 8348 8194
f 8194 8348 8350
f 8194 8350 8196
f 8196 8350 8352
f 8196 8352 8198
f 8198 8352 8354
f 8198 8354 8200
f 8200 8354 8356
f 8200 8356 8202
f 8202 8356 8358
f 8202 8358 8204
f 8204 8358 8360
f 8204 8360 8206
f 8206 8360 8362
f 8206 8362 8208
f 8208 8362 8364
f 8208 8364 8210
f 8210 8364 8366
f 8210 8366 8212
f 8212 8366 8368
f 8212 8368 8214
f 8214 8368 8370
f 8214 8370 8216
f 8216 8370 8372
f 8216 8372 8218
f 8218 8372 8374
f 8218 8374 8220
f 8220 8374 8376
f 8220 8376 8222
f 8222 8376 8378
f 8222 8378 8224
f 8224 8378 8380
f 8224 8380 8226
f 8226 8380 8382
f 8226 8382 8228
f 8228 8382 8384
f 8228 8384 8230
f 8230 8384 8386
f 8230 8386 8232
f 8232 8386 8388
f 8232 8388 8234
f 8234 8388 8390
f 8234 8390 8236
f 8236 8390 8392
f 8236 8392 8238
f 8238 8392 8394
f 8238 8394 8240
f 8240 8394 8396
f 8240 8396 8242
f 8242 8396 8398
f 8242 8398 8244
f 8244 8398 8400
f 8244 8400 8246
f 8246 8400 8402
f 8246 8402 8248
f 8248 8402 8404
f 8248 8404 8250
f 8250 8404 8406
f 8250 8406 8252
f 8252 8406 8408
f 8252 8408 8254
f 8254 8408 8410
f 8254 8410 8256
f 8256 8410 8412
f 8256 8412 8258
f 8258 8412 8414
f 8258 8414 8260
f 8260 8414 8416
f 8260 8416 8262
f 8262 8416 8418
f 8262 8418 8264
f 8264 8418 8420
f 8264 8420 8266
f 8266 8420 8422
f 8266 8422 8268
f 8268 8422 8424
f 8268 8424 8270
f 8270 8424 8426
f 8270 8426 8272
f 8272 8426 8428
f 8272 8428 8274
f 8274 8428 8430
f 8274 8430 8276
f 8276 8430 8432
f 8276 8432 8278
f 8278 8432 8434
f 8278 8434 8280
f 8280 8434 8436
f 8280 8436 8282
f 8282 8436 8438
f 8282 8438 8284
f 8284 8438 8440
f 8284 8440 8286
f 8286 8440 8442
f 8286 8442 8288
f 8288 8442 8444
f 8288 8444 8290
f 8290 8444 8446
f 8290 8446 8292
f 8292 8446 8448
f 8292 8448 8294
f 8294 8448 8450
f 8294 8450 8296
f 8296 8450 8452
f 8296 8452 8298
f 8298 8452 8454
f 8298 8454 8300
f 8300 8454 8456
f 8300 8456 8302
f 8302 8456 8458
f 8302 8458 8304
f 8304 8458 8460
f 8304 8460 8306
f 8306 8460 8462
f 8306 8462 8308
f 8308 8462 8464
f 8308 8464 8310
f 8310 8464 8466
f 8310 8466 8312
f 8312 8466 8468
f 8312 8468 8314
f 8314 8468 8470
f 8314 8470 8316
f 8318 8472 8474
f 8318 8474 8320
f 8320 8474 8476
f 8320 8476 8322
f 8322 8476 8478
f 8322 8478 8324
f 8324 8478 8480
f 8324 8480 8326
f 8326 8480 8482
f 8326 8482 8328
f 8328 8482 8484
f 8328 8484 8330
f 8330 8484 8486
f 8330 8486 8332
f 8332 8486 8488
f 8332 8488 8334
f 8334 8488 8490
f 8334 8490 8336
f 8336 8490 8492
f 8336 8492 8338
f 8338 8492 8494
f 8338 8494 8340
f 8340 8494 8496
f 8340 8496 8342
f 8342 8496 8498
f 8342 8498 8344
f 8344 8498 8500
f 8344 8500 8346
f 8346 8500 8502
f 8346 8502 8348
f 8348 8502 8504
f 8348 8504 8350
f 8350 8504 8506
f 8350 8506 8352
f 8352 8506 8508
f 8352 8508 8354
f 8354 8508 8510
f 8354 8510 8356
f 8356 8510 8512
f 8356 8512 8358
f 8358 8512 8514
f 8358 8514 8360
f 8360 8514 8516
f 8360 8516 8362
f 8362 8516 8518
f 8362 8518 8364
f 8364 8518 8520
f 8364 8520 8366
f 8366 8520 8522
f 8366 8522 8368
f 8368 8522 8524
f 8368 8524 8370
f 8370 8524 8526
f 8370 8526 8372
f 8372 8526 8528
f 8372 8528 8374
f 8374 8528 8530
f 8374 8530 8376
f 8376 8530 8532
f 8376 8532 8378
f 8378 8532 8534
f 8378 8534 8380
f 8380 8534 8536
f 8380 8536 8382
f 8382 8536 8538
f 8382 8538 8384
f 8384 8538 8540
f 8384 8540 8386
f 8386 8540 8542
f 8386 8542 8388
f 8388 8542 8544
f 8388 8544 8390
f 8390 8544 8546
f 8390 8546 8392
f 8392 8546 8548
f 8392 8548 8394
f 8394 8548 8550
f 8394 8550 8396
f 8396 8550 8552
f 8396 8552 8398
f 8398 8552 8554
f 8398 8554 8400
f 8400 8554 8556
f 8400 8556 8402
f 8402 8556 8558
f 8402 8558 8404
f 8404 8558 8560
f 8404 8560 8406
f 8406 8560 8562
f 8406 8562 8408
f 8408 8562 8564
f 8408 8564 8410
f 8410 8564 8566
f 8410 8566 8412
f 8412 8566 8568
f 8412 8568 8414
f 8414 8568 8570
f 8414 8570 8416
f 8416 8570 8572
f 8416 8572 8418
f 8418 8572 8574
f 8418 8574 8420
f 8420 8574 8576
f 8420 8576 8422
f 8422 8576 8578
f 8422 8578 8424
f 8424 8578 8580
f 8424 8580 8426
f 8426 8580 8582
f 8426 8582 8428
f 8428 8582 8584
f 8428 8584 8430
f 8430 8584 8586
f 8430 8586 8432
f 8432 8586 8588
f 8432 8588 8434
f 8434 8588 8590
f 8434 8590 8436
f 8436 8590 8592
f 8436 8592 8438
f 8438 8592 8594
f 8438 8594 8440
f 8440 8594 8596
f 8440 8596 8442
f 8442 8596 8598
f 8442 8598 8444
f 8444 8598 8600
f 8444 8600 8446
f 8446 8600 8602
f 8446 8602 8448
f 8448 8602 8604
f 8448 8604 8450
f 8450 8604 8606
f 8450 8606 8452
f 8452 8606 8608
f 8452 8608 8454
f 8454 8608 8610
f 8454 8610 8456
f 8456 8610 8612
f 8456 8612 8458
f 8458 8612 8614
f 8458 8614 8460
f 8460 8614 8616
f 8460 8616 8462
f 8462 8616 8618
f 8462 8618 8464
f 8464 8618 8620
f 8464 8620 8466
f 8466 8620 8622
f 8466 8622 8468
f 8468 8622 8624
f 8468 8624 8470
f 8472 8626 8628
f 8472 8628 8474
f 8474 8628 8630
f 8474 8630 8476
f 8476 8630 8632
f 8476 8632 8478
f 8478 8632 8634
f 8478 8634 8480
f 8480 8634 8636
f 8480 8636 8482
f 8482 8636 8638
f 8482 8638 8484
f 8484 8638 8640
f 8484 8640 8486
f 8486 8640 8642
f 8486 8642 8488
f 8488 8642 8644
f 8488 8644 8490
f 8490 8644 8646
f 8490 8646 8492
f 8492 8646 8648
f 8492 8648 8494
f 8494 8648 8650
f 8494 8650 8496
f 8496 8650 8652
f 8496 8652 8498
f 8498 8652 8654
f 8498 8654 8500
f 8500 8654 8656
f 8500 8656 8502
f 8502 8656 8658
f 8502 8658 8504
f 8504 8658 8660
f 8504 8660 8506
f 8506 8660 8662
f 8506 8662 8508
f 8508 8662 8664
f 8508 8664 8510
f 8510 8664 8666
f 8510 8666 8512
f 8512 8666 8668
f 8512 8668 8514
f 8514 8668 8670
f 8514 8670 8516
f 8516 8670 8672
f 8516 8672 8518
f 8518 8672 8674
f 8518 8674 8520
f 8520 8674 8676
f 8520 8676 8522
f 8522 8676 8678
f 8522 8678 8524
f 8524 8678 8680
f 8524 8680 8526
f 8526 8680 8682
f 8526 8682 8528
f 8528 8682 8684
f 8528 8684 8530
f 8530 8684 8686
f 8530 8686 8532
f 8532 8686 8688
f 8532 8688 8534
f 8534 8688 8690
f 8534 8690 8536
f 8536 8690 8692
f 8536 8692 8538
f 8538 8692 8694
f 8538 8694 8540
f 8540 8694 8696
f 8540 8696 8542
f 8542 8696 8698
f 8542 8698 8544
f 8544 8698 8700
f 8544 8700 8546
f 8546 8700 8702
f 8546 8702 8548
f 8548 8702 8704
f 8548 8704 8550
f 8550 8704 8706
f 8550 8706 8552
f 8552 8706 8708
f 8552 8708 8554
f 8554 8708 8710
f 8554 8710 8556
f 8556 8710 8712
f 8556 8712 8558
f 8558 8712 8714
f 8558 8714 8560
f 8560 8714 8716
f 8560 8716 8562
f 8562 8716 8718
f 8562 8718 8564
f 8564 8718 8720
f 8564 8720 8566
f 8566 8720 8722
f 8566 8722 8568
f 8568 8722 8724
f 8568 8724 8570
f 8570 8724 8726
f 8570 8726 8572
f 8572 8726 8728
f 8572 8728 8574
f 8574 8728 8730
f 8574 8730 8576
f 8576 8730 8732
f 8576 8732 8578
f 8578 8732 8734
f 8578 8734 8580
f 8580 8734 8736
f 8580 8736 8582
f 8582 8736 8738
f 8582 8738 8584
f 8584 8738 8740
f 8584 8740 8586
f 8586 8740 8742
f 8586 8742 8588
f 8588 8742 8744
f 8588 8744 8590
f 8590 8744 8746
f 8590 8746 8592
f 8592 8746 8748
f 8592 8748 8594
f 8594 8748 8750
f 8594 8750 8596
f 8596 8750 8752
f 8596 8752 8598
f 8598 8752 8754
f 8598 8754 8600
f 8600 8754 8756
f 8600 8756 8602
f 8602 8756 8758
f 8602 8758 8604
f 8604 8758 8760
f 8604 8760 8606
f 8606 8760 8762
f 8606 8762 8608
f 8608 8762 8764
f 8608 8764 8610
f 8610 8764 8766
f 8610 8766 8612
f 8612 8766 8768
f 8612 8768 8614
f 8614 8768 8770
f 8614 8770 8616
f 8616 8770 8772
f 8616 8772 8618
f 8618 8772 8774
f 8618 8774 8620
f 8620 8774 8776
f 8620 8776 8622
f 8622 8776 8778
f 8622 8778 8624
f 8626 8780 8782
f 8626 8782 8628
f 8628 8782 8784
f 8628 8784 8630
f 8630 8784 8786
f 8630 8786 8632
f 8632 8786 8788
f 8632 8788 8634
f 8634 8788 8790
f 8634 8790 8636
f 8636 8790 8792
f 8636 8792 8638
f 8638 8792 8794
f 8638 8794 8640
f 8640 8794 8796
f 8640 8796 8642
f 8642 8796 8798
f 8642 8798 8644
f 8644 8798 8800
f 8644 8800 8646
f 8646 8800 8802
f 8646 8802 8648
f 8648 8802 8804
f 8648 8804 8650
f 8650 8804 8806
f 8650 8806 8652
f 8652 8806 8808
f 8652 8808 8654
f 8654 8808 8810
f 8654 8810 8656
f 8656 8810 8812
f 8656 8812 8658
f 8658 8812 8814
f 8658 8814 8660
f 8660 8814 8816
f 8660 8816 8662
f 8662 8816 8818
f 8662 8818 8664
f 8664 8818 8820
f 8664 8820 8666
f 8666 8820 8822
f 8666 8822 8668
f 8668 8822 8824
f 8668 8824 8670
f 8670 8824 8826
f 8670 8826 8672
f 8672 8826 8828
f 8672 8828 8674
f 8674 8828 8830
f 8674 8830 8676
f 8676 8830 8832
f 8676 8832 8678
f 8678 8832 8834
f 8678 8834 8680
f 8680 8834 8836
f 8680 8836 8682
f 8682 8836 8838
f 8682 8838 8684
f 8684 8838 8840
f 8684 8840 8686
f 8686 8840 8842
f 8686 8842 8688
f 8688 8842 8844
f 8688 8844 8690
f 8690 8844 8846
f 8690 8846 8692
f 8692 8846 8848
f 8692 8848 8694
f 8694 8848 8850
f 8694 8850 8696
f 8696 8850 8852
f 8696 8852 8698
f 8698 8852 8854
f 8698 8854 8700
f 8700 8854 8856
f 8700 8856 8702
f 8702 8856 8858
f 8702 8858 8704
f 8704 8858 8860
f 8704 8860 8706
f 8706 8860 8862
f 8706 8862 8708
f 8708 8862 8864
f 8708 8864 8710
f 8710 8864 8866
f 8710 8866 8712
f 8712 8866 8868
f 8712 8868 8714
f 8714 8868 8870
f 8714 8870 8716
f 8716 8870 8872
f 8716 8872 8718
f 8718 8872 8874
f 8718 8874 8720
f 8720 8874 8876
f 8720 8876 8722
f 8722 8876 8878
f 8722 8878 8724
f 8724 8878 8880
f 8724 8880 8726
f 8726 8880 8882
f 8726 8882 8728
f 8728 8882 8884
f 8728 8884 8730
f 8730 8884 8886
f 8730 8886 8732
f 8732 8886 8888
f 8732 8888 8734
f 8734 8888 8890
f 8734 8890 8736
f 8736 8890 8892
f 8736 8892 8738
f 8738 8892 8894
f 8738 8894 8740
f 8740 8894 8896
f 8740 8896 8742
f 8742 8896 8898
f 8742 8898 8744
f 8744 8898 8900
f 8744 8900 8746
f 8746 8900 8902
f 8746 8902 8748
f 8748 8902 8904
f 8748 8904 8750
f 8750 8904 8906
f 8750 8906 8752
f 8752 8906 8908
f 8752 8908 8754
f 8754 8908 8910
f 8754 8910 8756
f 8756 8910 8912
f 8756 8912 8758
f 8758 8912 8914
f 8758 8914 8760
f 8760 8914 8916
f 8760 8916 8762
f 8762 8916 8918
f 8762 8918 8764
f 8764 8918 8920
f 8764 8920 8766
f 8766 8920 8922
f 8766 8922 8768
f 8768 8922 8924
f 8768 8924 8770
f 8770 8924 8926
f 8770 8926 8772
f 8772 8926 8928
f 8772 8928 8774
f 8774 8928 8930
f 8774 8930 8776
f 8776 8930 8932
f 8776 8932 8778
f 8780 8934 8936
f 8780 8936 8782
f 8782 8936 8938
f 8782 8938 8784
f 8784 8938 8940
f 8784 8940 8786
f 8786 8940 8942
f 8786 8942 8788
f 8788 8942 8944
f 8788 8944 8790
f 8790 8944 8946
f 8790 8946 8792
f 8792 8946 8948
f 8792 8948 8794
f 8794 8948 8950
f 8794 8950 8796
f 8796 8950 8952
f 8796 8952 8798
f 8798 8952 8954
f 8798 8954 8800
f 8800 8954 8956
f 8800 8956 8802
f 8802 8956 8958
f 8802 8958 8804
f 8804 8958 8960
f 8804 8960 8806
f 8806 8960 8962
f 8806 8962 8808
f 8808 8962 8964
f 8808 8964 8810
f 8810 8964 8966
f 8810 8966 8812
f 8812 8966 8968
f 8812 8968 8814
f 8814 8968 8970
f 8814 8970 8816
f 8816 8970 8972
f 8816 8972 8818
f 8818 8972 8974
f 8818 8974 8820
f 8820 8974 8976
f 8820 8976 8822
f 8822 8976 8978
f 8822 8978 8824
f 8824 8978 8980
f 8824 8980 8826
f 8826 8980 8982
f 8826 8982 8828
f 8828 8982 8984
f 8828 8984 8830
f 8830 8984 8986
f 8830 8986 8832
f 8832 8986 8988
f 8832 8988 8834
f 8834 8988 8990
f 8834 8990 8836
f 8836 8990 8992
f 8836 8992 8838
f 8838 8992 8994
f 8838 8994 8840
f 8840 8994 8996
f 8840 8996 8842
f 8842 8996 8998
f 8842 8998 8844
f 8844 8998 9000
f 8844 9000 8846
f 8846 9000 9002
f 8846 9002 8848
f 8848 9002 9004
f 8848 9004 8850
f 8850 9004 9006
f 8850 9006 8852
f 8852 9006 9008
f 8852 9008 8854
f 8854 9008 9010
f 8854 9010 8856
f 8856 9010 9012
f 8856 9012 8858
f 8858 9012 9014
f 8858 9014 8860
f 8860 9014 9016
f 8860 9016 8862
f 8862 9016 9018
f 8862 9018 8864
f 8864 9018 9020
f 8864 9020 8866
f 8866 9020 9022
f 8866 9022 8868
f 8868 9022 9024
f 8868 9024 8870
f 8870 9024 9026
f 8870 9026 8872
f 8872 9026 9028
f 8872 9028 8874
f 8874 9028 9030
f 8874 9030 8876
f 8876 9030 9032
f 8876 9032 8878
f 8878 9032 9034
f 8878 9034 8880
f 8880 9034 9036
f 8880 9036 8882
f 8882 9036 9038
f 8882 9038 8884
f 8884 9038 9040
f 8884 9040 8886
f 8886 9040 9042
f 8886 9042 8888
f 8888 9042 9044
f 8888 9044 8890
f 8890 9044 9046
f 8890 9046 8892
f 8892 9046 9048
f 8892 9048 8894
f 8894 9048 9050
f 8894 9050 8896
f 8896 9050 9052
f 8896 9052 8898
f 8898 9052 9054
f 8898 9054 8900
f 8900 9054 9056
f 8900 9056 8902
f 8902 9056 9058
f 8902 9058 8904
f 8904 9058 9060
f 8904 9060 8906
f 8906 9060 9062
f 8906 9062 8908
f 8908 9062 9064
f 8908 9064 8910
f 8910 9064 9066
f 8910 9066 8912
f 8912 9066 9068
f 8912 9068 8914
f 8914 9068 9070
f 8914 9070 8916
f 8916 9070 9072
f 8916 9072 8918
f 8918 9072 9074
f 8918 9074 8920
f 8920 9074 9076
f 8920 9076 8922
f 8922 9076 9078
f 8922 9078 8924
f 8924 9078 9080
f 8924 9080 8926
f 8926 9080 9082
f 8926 9082 8928
f 8928 9082 9084
f 8928 9084 8930
f 8930 9084 9086
f 8930 9086 8932
f 8934 9088 9090
f 8934 9090 8936
f 8936 9090 9092
f 8936 9092 8938
f 8938 9092 9094
f 8938 9094 8940
f 8940 9094 9096
f 8940 9096 8942
f 8942 9096 9098
f 8942 9098 8944
f 8944 9098 9100
f 8944 9100 8946
f 8946 9100 9102
f 8946 9102 8948
f 8948 9102 9104
f 8948 9104 8950
f 8950 9104 9106
f 8950 9106 8952
f 8952 9106 9108
f 8952 9108 8954
f 8954 9108 9110
f 8954 9110 8956
f 8956 9110 9112
f 8956 9112 8958
f 8958 9112 9114
f 8958 9114 8960
f 8960 9114 9116
f 8960 9116 8962
f 8962 9116 9118
f 8962 9118 8964
f 8964 9118 9120
f 8964 9120 8966
f 8966 9120 9122
f 8966 9122 8968
f 8968 9122 9124
f 8968 9124 8970
f 8970 9124 9126
f 8970 9126 8972
f 8972 9126 9128
f 8972 9128 8974
f 8974 9128 9130
f 8974 9130 8976
f 8976 9130 9132
f 8976 9132 8978
f 8978 9132 9134
f 8978 9134 8980
f 8980 9134 9136
f 8980 9136 8982
f 8982 9136 9138
f 8982 9138 8984
f 8984 9138 9140
f 8984 9140 8986
f 8986 9140 9142
f 8986 9142 8988
f 8988 9142 9144
f 8988 9144 8990
f 8990 9144 9146
f 8990 9146 8992
f 8992 9146 9148
f 8992 9148 8994
f 8994 9148 9150
f 8994 9150 8996
f 8996 9150 9152
f 8996 9152 8998
f 8998 9152 9154
f 8998 9154 9000
f 9000 9154 9156
f 9000 9156 9002
f 9002 9156 9158
f 9002 9158 9004
f 9004 9158 9160
f 9004 9160 9006
f 9006 9160 9162
f 9006 9162 9008
f 9008 9162 9164
f 9008 9164 9010
f 9010 9164 9166
f 9010 9166 9012
f 9012 9166 9168
f 9012 9168 9014
f 9014 9168 9170
f 9014 9170 9016
f 9016 9170 9172
f 9016 9172 9018
f 9018 9172 9174
f 9018 9174 9020
f 9020 9174 9176
f 9020 9176 9022
f 9022 9176 9178
f 9022 9178 9024
f 9024 9178 9180
f 9024 9180 9026
f 9026 9180 9182
f 9026 9182 9028
f 9028 9182 9184
f 9028 9184 9030
f 9030 9184 9186
f 9030 9186 9032
f 9032 9186 9188
f 9032 9188 9034
f 9034 9188 9190
f 9034 9190 9036
f 9036 9190 9192
f 9036 9192 9038
f 9038 9192 9194
f 9038 9194 9040
f 9040 9194 9196
f 9040 9196 9042
f 9042 9196 9198
f 9042 9198 9044
f 9044 9198 9200
f 9044 9200 9046
f 9046 9200 9202
f 9046 9202 9048
f 9048 9202 9204
f 9048 9204 9050
f 9050 9204 9206
f 9050 9206 9052
f 9052 9206 9208
f 9052 9208 9054
f 9054 9208 9210
f 9054 9210 9056
f 9056 9210 9212
f 9056 9212 9058
f 9058 9212 9214
f 9058 9214 9060
f 9060 9214 9216
f 9060 9216 9062
f 9062 9216 9218
f 9062 9218 9064
f 9064 9218 9220
f 9064 9220 9066
f 9066 9220 9222
f 9066 9222 9068
f 9068 9222 9224
f 9068 9224 9070
f 9070 9224 9226
f 9070 9226 9072
f 9072 9226 9228
f 9072 9228 9074
f 9074 9228 9230
f 9074 9230 9076
f 9076 9230 9232
f 9076 9232 9078
f 9078 9232 9234
f 9078 9234 9080
f 9080 9234 9236
f 9080 9236 9082
f 9082 9236 9238
f 9082 9238 9084
f 9084 9238 9240
f 9084 9240 9086
f 9088 9242 9244
f 9088 9244 9090
f 9090 9244 9246
f 9090 9246 9092
f 9092 9246 9248
f 9092 9248 9094
f 9094 9248 9250
f 9094 9250 9096
f 9096 9250 9252
f 9096 9252 9098
f 9098 9252 9254
f 9098 9254 9100
f 9100 9254 9256
f 9100 9256 9102
f 9102 9256 9258
f 9102 9258 9104
f 9104 9258 9260
f 9104 9260 9106
f 9106 9260 9262
f 9106 9262 9108
f 9108 9262 9264
f 9108 9264 9110
f 9110 9264 9266
f 9110 9266 9112
f 9112 9266 9268
f 9112 9268 9114
f 9114 9268 9270
f 9114 9270 9116
f 9116 9270 9272
f 9116 9272 9118
f 9118 9272 9274
f 9118 9274 9120
f 9120 9274 9276
f 9120 9276 9122
f 9122 9276 9278
f 9122 9278 9124
f 9124 9278 9280
f 9124 9280 9126
f 9126 9280 9282
f 9126 9282 9128
f 9128 9282 9284
f 9128 9284 9130
f 9130 9284 9286
f 9130 9286 9132
f 9132 9286 9288
f 9132 9288 9134
f 9134 9288 9290
f 9134 9290 9136
f 9136 9290 9292
f 9136 9292 9138
f 9138 9292 9294
f 9138 9294 9140
f 9140 9294 9296
f 9140 9296 9142
f 9142 9296 9298
f 9142 9298 9144
f 9144 9298 9300
f 9144 9300 9146
f 9146 9300 9302
f 9146 9302 9148
f 9148 9302 9304
f 9148 9304 9150
f 9150 9304 9306
f 9150 9306 9152
f 9152 9306 9308
f 9152 9308 9154
f 9154 9308 9310
f 9154 9310 9156
f 9156 9310 9312
f 9156 9312 9158
f 9158 9312 9314
f 9158 9314 9160
f 9160 9314 9316
f 9160 9316 9162
f 9162 9316 9318
f 9162 9318 9164
f 9164 9318 9320
f 9164 9320 9166
f 9166 9320 9322
f 9166 9322 9168
f 9168 9322 9324
f 9168 9324 9170
f 9170 9324 9326
f 9170 9326 9172
f 9172 9326 9328
f 9172 9328 9174
f 9174 9328 9330
f 9174 9330 9176
f 9176 9330 9332
f 9176 9332 9178
f 9178 9332 9334
f 9178 9334 9180
f 9180 9334 9336
f 9180 9336 9182
f 9182 9336 9338
f 9182 9338 9184
f 9184 9338 9340
f 9184 9340 9186
f 9186 9340 9342
f 9186 9342 9188
f 9188 9342 9344
f 9188 9344 9190
f 9190 9344 9346
f 9190 9346 9192
f 9192 9346 9348
f 9192 9348 9194
f 9194 9348 9350
f 9194 9350 9196
f 9196 9350 9352
f 9196 9352 9198
f 9198 9352 9354
f 9198 9354 9200
f 9200 9354 9356
f 9200 9356 9202
f 9202 9356 9358
f 9202 9358 9204
f 9204 9358 9360
f 9204 9360 9206
f 9206 9360 9362
f 9206 9362 9208
f 9208 9362 9364
f 9208 9364 9210
f 9210 9364 9366
f 9210 9366 9212
f 9212 9366 9368
f 9212 9368 9214
f 9214 9368 9370
f 9214 9370 9216
f 9216 9370 9372
f 9216 9372 9218
f 9218 9372 9374
f 9218 9374 9220
f 9220 9374 9376
f 9220 9376 9222
f 9222 9376 9378
f 9222 9378 9224
f 9224 9378 9380
f 9224 9380 9226
f 9226 9380 9382
f 9226 9382 9228
f 9228 9382 9384
f 9228 9384 9230
f 9230 9384 9386
f 9230 9386 9232
f 9232 9386 9388
f 9232 9388 9234
f 9234 9388 9390
f 9234 9390 9236
f 9236 9390 9392
f 9236 9392 9238
f 9238 9392 9394
f 9238 9394 9240
f 9242 9396 9398
f 9242 9398 9244
f 9244 9398 9400
f 9244 9400 9246
f 9246 9400 9402
f 9246 9402 9248
f 9248 9402 9404
f 9248 9404 9250
f 9250 9404 9406
f 9250 9406 9252
f 9252 9406 9408
f 9252 9408 9254
f 9254 9408 9410
f 9254 9410 9256
f 9256 9410 9412
f 9256 9412 9258
f 9258 9412 9414
f 9258 9414 9260
f 9260 9414 9416
f 9260 9416 9262
f 9262 9416 9418
f 9262 9418 9264
f 9264 9418 9420
f 9264 9420 9266
f 9266 9420 9422
f 9266 9422 9268
f 9268 9422 9424
f 9268 9424 9270
f 9270 9424 9426
f 9270 9426 9272
f 9272 9426 9428
f 9272 9428 9274
f 9274 9428 9430
f 9274 9430 9276
f 9276 9430 9432
f 9276 9432 9278
f 9278 9432 9434
f 9278 9434 9280
f 9280 9434 9436
f 9280 9436 9282
f 9282 9436 9438
f 9282 9438 9284
f 9284 9438 9440
f 9284 9440 9286
f 9286 9440 9442
f 9286 9442 9288
f 9288 9442 9444
f 9288 9444 9290
f 9290 9444 9446
f 9290 9446 9292
f 9292 9446 9448
f 9292 9448 9294
f 9294 9448 9450
f 9294 9450 9296
f 9296 9450 9452
f 9296 9452 9298
f 9298 9452 9454
f 9298 9454 9300
f 9300 9454 9456
f 9300 9456 9302
f 9302 9456 9458
f 9302 9458 9304
f 9304 9458 9460
f 9304 9460 9306
f 9306 9460 9462
f 9306 9462 9308
f 9308 9462 9464
f 9308 9464 9310
f 9310 9464 9466
f 9310 9466 9312
f 9312 9466 9468
f 9312 9468 9314
f 9314 9468 9470
f 9314 9470 9316
f 9316 9470 9472
f 9316 9472 9318
f 9318 9472 9474
f 9318 9474 9320
f 9320 9474 9476
f 9320 9476 9322
f 9322 9476 9478
f 9322 9478 9324
f 9324 9478 9480
f 9324 9480 9326
f 9326 9480 9482
f 9326 9482 9328
f 9328 9482 9484
f 9328 9484 9330
f 9330 9484 9486
f 9330 9486 9332
f 9332 9486 9488
f 9332 9488 9334
f 9334 9488 9490
f 9334 9490 9336
f 9336 9490 9492
f 9336 9492 9338
f 9338 9492 9494
f 9338 9494 9340
f 9340 9494 9496
f 9340 9496 9342
f 9342 9496 9498
f 9342 9498 9344
f 9344 9498 9500
f 9344 9500 9346
f 9346 9500 9502
f 9346 9502 9348
f 9348 9502 9504
f 9348 9504 9350
f 9350 9504 9506
f 9350 9506 9352
f 9352 9506 9508
f 9352 9508 9354
f 9354 9508 9510
f 9354 9510 9356
f 9356 9510 9512
f 9356 9512 9358
f 9358 9512 9514
f 9358 9514 9360
f 9360 9514 9516
f 9360 9516 9362
f 9362 9516 9518
f 9362 9518 9364
f 9364 9518 9520
f 9364 9520 9366
f 9366 9520 9522
f 9366 9522 9368
f 9368 9522 9524
f 9368 9524 9370
f 9370 9524 9526
f 9370 9526 9372
f 9372 9526 9528
f 9372 9528 9374
f 9374 9528 9530
f 9374 9530 9376
f 9376 9530 9532
f 9376 9532 9378
f 9378 9532 9534
f 9378 9534 9380
f 9380 9534 9536
f 9380 9536 9382
f 9382 9536 9538
f 9382 9538 9384
f 9384 9538 9540
f 9384 9540 9386
f 9386 9540 9542
f 9386 9542 9388
f 9388 9542 9544
f 9388 9544 9390
f 9390 9544 9546
f 9390 9546 9392
f 9392 9546 9548
f 9392 9548 9394
f 9396 9550 9552
f 9396 9552 9398
f 9398 9552 9554
f 9398 9554 9400
f 9400 9554 9556
f 9400 9556 9402
f 9402 9556 9558
f 9402 9558 9404
f 9404 9558 9560
f 9404 9560 9406
f 9406 9560 9562
f 9406 9562 9408
f 9408 9562 9564
f 9408 9564 9410
f 9410 9564 9566
f 9410 9566 9412
f 9412 9566 9568
f 9412 9568 9414
f 9414 9568 9570
f 9414 9570 9416
f 9416 9570 9572
f 9416 9572 9418
f 9418 9572 9574
f 9418 9574 9420
f 9420 9574 9576
f 9420 9576 9422
f 9422 9576 9578
f 9422 9578 9424
f 9424 9578 9580
f 9424 9580 9426
f 9426 9580 9582
f 9426 9582 9428
f 9428 9582 9584
f 9428 9584 9430
f 9430 9584 9586
f 9430 9586 9432
f 9432 9586 9588
f 9432 9588 9434
f 9434 9588 9590
f 9434 9590 9436
f 9436 9590 9592
f 9436 9592 9438
f 9438 9592 9594
f 9438 9594 9440
f 9440 9594 9596
f 9440 9596 9442
f 9442 9596 9598
f 9442 9598 9444
f 9444 9598 9600
f 9444 9600 9446
f 9446 9600 9602
f 9446 9602 9448
f 9448 9602 9604
f 9448 9604 9450
f 9450 9604 9606
f 9450 9606 9452
f 9452 9606 9608
f 9452 9608 9454
f 9454 9608 9610
f 9454 9610 9456
f 9456 9610 9612
f 9456 9612 9458
f 9458 9612 9614
f 9458 9614 9460
f 9460 9614 9616
f 9460 9616 9462
f 9462 9616 9618
f 9462 9618 9464
f 9464 9618 9620
f 9464 9620 9466
f 9466 9620 9622
f 9466 9622 9468
f 9468 9622 9624
f 9468 9624 9470
f 9470 9624 9626
f 9470 9626 9472
f 9472 9626 9628
f 9472 9628 9474
f 9474 9628 9630
f 9474 9630 9476
f 9476 9630 9632
f 9476 9632 9478
f 9478 9632 9634
f 9478 9634 9480
f 9480 9634 9636
f 9480 9636 9482
f 9482 9636 9638
f 9482 9638 9484
f 9484 9638 9640
f 9484 9640 9486
f 9486 9640 9642
f 9486 9642 9488
f 9488 9642 9644
f 9488 9644 9490
f 9490 9644 9646
f 9490 9646 9492
f 9492 9646 9648
f 9492 9648 9494
f 9494 9648 9650
f 9494 9650 9496
f 9496 9650 9652
f 9496 9652 9498
f 9498 9652 9654
f 9498 9654 9500
f 9500 9654 9656
f 9500 9656 9502
f 9502 9656 9658
f 9502 9658 9504
f 9504 9658 9660
f 9504 9660 9506
f 9506 9660 9662
f 9506 9662 9508
f 9508 9662 9664
f 9508 9664 9510
f 9510 9664 9666
f 9510 9666 9512
f 9512 9666 9668
f 9512 9668 9514
f 9514 9668 9670
f 9514 9670 9516
f 9516 9670 9672
f 9516 9672 9518
f 9518 9672 9674
f 9518 9674 9520
f 9520 9674 9676
f 9520 9676 9522
f 9522 9676 9678
f 9522 9678 9524
f 9524 9678 9680
f 9524 9680 9526
f 9526 9680 9682
f 9526 9682 9528
f 9528 9682 9684
f 9528 9684 9530
f 9530 9684 9686
f 9530 9686 9532
f 9532 9686 9688
f 9532 9688 9534
f 9534 9688 9690
f 9534 9690 9536
f 9536 9690 9692
f 9536 9692 9538
f 9538 9692 9694
f 9538 9694 9540
f 9540 9694 9696
f 9540 9696 9542
f 9542 9696 9698
f 9542 9698 9544
f 9544 9698 9700
f 9544 9700 9546
f 9546 9700 9702
f 9546 9702 9548
f 9550 9704 9706
f 9550 9706 9552
f 9552 9706 9708
f 9552 9708 9554
f 9554 9708 9710
f 9554 9710 9556
f 9556 9710 9712
f 9556 9712 9558
f 9558 9712 9714
f 9558 9714 9560
f 9560 9714 9716
f 9560 9716 9562
f 9562 9716 9718
f 9562 9718 9564
f 9564 9718 9720
f 9564 9720 9566
f 9566 9720 9722
f 9566 9722 9568
f 9568 9722 9724
f 9568 9724 9570
f 9570 9724 9726
f 9570 9726 9572
f 9572 9726 9728
f 9572 9728 9574
f 9574 9728 9730
f 9574 9730 9576
f 9576 9730 9732
f 9576 9732 9578
f 9578 9732 9734
f 9578 9734 9580
f 9580 9734 9736
f 9580 9736 9582
f 9582 9736 9738
f 9582 9738 9584
f 9584 9738 9740
f 9584 9740 9586
f 9586 9740 9742
f 9586 9742 9588
f 9588 9742 9744
f 9588 9744 9590
f 9590 9744 9746
f 9590 9746 9592
f 9592 9746 9748
f 9592 9748 9594
f 9594 9748 9750
f 9594 9750 9596
f 9596 9750 9752
f 9596 9752 9598
f 9598 9752 9754
f 9598 9754 9600
f 9600 9754 9756
f 9600 9756 9602
f 9602 9756 9758
f 9602 9758 9604
f 9604 9758 9760
f 9604 9760 9606
f 9606 9760 9762
f 9606 9762 9608
f 9608 9762 9764
f 9608 9764 9610
f 9610 9764 9766
f 9610 9766 9612
f 9612 9766 9768
f 9612 9768 9614
f 9614 9768 9770
f 9614 9770 9616
f 9616 9770 9772
f 9616 9772 9618
f 9618 9772 9774
f 9618 9774 9620
f 9620 9774 9776
f 9620 9776 9622
f 9622 9776 9778
f 9622 9778 9624
f 9624 9778 9780
f 9624 9780 9626
f 9626 9780 9782
f 9626 9782 9628
f 9628 9782 9784
f 9628 9784 9630
f 9630 9784 9786
f 9630 9786 9632
f 9632 9786 9788
f 9632 9788 9634
f 9634 9788 9790
f 9634 9790 9636
f 9636 9790 9792
f 9636 9792 9638
f 9638 9792 9794
f 9638 9794 9640
f 9640 9794 9796
f 9640 9796 9642
f 9642 9796 9798
f 9642 9798 9644
f 9644 9798 9800
f 9644 9800 9646
f 9646 9800 9802
f 9646 9802 9648
f 9648 9802 9804
f 9648 9804 9650
f 9650 9804 9806
f 9650 9806 9652
f 9652 9806 9808
f 9652 9808 9654
f 9654 9808 9810
f 9654 9810 9656
f 9656 9810 9812
f 9656 9812 9658
f 9658 9812 9814
f 9658 9814 9660
f 9660 9814 9816
f 9660 9816 9662
f 9662 9816 9818
f 9662 9818 9664
f 9664 9818 9820
f 9664 9820 9666
f 9666 9820 9822
f 9666 9822 9668
f 9668 9822 9824
f 9668 9824 9670
f 9670 9824 9826
f 9670 9826 9672
f 9672 9826 9828
f 9672 9828 9674
f 9674 9828 9830
f 9674 9830 9676
f 9676 9830 9832
f 9676 9832 9678
f 9678 9832 9834
f 9678 9834 9680
f 9680 9834 9836
f 9680 9836 9682
f 9682 9836 9838
f 9682 9838 9684
f 9684 9838 9840
f 9684 9840 9686
f 9686 9840 9842
f 9686 9842 9688
f 9688 9842 9844
f 9688 9844 9690
f 9690 9844 9846
f 9690 9846 9692
f 9692 9846 9848
f 9692 9848 9694
f 9694 9848 9850
f 9694 9850 9696
f 9696 9850 9852
f 9696 9852 9698
f 9698 9852 9854
f 9698 9854 9700
f 9700 9854 9856
f 9700 9856 9702
f 9704 9858 9860
f 9704 9860 9706
f 9706 9860 9862
f 9706 9862 9708
f 9708 9862 9864
f 9708 9864 9710
f 9710 9864 9866
f 9710 9866 9712
f 9712 9866 9868
f 9712 9868 9714
f 9714 9868 9870
f 9714 9870 9716
f 9716 9870 9872
f 9716 9872 9718
f 9718 9872 9874
f 9718 9874 9720
f 9720 9874 9876
f 9720 9876 9722
f 9722 9876 9878
f 9722 9878 9724
f 9724 9878 9880
f 9724 9880 9726
f 9726 9880 9882
f 9726 9882 9728
f 9728 9882 9884
f 9728 9884 9730
f 9730 9884 9886
f 9730 9886 9732
f 9732 9886 9888
f 9732 9888 9734
f 9734 9888 9890
f 9734 9890 9736
f 9736 9890 9892
f 9736 9892 9738
f 9738 9892 9894
f 9738 9894 9740
f 9740 9894 9896
f 9740 9896 9742
f 9742 9896 9898
f 9742 9898 9744
f 9744 9898 9900
f 9744 9900 9746
f 9746 9900 9902
f 9746 9902 9748
f 9748 9902 9904
f 9748 9904 9750
f 9750 9904 9906
f 9750 9906 9752
f 9752 9906 9908
f 9752 9908 9754
f 9754 9908 9910
f 9754 9910 9756
f 9756 9910 9912
f 9756 9912 9758
f 9758 9912 9914
f 9758 9914 9760
f 9760 9914 9916
f 9760 9916 9762
f 9762 9916 9918
f 9762 9918 9764
f 9764 9918 9920
f 9764 9920 9766
f 9766 9920 9922
f 9766 9922 9768
f 9768 9922 9924
f 9768 9924 9770
f 9770 9924 9926
f 9770 9926 9772
f 9772 9926 9928
f 9772 9928 9774
f 9774 9928 9930
f 9774 9930 9776
f 9776 9930 9932
f 9776 9932 9778
f 9778 9932 9934
f 9778 9934 9780
f 9780 9934 9936
f 9780 9936 9782
f 9782 9936 9938
f 9782 9938 9784
f 9784 9938 9940
f 9784 9940 9786
f 9786 9940 9942
f 9786 9942 9788
f 9788 9942 9944
f 9788 9944 9790
f 9790 9944 9946
f 9790 9946 9792
f 9792 9946 9948
f 9792 9948 9794
f 9794 9948 9950
f 9794 9950 9796
f 9796 9950 9952
f 9796 9952 9798
f 9798 9952 9954
f 9798 9954 9800
f 9800 9954 9956
f 9800 9956 9802
f 9802 9956 9958
f 9802 9958 9804
f 9804 9958 9960
f 9804 9960 9806
f 9806 9960 9962
f 9806 9962 9808
f 9808 9962 9964
f 9808 9964 9810
f 9810 9964 9966
f 9810 9966 9812
f 9812 9966 9968
f 9812 9968 9814
f 9814 9968 9970
f 9814 9970 9816
f 9816 9970 9972
f 9816 9972 9818
f 9818 9972 9974
f 9818 9974 9820
f 9820 9974 9976
f 9820 9976 9822
f 9822 9976 9978
f 9822 9978 9824
f 9824 9978 9980
f 9824 9980 9826
f 9826 9980 9982
f 9826 9982 9828
f 9828 9982 9984
f 9828 9984 9830
f 9830 9984 9986
f 9830 9986 9832
f 9832 9986 9988
f 9832 9988 9834
f 9834 9988 9990
f 9834 9990 9836
f 9836 9990 9992
f 9836 9992 9838
f 9838 9992 9994
f 9838 9994 9840
f 9840 9994 9996
f 9840 9996 9842
f 9842 9996 9998
f 9842 9998 9844
f 9844 9998 10000
f 9844 10000 9846
f 9846 10000 10002
f 9846 10002 9848
f 9848 10002 10004
f 9848 10004 9850
f 9850 10004 10006
f 9850 10006 9852
f 9852 10006 10008
f 9852 10008 9854
f 9854 10008 10010
f 9854 10010 9856
f 9858 10012 10014
f 9858 10014 9860
f 9860 10014 10016
f 9860 10016 9862
f 9862 10016 10018
f 9862 10018 9864
f 9864 10018 10020
f 9864 10020 9866
f 9866 10020 10022
f 9866 10022 9868
f 9868 10022 10024
f 9868 10024 9870
f 9870 10024 10026
f 9870 10026 9872
f 9872 10026 10028
f 9872 10028 9874
f 9874 10028 10030
f 9874 10030 9876
f 9876 10030 10032
f 9876 10032 9878
f 9878 10032 10034
f 9878 10034 9880
f 9880 10034 10036
f 9880 10036 9882
f 9882 10036 10038
f 9882 10038 9884
f 9884 10038 10040
f 9884 10040 9886
f 9886 10040 10042
f 9886 10042 9888
f 9888 10042 10044
f 9888 10044 9890
f 9890 10044 10046
f 9890 10046 9892
f 9892 10046 10048
f 9892 10048 9894
f 9894 10048 10050
f 9894 10050 9896
f 9896 10050 10052
f 9896 10052 9898
f 9898 10052 10054
f 9898 10054 9900
f 9900 10054 10056
f 9900 10056 9902
f 9902 10056 10058
f 9902 10058 9904
f 9904 10058 10060
f 9904 10060 9906
f 9906 10060 10062
f 9906 10062 9908
f 9908 10062 10064
f 9908 10064 9910
f 9910 10064 10066
f 9910 10066 9912
f 9912 10066 10068
f 9912 10068 9914
f 9914 10068 10070
f 9914 10070 9916
f 9916 10070 10072
f 9916 10072 9918
f 9918 10072 10074
f 9918 10074 9920
f 9920 10074 10076
f 9920 10076 9922
f 9922 10076 10078
f 9922 10078 9924
f 9924 10078 10080
f 9924 10080 9926
f 9926 10080 10082
f 9926 10082 9928
f 9928 10082 10084
f 9928 10084 9930
f 9930 10084 10086
f 9930 10086 9932
f 9932 10086 10088
f 9932 10088 9934
f 9934 10088 10090
f 9934 10090 9936
f 9936 10090 10092
f 9936 10092 9938
f 9938 10092 10094
f 9938 10094 9940
f 9940 10094 10096
f 9940 10096 9942
f 9942 10096 10098
f 9942 10098 9944
f 9944 10098 10100
f 9944 10100 9946
f 9946 10100 10102
f 9946 10102 9948
f 9948 10102 10104
f 9948 10104 9950
f 9950 10104 10106
f 9950 10106 9952
f 9952 10106 10108
f 9952 10108 9954
f 9954 10108 10110
f 9954 10110 9956
f 9956 10110 10112
f 9956 10112 9958
f 9958 10112 10114
f 9958 10114 9960
f 9960 10114 10116
f 9960 10116 9962
f 9962 10116 10118
f 9962 10118 9964
f 9964 10118 10120
f 9964 10120 9966
f 9966 10120 10122
f 9966 10122 9968
f 9968 10122 10124
f 9968 10124 9970
f 9970 10124 10126
f 9970 10126 9972
f 9972 10126 10128
f 9972 10128 9974
f 9974 10128 10130
f 9974 10130 9976
f 9976 10130 10132
f 9976 10132 9978
f 9978 10132 10134
f 9978 10134 9980
f 9980 10134 10136
f 9980 10136 9982
f 9982 10136 10138
f 9982 10138 9984
f 9984 10138 10140
f 9984 10140 9986
f 9986 10140 10142
f 9986 10142 9988
f 9988 10142 10144
f 9988 10144 9990
f 9990 10144 10146
f 9990 10146 9992
f 9992 10146 10148
f 9992 10148 9994
f 9994 10148 10150
f 9994 10150 9996
f 9996 10150 10152
f 9996 10152 9998
f 9998 10152 10154
f 9998 10154 10000
f 10000 10154 10156
f 10000 10156 10002
f 10002 10156 10158
f 10002 10158 10004
f 10004 10158 10160
f 10004 10160 10006
f 10006 10160 10162
f 10006 10162 10008
f 10008 10162 10164
f 10008 10164 10010
f 10012 10166 10168
f 10012 10168 10014
f 10014 10168 10170
f 10014 10170 10016
f 10016 10170 10172
f 10016 10172 10018
f 10018 10172 10174
f 10018 10174 10020
f 10020 10174 10176
f 10020 10176 10022
f 10022 10176 10178
f 10022 10178 10024
f 10024 10178 10180
f 10024 10180 10026
f 10026 10180 10182
f 10026 10182 10028
f 10028 10182 10184
f 10028 10184 10030
f 10030 10184 10186
f 10030 10186 10032
f 10032 10186 10188
f 10032 10188 10034
f 10034 10188 10190
f 10034 10190 10036
f 10036 10190 10192
f 10036 10192 10038
f 10038 10192 10194
f 10038 10194 10040
f 10040 10194 10196
f 10040 10196 10042
f 10042 10196 10198
f 10042 10198 10044
f 10044 10198 10200
f 10044 10200 10046
f 10046 10200 10202
f 10046 10202 10048
f 10048 10202 10204
f 10048 10204 10050
f 10050 10204 10206
f 10050 10206 10052
f 10052 10206 10208
f 10052 10208 10054
f 10054 10208 10210
f 10054 10210 10056
f 10056 10210 10212
f 10056 10212 10058
f 10058 10212 10214
f 10058 10214 10060
f 10060 10214 10216
f 10060 10216 10062
f 10062 10216 10218
f 10062 10218 10064
f 10064 10218 10220
f 10064 10220 10066
f 10066 10220 10222
f 10066 10222 10068
f 10068 10222 10224
f 10068 10224 10070
f 10070 10224 10226
f 10070 10226 10072
f 10072 10226 10228
f 10072 10228 10074
f 10074 10228 10230
f 10074 10230 10076
f 10076 10230 10232
f 10076 10232 10078
f 10078 10232 10234
f 10078 10234 10080
f 10080 10234 10236
f 10080 10236 10082
f 10082 10236 10238
f 10082 10238 10084
f 10084 10238 10240
f 10084 10240 10086
f 10086 10240 10242
f 10086 10242 10088
f 10088 10242 10244
f 10088 10244 10090
f 10090 10244 10246
f 10090 10246 10092
f 10092 10246 10248
f 10092 10248 10094
f 10094 10248 10250
f 10094 10250 10096
f 10096 10250 10252
f 10096 10252 10098
f 10098 10252 10254
f 10098 10254 10100
f 10100 10254 10256
f 10100 10256 10102
f 10102 10256 10258
f 10102 10258 10104
f 10104 10258 10260
f 10104 10260 10106
f 10106 10260 10262
f 10106 10262 10108
f 10108 10262 10264
f 10108 10264 10110
f 10110 10264 10266
f 10110 10266 10112
f 10112 10266 10268
f 10112 10268 10114
f 10114 10268 10270
f 10114 10270 10116
f 10116 10270 10272
f 10116 10272 10118
f 10118 10272 10274
f 10118 10274 10120
f 10120 10274 10276
f 10120 10276 10122
f 10122 10276 10278
f 10122 10278 10124
f 10124 10278 10280
f 10124 10280 10126
f 10126 10280 10282
f 10126 10282 10128
f 10128 10282 10284
f 10128 10284 10130
f 10130 10284 10286
f 10130 10286 10132
f 10132 10286 10288
f 10132 10288 10134
f 10134 10288 10290
f 10134 10290 10136
f 10136 10290 10292
f 10136 10292 10138
f 10138 10292 10294
f 10138 10294 10140
f 10140 10294 10296
f 10140 10296 10142
f 10142 10296 10298
f 10142 10298 10144
f 10144 10298 10300
f 10144 10300 10146
f 10146 10300 10302
f 10146 10302 10148
f 10148 10302 10304
f 10148 10304 10150
f 10150 10304 10306
f 10150 10306 10152
f 10152 10306 10308
f 10152 10308 10154
f 10154 10308 10310
f 10154 10310 10156
f 10156 10310 10312
f 10156 10312 10158
f 10158 10312 10314
f 10158 10314 10160
f 10160 10314 10316
f 10160 10316 10162
f 10162 10316 10318
f 10162 10318 10164
f 10166 10320 10322
f 10166 10322 10168
f 10168 10322 10324
f 10168 10324 10170
f 10170 10324 10326
f 10170 10326 10172
f 10172 10326 10328
f 10172 10328 10174
f 10174 10328 10330
f 10174 10330 10176
f 10176 10330 10332
f 10176 10332 10178
f 10178 10332 10334
f 10178 10334 10180
f 10180 10334 10336
f 10180 10336 10182
f 10182 10336 10338
f 10182 10338 10184
f 10184 10338 10340
f 10184 10340 10186
f 10186 10340 10342
f 10186 10342 10188
f 10188 10342 10344
f 10188 10344 10190
f 10190 10344 10346
f 10190 10346 10192
f 10192 10346 10348
f 10192 10348 10194
f 10194 10348 10350
f 10194 10350 10196
f 10196 10350 10352
f 10196 10352 10198
f 10198 10352 10354
f 10198 10354 10200
f 10200 10354 10356
f 10200 10356 10202
f 10202 10356 10358
f 10202 10358 10204
f 10204 10358 10360
f 10204 10360 10206
f 10206 10360 10362
f 10206 10362 10208
f 10208 10362 10364
f 10208 10364 10210
f 10210 10364 10366
f 10210 10366 10212
f 10212 10366 10368
f 10212 10368 10214
f 10214 10368 10370
f 10214 10370 10216
f 10216 10370 10372
f 10216 10372 10218
f 10218 10372 10374
f 10218 10374 10220
f 10220 10374 10376
f 10220 10376 10222
f 10222 10376 10378
f 10222 10378 10224
f 10224 10378 10380
f 10224 10380 10226
f 10226 10380 10382
f 10226 10382 10228
f 10228 10382 10384
f 10228 10384 10230
f 10230 10384 10386
f 10230 10386 10232
f 10232 10386 10388
f 10232 10388 10234
f 10234 10388 10390
f 10234 10390 10236
f 10236 10390 10392
f 10236 10392 10238
f 10238 10392 10394
f 10238 10394 10240
f 10240 10394 10396
f 10240 10396 10242
f 10242 10396 10398
f 10242 10398 10244
f 10244 10398 10400
f 10244 10400 10246
f 10246 10400 10402
f 10246 10402 10248
f 10248 10402 10404
f 10248 10404 10250
f 10250 10404 10406
f 10250 10406 10252
f 10252 10406 10408
f 10252 10408 10254
f 10254 10408 10410
f 10254 10410 10256
f 10256 10410 10412
f 10256 10412 10258
f 10258 10412 10414
f 10258 10414 10260
f 10260 10414 10416
f 10260 10416 10262
f 10262 10416 10418
f 10262 10418 10264
f 10264 10418 10420
f 10264 10420 10266
f 10266 10420 10422
f 10266 10422 10268
f 10268 10422 10424
f 10268 10424 10270
f 10270 10424 10426
f 10270 10426 10272
f 10272 10426 10428
f 10272 10428 10274
f 10274 10428 10430
f 10274 10430 10276
f 10276 10430 10432
f 10276 10432 10278
f 10278 10432 10434
f 10278 10434 10280
f 10280 10434 10436
f 10280 10436 10282
f 10282 10436 10438
f 10282 10438 10284
f 10284 10438 10440
f 10284 10440 10286
f 10286 10440 10442
f 10286 10442 10288
f 10288 10442 10444
f 10288 10444 10290
f 10290 10444 10446
f 10290 10446 10292
f 10292 10446 10448
f 10292 10448 10294
f 10294 10448 10450
f 10294 10450 10296
f 10296 10450 10452
f 10296 10452 10298
f 10298 10452 10454
f 10298 10454 10300
f 10300 10454 10456
f 10300 10456 10302
f 10302 10456 10458
f 10302 10458 10304
f 10304 10458 10460
f 10304 10460 10306
f 10306 10460 10462
f 10306 10462 10308
f 10308 10462 10464
f 10308 10464 10310
f 10310 10464 10466
f 10310 10466 10312
f 10312 10466 10468
f 10312 10468 10314
f 10314 10468 10470
f 10314 10470 10316
f 10316 10470 10472
f 10316 10472 10318
f 10320 10474 10476
f 10320 10476 10322
f 10322 10476 10478
f 10322 10478 10324
f 10324 10478 10480
f 10324 10480 10326
f 10326 10480 10482
f 10326 10482 10328
f 10328 10482 10484
f 10328 10484 10330
f 10330 10484 10486
f 10330 10486 10332
f 10332 10486 10488
f 10332 10488 10334
f 10334 10488 10490
f 10334 10490 10336
f 10336 10490 10492
f 10336 10492 10338
f 10338 10492 10494
f 10338 10494 10340
f 10340 10494 10496
f 10340 10496 10342
f 10342 10496 10498
f 10342 10498 10344
f 10344 10498 10500
f 10344 10500 10346
f 10346 10500 10502
f 10346 10502 10348
f 10348 10502 10504
f 10348 10504 10350
f 10350 10504 10506
f 10350 10506 10352
f 10352 10506 10508
f 10352 10508 10354
f 10354 10508 10510
f 10354 10510 10356
f 10356 10510 10512
f 10356 10512 10358
f 10358 10512 10514
f 10358 10514 10360
f 10360 10514 10516
f 10360 10516 10362
f 10362 10516 10518
f 10362 10518 10364
f 10364 10518 10520
f 10364 10520 10366
f 10366 10520 10522
f 10366 10522 10368
f 10368 10522 10524
f 10368 10524 10370
f 10370 10524 10526
f 10370 10526 10372
f 10372 10526 10528
f 10372 10528 10374
f 10374 10528 10530
f 10374 10530 10376
f 10376 10530 10532
f 10376 10532 10378
f 10378 10532 10534
f 10378 10534 10380
f 10380 10534 10536
f 10380 10536 10382
f 10382 10536 10538
f 10382 10538 10384
f 10384 10538 10540
f 10384 10540 10386
f 10386 10540 10542
f 10386 10542 10388
f 10388 10542 10544
f 10388 10544 10390
f 10390 10544 10546
f 10390 10546 10392
f 10392 10546 10548
f 10392 10548 10394
f 10394 10548 10550
f 10394 10550 10396
f 10396 10550 10552
f 10396 10552 10398
f 10398 10552 10554
f 10398 10554 10400
f 10400 10554 10556
f 10400 10556 10402
f 10402 10556 10558
f 10402 10558 10404
f 10404 10558 10560
f 10404 10560 10406
f 10406 10560 10562
f 10406 10562 10408
f 10408 10562 10564
f 10408 10564 10410
f 10410 10564 10566
f 10410 10566 10412
f 10412 10566 10568
f 10412 10568 10414
f 10414 10568 10570
f 10414 10570 10416
f 10416 10570 10572
f 10416 10572 10418
f 10418 10572 10574
f 10418 10574 10420
f 10420 10574 10576
f 10420 10576 10422
f 10422 10576 10578
f 10422 10578 10424
f 10424 10578 10580
f 10424 10580 10426
f 10426 10580 10582
f 10426 10582 10428
f 10428 10582 10584
f 10428 10584 10430
f 10430 10584 10586
f 10430 10586 10432
f 10432 10586 10588
f 10432 10588 10434
f 10434 10588 10590
f 10434 10590 10436
f 10436 10590 10592
f 10436 10592 10438
f 10438 10592 10594
f 10438 10594 10440
f 10440 10594 10596
f 10440 10596 10442
f 10442 10596 10598
f 10442 10598 10444
f 10444 10598 10600
f 10444 10600 10446
f 10446 10600 10602
f 10446 10602 10448
f 10448 10602 10604
f 10448 10604 10450
f 10450 10604 10606
f 10450 10606 10452
f 10452 10606 10608
f 10452 10608 10454
f 10454 10608 10610
f 10454 10610 10456
f 10456 10610 10612
f 10456 10612 10458
f 10458 10612 10614
f 10458 10614 10460
f 10460 10614 10616
f 10460 10616 10462
f 10462 10616 10618
f 10462 10618 10464
f 10464 10618 10620
f 10464 10620 10466
f 10466 10620 10622
f 10466 10622 10468
f 10468 10622 10624
f 10468 10624 10470
f 10470 10624 10626
f 10470 10626 10472
f 10474 10628 10630
f 10474 10630 10476
f 10476 10630 10632
f 10476 10632 10478
f 10478 10632 10634
f 10478 10634 10480
f 10480 10634 10636
f 10480 10636 10482
f 10482 10636 10638
f 10482 10638 10484
f 10484 10638 10640
f 10484 10640 10486
f 10486 10640 10642
f 10486 10642 10488
f 10488 10642 10644
f 10488 10644 10490
f 10490 10644 10646
f 10490 10646 10492
f 10492 10646 10648
f 10492 10648 10494
f 10494 10648 10650
f 10494 10650 10496
f 10496 10650 10652
f 10496 10652 10498
f 10498 10652 10654
f 10498 10654 10500
f 10500 10654 10656
f 10500 10656 10502
f 10502 10656 10658
f 10502 10658 10504
f 10504 10658 10660
f 10504 10660 10506
f 10506 10660 10662
f 10506 10662 10508
f 10508 10662 10664
f 10508 10664 10510
f 10510 10664 10666
f 10510 10666 10512
f 10512 10666 10668
f 10512 10668 10514
f 10514 10668 10670
f 10514 10670 10516
f 10516 10670 10672
f 10516 10672 10518
f 10518 10672 10674
f 10518 10674 10520
f 10520 10674 10676
f 10520 10676 10522
f 10522 10676 10678
f 10522 10678 10524
f 10524 10678 10680
f 10524 10680 10526
f 10526 10680 10682
f 10526 10682 10528
f 10528 10682 10684
f 10528 10684 10530
f 10530 10684 10686
f 10530 10686 10532
f 10532 10686 10688
f 10532 10688 10534
f 10534 10688 10690
f 10534 10690 10536
f 10536 10690 10692
f 10536 10692 10538
f 10538 10692 10694
f 10538 10694 10540
f 10540 10694 10696
f 10540 10696 10542
f 10542 10696 10698
f 10542 10698 10544
f 10544 10698 10700
f 10544 10700 10546
f 10546 10700 10702
f 10546 10702 10548
f 10548 10702 10704
f 10548 10704 10550
f 10550 10704 10706
f 10550 10706 10552
f 10552 10706 10708
f 10552 10708 10554
f 10554 10708 10710
f 10554 10710 10556
f 10556 10710 10712
f 10556 10712 10558
f 10558 10712 10714
f 10558 10714 10560
f 10560 10714 10716
f 10560 10716 10562
f 10562 10716 10718
f 10562 10718 10564
f 10564 10718 10720
f 10564 10720 10566
f 10566 10720 10722
f 10566 10722 10568
f 10568 10722 10724
f 10568 10724 10570
f 10570 10724 10726
f 10570 10726 10572
f 10572 10726 10728
f 10572 10728 10574
f 10574 10728 10730
f 10574 10730 10576
f 10576 10730 10732
f 10576 10732 10578
f 10578 10732 10734
f 10578 10734 10580
f 10580 10734 10736
f 10580 10736 10582
f 10582 10736 10738
f 10582 10738 10584
f 10584 10738 10740
f 10584 10740 10586
f 10586 10740 10742
f 10586 10742 10588
f 10588 10742 10744
f 10588 10744 10590
f 10590 10744 10746
f 10590 10746 10592
f 10592 10746 10748
f 10592 10748 10594
f 10594 10748 10750
f 10594 10750 10596
f 10596 10750 10752
f 10596 10752 10598
f 10598 10752 10754
f 10598 10754 10600
f 10600 10754 10756
f 10600 10756 10602
f 10602 10756 10758
f 10602 10758 10604
f 10604 10758 10760
f 10604 10760 10606
f 10606 10760 10762
f 10606 10762 10608
f 10608 10762 10764
f 10608 10764 10610
f 10610 10764 10766
f 10610 10766 10612
f 10612 10766 10768
f 10612 10768 10614
f 10614 10768 10770
f 10614 10770 10616
f 10616 10770 10772
f 10616 10772 10618
f 10618 10772 10774
f 10618 10774 10620
f 10620 10774 10776
f 10620 10776 10622
f 10622 10776 10778
f 10622 10778 10624
f 10624 10778 10780
f 10624 10780 10626
f 10628 10782 10784
f 10628 10784 10630
f 10630 10784 10786
f 10630 10786 10632
f 10632 10786 10788
f 10632 10788 10634
f 10634 10788 10790
f 10634 10790 10636
f 10636 10790 10792
f 10636 10792 10638
f 10638 10792 10794
f 10638 10794 10640
f 10640 10794 10796
f 10640 10796 10642
f 10642 10796 10798
f 10642 10798 10644
f 10644 10798 10800
f 10644 10800 10646
f 10646 10800 10802
f 10646 10802 10648
f 10648 10802 10804
f 10648 10804 10650
f 10650 10804 10806
f 10650 10806 10652
f 10652 10806 10808
f 10652 10808 10654
f 10654 10808 10810
f 10654 10810 10656
f 10656 10810 10812
f 10656 10812 10658
f 10658 10812 10814
f 10658 10814 10660
f 10660 10814 10816
f 10660 10816 10662
f 10662 10816 10818
f 10662 10818 10664
f 10664 10818 10820
f 10664 10820 10666
f 10666 10820 10822
f 10666 10822 10668
f 10668 10822 10824
f 10668 10824 10670
f 10670 10824 10826
f 10670 10826 10672
f 10672 10826 10828
f 10672 10828 10674
f 10674 10828 10830
f 10674 10830 10676
f 10676 10830 10832
f 10676 10832 10678
f 10678 10832 10834
f 10678 10834 10680
f 10680 10834 10836
f 10680 10836 10682
f 10682 10836 10838
f 10682 10838 10684
f 10684 10838 10840
f 10684 10840 10686
f 10686 10840 10842
f 10686 10842 10688
f 10688 10842 10844
f 10688 10844 10690
f 10690 10844 10846
f 10690 10846 10692
f 10692 10846 10848
f 10692 10848 10694
f 10694 10848 10850
f 10694 10850 10696
f 10696 10850 10852
f 10696 10852 10698
f 10698 10852 10854
f 10698 10854 10700
f 10700 10854 10856
f 10700 10856 10702
f 10702 10856 10858
f 10702 10858 10704
f 10704 10858 10860
f 10704 10860 10706
f 10706 10860 10862
f 10706 10862 10708
f 10708 10862 10864
f 10708 10864 10710
f 10710 10864 10866
f 10710 10866 10712
f 10712 10866 10868
f 10712 10868 10714
f 10714 10868 10870
f 10714 10870 10716
f 10716 10870 10872
f 10716 10872 10718
f 10718 10872 10874
f 10718 10874 10720
f 10720 10874 10876
f 10720 10876 10722
f 10722 10876 10878
f 10722 10878 10724
f 10724 10878 10880
f 10724 10880 10726
f 10726 10880 10882
f 10726 10882 10728
f 10728 10882 10884
f 10728 10884 10730
f 10730 10884 10886
f 10730 10886 10732
f 10732 10886 10888
f 10732 10888 10734
f 10734 10888 10890
f 10734 10890 10736
f 10736 10890 10892
f 10736 10892 10738
f 10738 10892 10894
f 10738 10894 10740
f 10740 10894 10896
f 10740 10896 10742
f 10742 10896 10898
f 10742 10898 10744
f 10744 10898 10900
f 10744 10900 10746
f 10746 10900 10902
f 10746 10902 10748
f 10748 10902 10904
f 10748 10904 10750
f 10750 10904 10906
f 10750 10906 10752
f 10752 10906 10908
f 10752 10908 10754
f 10754 10908 10910
f 10754 10910 10756
f 10756 10910 10912
f 10756 10912 10758
f 10758 10912 10914
f 10758 10914 10760
f 10760 10914 10916
f 10760 10916 10762
f 10762 10916 10918
f 10762 10918 10764
f 10764 10918 10920
f 10764 10920 10766
f 10766 10920 10922
f 10766 10922 10768
f 10768 10922 10924
f 10768 10924 10770
f 10770 10924 10926
f 10770 10926 10772
f 10772 10926 10928
f 10772 10928 10774
f 10774 10928 10930
f 10774 10930 10776
f 10776 10930 10932
f 10776 10932 10778
f 10778 10932 10934
f 10778 10934 10780
f 10782 10936 10938
f 10782 10938 10784
f 10784 10938 10940
f 10784 10940 10786
f 10786 10940 10942
f 10786 10942 10788
f 10788 10942 10944
f 10788 10944 10790
f 10790 10944 10946
f 10790 10946 10792
f 10792 10946 10948
f 10792 10948 10794
f 10794 10948 10950
f 10794 10950 10796
f 10796 10950 10952
f 10796 10952 10798
f 10798 10952 10954
f 10798 10954 10800
f 10800 10954 10956
f 10800 10956 10802
f 10802 10956 10958
f 10802 10958 10804
f 10804 10958 10960
f 10804 10960 10806
f 10806 10960 10962
f 10806 10962 10808
f 10808 10962 10964
f 10808 10964 10810
f 10810 10964 10966
f 10810 10966 10812
f 10812 10966 10968
f 10812 10968 10814
f 10814 10968 10970
f 10814 10970 10816
f 10816 10970 10972
f 10816 10972 10818
f 10818 10972 10974
f 10818 10974 10820
f 10820 10974 10976
f 10820 10976 10822
f 10822 10976 10978
f 10822 10978 10824
f 10824 10978 10980
f 10824 10980 10826
f 10826 10980 10982
f 10826 10982 10828
f 10828 10982 10984
f 10828 10984 10830
f 10830 10984 10986
f 10830 10986 10832
f 10832 10986 10988
f 10832 10988 10834
f 10834 10988 10990
f 10834 10990 10836
f 10836 10990 10992
f 10836 10992 10838
f 10838 10992 10994
f 10838 10994 10840
f 10840 10994 10996
f 10840 10996 10842
f 10842 10996 10998
f 10842 10998 10844
f 10844 10998 11000
f 10844 11000 10846
f 10846 11000 11002
f 10846 11002 10848
f 10848 11002 11004
f 10848 11004 10850
f 10850 11004 11006
f 10850 11006 10852
f 10852 11006 11008
f 10852 11008 10854
f 10854 11008 11010
f 10854 11010 10856
f 10856 11010 11012
f 10856 11012 10858
f 10858 11012 11014
f 10858 11014 10860
f 10860 11014 11016
f 10860 11016 10862
f 10862 11016 11018
f 10862 11018 10864
f 10864 11018 11020
f 10864 11020 10866
f 10866 11020 11022
f 10866 11022 10868
f 10868 11022 11024
f 10868 11024 10870
f 10870 11024 11026
f 10870 11026 10872
f 10872 11026 11028
f 10872 11028 10874
f 10874 11028 11030
f 10874 11030 10876
f 10876 11030 11032
f 10876 11032 10878
f 10878 11032 11034
f 10878 11034 10880
f 10880 11034 11036
f 10880 11036 10882
f 10882 11036 11038
f 10882 11038 10884
f 10884 11038 11040
f 10884 11040 10886
f 10886 11040 11042
f 10886 11042 10888
f 10888 11042 11044
f 10888 11044 10890
f 10890 11044 11046
f 10890 11046 10892
f 10892 11046 11048
f 10892 11048 10894
f 10894 11048 11050
f 10894 11050 10896
f 10896 11050 11052
f 10896 11052 10898
f 10898 11052 11054
f 10898 11054 10900
f 10900 11054 11056
f 10900 11056 10902
f 10902 11056 11058
f 10902 11058 10904
f 10904 11058 11060
f 10904 11060 10906
f 10906 11060 11062
f 10906 11062 10908
f 10908 11062 11064
f 10908 11064 10910
f 10910 11064 11066
f 10910 11066 10912
f 10912 11066 11068
f 10912 11068 10914
f 10914 11068 11070
f 10914 11070 10916
f 10916 11070 11072
f 10916 11072 10918
f 10918 11072 11074
f 10918 11074 10920
f 10920 11074 11076
f 10920 11076 10922
f 10922 11076 11078
f 10922 11078 10924
f 10924 11078 11080
f 10924 11080 10926
f 10926 11080 11082
f 10926 11082 10928
f 10928 11082 11084
f 10928 11084 10930
f 10930 11084 11086
f 10930 11086 10932
f 10932 11086 11088
f 10932 11088 10934
f 10936 11090 11092
f 10936 11092 10938
f 10938 11092 11094
f 10938 11094 10940
f 10940 11094 11096
f 10940 11096 10942
f 10942 11096 11098
f 10942 11098 10944
f 10944 11098 11100
f 10944 11100 10946
f 10946 11100 11102
f 10946 11102 10948
f 10948 11102 11104
f 10948 11104 10950
f 10950 11104 11106
f 10950 11106 10952
f 10952 11106 11108
f 10952 11108 10954
f 10954 11108 11110
f 10954 11110 10956
f 10956 11110 11112
f 10956 11112 10958
f 10958 11112 11114
f 10958 11114 10960
f 10960 11114 11116
f 10960 11116 10962
f 10962 11116 11118
f 10962 11118 10964
f 10964 11118 11120
f 10964 11120 10966
f 10966 11120 11122
f 10966 11122 10968
f 10968 11122 11124
f 10968 11124 10970
f 10970 11124 11126
f 10970 11126 10972
f 10972 11126 11128
f 10972 11128 10974
f 10974 11128 11130
f 10974 11130 10976
f 10976 11130 11132
f 10976 11132 10978
f 10978 11132 11134
f 10978 11134 10980
f 10980 11134 11136
f 10980 11136 10982
f 10982 11136 11138
f 10982 11138 10984
f 10984 11138 11140
f 10984 11140 10986
f 10986 11140 11142
f 10986 11142 10988
f 10988 11142 11144
f 10988 11144 10990
f 10990 11144 11146
f 10990 11146 10992
f 10992 11146 11148
f 10992 11148 10994
f 10994 11148 11150
f 10994 11150 10996
f 10996 11150 11152
f 10996 11152 10998
f 10998 11152 11154
f 10998 11154 11000
f 11000 11154 11156
f 11000 11156 11002
f 11002 11156 11158
f 11002 11158 11004
f 11004 11158 11160
f 11004 11160 11006
f 11006 11160 11162
f 11006 11162 11008
f 11008 11162 11164
f 11008 11164 11010
f 11010 11164 11166
f 11010 11166 11012
f 11012 11166 11168
f 11012 11168 11014
f 11014 11168 11170
f 11014 11170 11016
f 11016 11170 11172
f 11016 11172 11018
f 11018 11172 11174
f 11018 11174 11020
f 11020 11174 11176
f 11020 11176 11022
f 11022 11176 11178
f 11022 11178 11024
f 11024 11178 11180
f 11024 11180 11026
f 11026 11180 11182
f 11026 11182 11028
f 11028 11182 11184
f 11028 11184 11030
f 11030 11184 11186
f 11030 11186 11032
f 11032 11186 11188
f 11032 11188 11034
f 11034 11188 11190
f 11034 11190 11036
f 11036 11190 11192
f 11036 11192 11038
f 11038 11192 11194
f 11038 11194 11040
f 11040 11194 11196
f 11040 11196 11042
f 11042 11196 11198
f 11042 11198 11044
f 11044 11198 11200
f 11044 11200 11046
f 11046 11200 11202
f 11046 11202 11048
f 11048 11202 11204
f 11048 11204 11050
f 11050 11204 11206
f 11050 11206 11052
f 11052 11206 11208
f 11052 11208 11054
f 11054 11208 11210
f 11054 11210 11056
f 11056 11210 11212
f 11056 11212 11058
f 11058 11212 11214
f 11058 11214 11060
f 11060 11214 11216
f 11060 11216 11062
f 11062 11216 11218
f 11062 11218 11064
f 11064 11218 11220
f 11064 11220 11066
f 11066 11220 11222
f 11066 11222 11068
f 11068 11222 11224
f 11068 11224 11070
f 11070 11224 11226
f 11070 11226 11072
f 11072 11226 11228
f 11072 11228 11074
f 11074 11228 11230
f 11074 11230 11076
f 11076 11230 11232
f 11076 11232 11078
f 11078 11232 11234
f 11078 11234 11080
f 11080 11234 11236
f 11080 11236 11082
f 11082 11236 11238
f 11082 11238 11084
f 11084 11238 11240
f 11084 11240 11086
f 11086 11240 11242
f 11086 11242 11088
f 11090 11244 11246
f 11090 11246 11092
f 11092 11246 11248
f 11092 11248 11094
f 11094 11248 11250
f 11094 11250 11096
f 11096 11250 11252
f 11096 11252 11098
f 11098 11252 11254
f 11098 11254 11100
f 11100 11254 11256
f 11100 11256 11102
f 11102 11256 11258
f 11102 11258 11104
f 11104 11258 11260
f 11104 11260 11106
f 11106 11260 11262
f 11106 11262 11108
f 11108 11262 11264
f 11108 11264 11110
f 11110 11264 11266
f 11110 11266 11112
f 11112 11266 11268
f 11112 11268 11114
f 11114 11268 11270
f 11114 11270 11116
f 11116 11270 11272
f 11116 11272 11118
f 11118 11272 11274
f 11118 11274 11120
f 11120 11274 11276
f 11120 11276 11122
f 11122 11276 11278
f 11122 11278 11124
f 11124 11278 11280
f 11124 11280 11126
f 11126 11280 11282
f 11126 11282 11128
f 11128 11282 11284
f 11128 11284 11130
f 11130 11284 11286
f 11130 11286 11132
f 11132 11286 11288
f 11132 11288 11134
f 11134 11288 11290
f 11134 11290 11136
f 11136 11290 11292
f 11136 11292 11138
f 11138 11292 11294
f 11138 11294 11140
f 11140 11294 11296
f 11140 11296 11142
f 11142 11296 11298
f 11142 11298 11144
f 11144 11298 11300
f 11144 11300 11146
f 11146 11300 11302
f 11146 11302 11148
f 11148 11302 11304
f 11148 11304 11150
f 11150 11304 11306
f 11150 11306 11152
f 11152 11306 11308
f 11152 11308 11154
f 11154 11308 11310
f 11154 11310 11156
f 11156 11310 11312
f 11156 11312 11158
f 11158 11312 11314
f 11158 11314 11160
f 11160 11314 11316
f 11160 11316 11162
f 11162 11316 11318
f 11162 11318 11164
f 11164 11318 11320
f 11164 11320 11166
f 11166 11320 11322
f 11166 11322 11168
f 11168 11322 11324
f 11168 11324 11170
f 11170 11324 11326
f 11170 11326 11172
f 11172 11326 11328
f 11172 11328 11174
f 11174 11328 11330
f 11174 11330 11176
f 11176 11330 11332
f 11176 11332 11178
f 11178 11332 11334
f 11178 11334 11180
f 11180 11334 11336
f 11180 11336 11182
f 11182 11336 11338
f 11182 11338 11184
f 11184 11338 11340
f 11184 11340 11186
f 11186 11340 11342
f 11186 11342 11188
f 11188 11342 11344
f 11188 11344 11190
f 11190 11344 11346
f 11190 11346 11192
f 11192 11346 11348
f 11192 11348 11194
f 11194 11348 11350
f 11194 11350 11196
f 11196 11350 11352
f 11196 11352 11198
f 11198 11352 11354
f 11198 11354 11200
f 11200 11354 11356
f 11200 11356 11202
f 11202 11356 11358
f 11202 11358 11204
f 11204 11358 11360
f 11204 11360 11206
f 11206 11360 11362
f 11206 11362 11208
f 11208 11362 11364
f 11208 11364 11210
f 11210 11364 11366
f 11210 11366 11212
f 11212 11366 11368
f 11212 11368 11214
f 11214 11368 11370
f 11214 11370 11216
f 11216 11370 11372
f 11216 11372 11218
f 11218 11372 11374
f 11218 11374 11220
f 11220 11374 11376
f 11220 11376 11222
f 11222 11376 11378
f 11222 11378 11224
f 11224 11378 11380
f 11224 11380 11226
f 11226 11380 11382
f 11226 11382 11228
f 11228 11382 11384
f 11228 11384 11230
f 11230 11384 11386
f 11230 11386 11232
f 11232 11386 11388
f 11232 11388 11234
f 11234 11388 11390
f 11234 11390 11236
f 11236 11390 11392
f 11236 11392 11238
f 11238 11392 11394
f 11238 11394 11240
f 11240 11394 11396
f 11240 11396 11242
f 11244 11398 11400
f 11244 11400 11246
f 11246 11400 11402
f 11246 11402 11248
f 11248 11402 11404
f 11248 11404 11250
f 11250 11404 11406
f 11250 11406 11252
f 11252 11406 11408
f 11252 11408 11254
f 11254 11408 11410
f 11254 11410 11256
f 11256 11410 11412
f 11256 11412 11258
f 11258 11412 11414
f 11258 11414 11260
f 11260 11414 11416
f 11260 11416 11262
f 11262 11416 11418
f 11262 11418 11264
f 11264 11418 11420
f 11264 11420 11266
f 11266 11420 11422
f 11266 11422 11268
f 11268 11422 11424
f 11268 11424 11270
f 11270 11424 11426
f 11270 11426 11272
f 11272 11426 11428
f 11272 11428 11274
f 11274 11428 11430
f 11274 11430 11276
f 11276 11430 11432
f 11276 11432 11278
f 11278 11432 11434
f 11278 11434 11280
f 11280 11434 11436
f 11280 11436 11282
f 11282 11436 11438
f 11282 11438 11284
f 11284 11438 11440
f 11284 11440 11286
f 11286 11440 11442
f 11286 11442 11288
f 11288 11442 11444
f 11288 11444 11290
f 11290 11444 11446
f 11290 11446 11292
f 11292 11446 11448
f 11292 11448 11294
f 11294 11448 11450
f 11294 11450 11296
f 11296 11450 11452
f 11296 11452 11298
f 11298 11452 11454
f 11298 11454 11300
f 11300 11454 11456
f 11300 11456 11302
f 11302 11456 11458
f 11302 11458 11304
f 11304 11458 11460
f 11304 11460 11306
f 11306 11460 11462
f 11306 11462 11308
f 11308 11462 11464
f 11308 11464 11310
f 11310 11464 11466
f 11310 11466 11312
f 11312 11466 11468
f 11312 11468 11314
f 11314 11468 11470
f 11314 11470 11316
f 11316 11470 11472
f 11316 11472 11318
f 11318 11472 11474
f 11318 11474 11320
f 11320 11474 11476
f 11320 11476 11322
f 11322 11476 11478
f 11322 11478 11324
f 11324 11478 11480
f 11324 11480 11326
f 11326 11480 11482
f 11326 11482 11328
f 11328 11482 11484
f 11328 11484 11330
f 11330 11484 11486
f 11330 11486 11332
f 11332 11486 11488
f 11332 11488 11334
f 11334 11488 11490
f 11334 11490 11336
f 11336 11490 11492
f 11336 11492 11338
f 11338 11492 11494
f 11338 11494 11340
f 11340 11494 11496
f 11340 11496 11342
f 11342 11496 11498
f 11342 11498 11344
f 11344 11498 11500
f 11344 11500 11346
f 11346 11500 11502
f 11346 11502 11348
f 11348 11502 11504
f 11348 11504 11350
f 11350 11504 11506
f 11350 11506 11352
f 11352 11506 11508
f 11352 11508 11354
f 11354 11508 11510
f 11354 11510 11356
f 11356 11510 11512
f 11356 11512 11358
f 11358 11512 11514
f 11358 11514 11360
f 11360 11514 11516
f 11360 11516 11362
f 11362 11516 11518
f 11362 11518 11364
f 11364 11518 11520
f 11364 11520 11366
f 11366 11520 11522
f 11366 11522 11368
f 11368 11522 11524
f 11368 11524 11370
f 11370 11524 11526
f 11370 11526 11372
f 11372 11526 11528
f 11372 11528 11374
f 11374 11528 11530
f 11374 11530 11376
f 11376 11530 11532
f 11376 11532 11378
f 11378 11532 11534
f 11378 11534 11380
f 11380 11534 11536
f 11380 11536 11382
f 11382 11536 11538
f 11382 11538 11384
f 11384 11538 11540
f 11384 11540 11386
f 11386 11540 11542
f 11386 11542 11388
f 11388 11542 11544
f 11388 11544 11390
f 11390 11544 11546
f 11390 11546 11392
f 11392 11546 11548
f 11392 11548 11394
f 11394 11548 11550
f 11394 11550 11396
f 11398 11552 11554
f 11398 11554 11400
f 11400 11554 11556
f 11400 11556 11402
f 11402 11556 11558
f 11402 11558 11404
f 11404 11558 11560
f 11404 11560 11406
f 11406 11560 11562
f 11406 11562 11408
f 11408 11562 11564
f 11408 11564 11410
f 11410 11564 11566
f 11410 11566 11412
f 11412 11566 11568
f 11412 11568 11414
f 11414 11568 11570
f 11414 11570 11416
f 11416 11570 11572
f 11416 11572 11418
f 11418 11572 11574
f 11418 11574 11420
f 11420 11574 11576
f 11420 11576 11422
f 11422 11576 11578
f 11422 11578 11424
f 11424 11578 11580
f 11424 11580 11426
f 11426 11580 11582
f 11426 11582 11428
f 11428 11582 11584
f 11428 11584 11430
f 11430 11584 11586
f 11430 11586 11432
f 11432 11586 11588
f 11432 11588 11434
f 11434 11588 11590
f 11434 11590 11436
f 11436 11590 11592
f 11436 11592 11438
f 11438 11592 11594
f 11438 11594 11440
f 11440 11594 11596
f 11440 11596 11442
f 11442 11596 11598
f 11442 11598 11444
f 11444 11598 11600
f 11444 11600 11446
f 11446 11600 11602
f 11446 11602 11448
f 11448 11602 11604
f 11448 11604 11450
f 11450 11604 11606
f 11450 11606 11452
f 11452 11606 11608
f 11452 11608 11454
f 11454 11608 11610
f 11454 11610 11456
f 11456 11610 11612
f 11456 11612 11458
f 11458 11612 11614
f 11458 11614 11460
f 11460 11614 11616
f 11460 11616 11462
f 11462 11616 11618
f 11462 11618 11464
f 11464 11618 11620
f 11464 11620 11466
f 11466 11620 11622
f 11466 11622 11468
f 11468 11622 11624
f 11468 11624 11470
f 11470 11624 11626
f 11470 11626 11472
f 11472 11626 11628
f 11472 11628 11474
f 11474 11628 11630
f 11474 11630 11476
f 11476 11630 11632
f 11476 11632 11478
f 11478 11632 11634
f 11478 11634 11480
f 11480 11634 11636
f 11480 11636 11482
f 11482 11636 11638
f 11482 11638 11484
f 11484 11638 11640
f 11484 11640 11486
f 11486 11640 11642
f 11486 11642 11488
f 11488 11642 11644
f 11488 11644 11490
f 11490 11644 11646
f 11490 11646 11492
f 11492 11646 11648
f 11492 11648 11494
f 11494 11648 11650
f 11494 11650 11496
f 11496 11650 11652
f 11496 11652 11498
f 11498 11652 11654
f 11498 11654 11500
f 11500 11654 11656
f 11500 11656 11502
f 11502 11656 11658
f 11502 11658 11504
f 11504 11658 11660
f 11504 11660 11506
f 11506 11660 11662
f 11506 11662 11508
f 11508 11662 11664
f 11508 11664 11510
f 11510 11664 11666
f 11510 11666 11512
f 11512 11666 11668
f 11512 11668 11514
f 11514 11668 11670
f 11514 11670 11516
f 11516 11670 11672
f 11516 11672 11518
f 11518 11672 11674
f 11518 11674 11520
f 11520 11674 11676
f 11520 11676 11522
f 11522 11676 11678
f 11522 11678 11524
f 11524 11678 11680
f 11524 11680 11526
f 11526 11680 11682
f 11526 11682 11528
f 11528 11682 11684
f 11528 11684 11530
f 11530 11684 11686
f 11530 11686 11532
f 11532 11686 11688
f 11532 11688 11534
f 11534 11688 11690
f 11534 11690 11536
f 11536 11690 11692
f 11536 11692 11538
f 11538 11692 11694
f 11538 11694 11540
f 11540 11694 11696
f 11540 11696 11542
f 11542 11696 11698
f 11542 11698 11544
f 11544 11698 11700
f 11544 11700 11546
f 11546 11700 11702
f 11546 11702 11548
f 11548 11702 11704
f 11548 11704 11550
f 11552 11706 11708
f 11552 11708 11554
f 11554 11708 11710
f 11554 11710 11556
f 11556 11710 11712
f 11556 11712 11558
f 11558 11712 11714
f 11558 11714 11560
f 11560 11714 11716
f 11560 11716 11562
f 11562 11716 11718
f 11562 11718 11564
f 11564 11718 11720
f 11564 11720 11566
f 11566 11720 11722
f 11566 11722 11568
f 11568 11722 11724
f 11568 11724 11570
f 11570 11724 11726
f 11570 11726 11572
f 11572 11726 11728
f 11572 11728 11574
f 11574 11728 11730
f 11574 11730 11576
f 11576 11730 11732
f 11576 11732 11578
f 11578 11732 11734
f 11578 11734 11580
f 11580 11734 11736
f 11580 11736 11582
f 11582 11736 11738
f 11582 11738 11584
f 11584 11738 11740
f 11584 11740 11586
f 11586 11740 11742
f 11586 11742 11588
f 11588 11742 11744
f 11588 11744 11590
f 11590 11744 11746
f 11590 11746 11592
f 11592 11746 11748
f 11592 11748 11594
f 11594 11748 11750
f 11594 11750 11596
f 11596 11750 11752
f 11596 11752 11598
f 11598 11752 11754
f 11598 11754 11600
f 11600 11754 11756
f 11600 11756 11602
f 11602 11756 11758
f 11602 11758 11604
f 11604 11758 11760
f 11604 11760 11606
f 11606 11760 11762
f 11606 11762 11608
f 11608 11762 11764
f 11608 11764 11610
f 11610 11764 11766
f 11610 11766 11612
f 11612 11766 11768
f 11612 11768 11614
f 11614 11768 11770
f 11614 11770 11616
f 11616 11770 11772
f 11616 11772 11618
f 11618 11772 11774
f 11618 11774 11620
f 11620 11774 11776
f 11620 11776 11622
f 11622 11776 11778
f 11622 11778 11624
f 11624 11778 11780
f 11624 11780 11626
f 11626 11780 11782
f 11626 11782 11628
f 11628 11782 11784
f 11628 11784 11630
f 11630 11784 11786
f 11630 11786 11632
f 11632 11786 11788
f 11632 11788 11634
f 11634 11788 11790
f 11634 11790 11636
f 11636 11790 11792
f 11636 11792 11638
f 11638 11792 11794
f 11638 11794 11640
f 11640 11794 11796
f 11640 11796 11642
f 11642 11796 11798
f 11642 11798 11644
f 11644 11798 11800
f 11644 11800 11646
f 11646 11800 11802
f 11646 11802 11648
f 11648 11802 11804
f 11648 11804 11650
f 11650 11804 11806
f 11650 11806 11652
f 11652 11806 11808
f 11652 11808 11654
f 11654 11808 11810
f 11654 11810 11656
f 11656 11810 11812
f 11656 11812 11658
f 11658 11812 11814
f 11658 11814 11660
f 11660 11814 11816
f 11660 11816 11662
f 11662 11816 11818
f 11662 11818 11664
f 11664 11818 11820
f 11664 11820 11666
f 11666 11820 11822
f 11666 11822 11668
f 11668 11822 11824
f 11668 11824 11670
f 11670 11824 11826
f 11670 11826 11672
f 11672 11826 11828
f 11672 11828 11674
f 11674 11828 11830
f 11674 11830 11676
f 11676 11830 11832
f 11676 11832 11678
f 11678 11832 11834
f 11678 11834 11680
f 11680 11834 11836
f 11680 11836 11682
f 11682 11836 11838
f 11682 11838 11684
f 11684 11838 11840
f 11684 11840 11686
f 11686 11840 11842
f 11686 11842 11688
f 11688 11842 11844
f 11688 11844 11690
f 11690 11844 11846
f 11690 11846 11692
f 11692 11846 11848
f 11692 11848 11694
f 11694 11848 11850
f 11694 11850 11696
f 11696 11850 11852
f 11696 11852 11698
f 11698 11852 11854
f 11698 11854 11700
f 11700 11854 11856
f 11700 11856 11702
f 11702 11856 11858
f 11702 11858 11704

g terrain_walls
s off
f 1 3 4
f 1 4 2
f 11707 11705 11706
f 11707 11706 11708
f 3 5 6
f 3 6 4
f 11709 11707 11708
f 11709 11708 11710
f 5 7 8
f 5 8 6
f 11711 11709 11710
f 11711 11710 11712
f 7 9 10
f 7 10 8
f 11713 11711 11712
f 11713 11712 11714
f 9 11 12
f 9 12 10
f 11715 11713 11714
f 11715 11714 11716
f 11 13 14
f 11 14 12
f 11717 11715 11716
f 11717 11716 11718
f 13 15 16
f 13 16 14
f 11719 11717 11718
f 11719 11718 11720
f 15 17 18
f 15 18 16
f 11721 11719 11720
f 11721 11720 11722
f 17 19 20
f 17 20 18
f 11723 11721 11722
f 11723 11722 11724
f 19 21 22
f 19 22 20
f 11725 11723 11724
f 11725 11724 11726
f 21 23 24
f 21 24 22
f 11727 11725 11726
f 11727 11726 11728
f 23 25 26
f 23 26 24
f 11729 11727 11728
f 11729 11728 11730
f 25 27 28
f 25 28 26
f 11731 11729 11730
f 11731 11730 11732
f 27 29 30
f 27 30 28
f 11733 11731 11732
f 11733 11732 11734
f 29 31 32
f 29 32 30
f 11735 11733 11734
f 11735 11734 11736
f 31 33 34
f 31 34 32
f 11737 11735 11736
f 11737 11736 11738
f 33 35 36
f 33 36 34
f 11739 11737 11738
f 11739 11738 11740
f 35 37 38
f 35 38 36
f 11741 11739 11740
f 11741 11740 11742
f 37 39 40
f 37 40 38
f 11743 11741 11742
f 11743 11742 11744
f 39 41 42
f 39 42 40
f 11745 11743 11744
f 11745 11744 11746
f 41 43 44
f 41 44 42
f 11747 11745 11746
f 11747 11746 11748
f 43 45 46
f 43 46 44
f 11749 11747 11748
f 11749 11748 11750
f 45 47 48
f 45 48 46
f 11751 11749 11750
f 11751 11750 11752
f 47 49 50
f 47 50 48
f 11753 11751 11752
f 11753 11752 11754
f 49 51 52
f 49 52 50
f 11755 11753 11754
f 11755 11754 11756
f 51 53 54
f 51 54 52
f 11757 11755 11756
f 11757 11756 11758
f 53 55 56
f 53 56 54
f 11759 11757 11758
f 11759 11758 11760
f 55 57 58
f 55 58 56
f 11761 11759 11760
f 11761 11760 11762
f 57 59 60
f 57 60 58
f 11763 11761 11762
f 11763 11762 11764
f 59 61 62
f 59 62 60
f 11765 11763 11764
f 11765 11764 11766
f 61 63 64
f 61 64 62
f 11767 11765 11766
f 11767 11766 11768
f 63 65 66
f 63 66 64
f 11769 11767 11768
f 11769 11768 11770
f 65 67 68
f 65 68 66
f 11771 11769 11770
f 11771 11770 11772
f 67 69 70
f 67 70 68
f 11773 11771 11772
f 11773 11772 11774
f 69 71 72
f 69 72 70
f 11775 11773 11774
f 11775 11774 11776
f 71 73 74
f 71 74 72
f 11777 11775 11776
f 11777 11776 11778
f 73 75 76
f 73 76 74
f 11779 11777 11778
f 11779 11778 11780
f 75 77 78
f 75 78 76
f 11781 11779 11780
f 11781 11780 11782
f 77 79 80
f 77 80 78
f 11783 11781 11782
f 11783 11782 11784
f 79 81 82
f 79 82 80
f 11785 11783 11784
f 11785 11784 11786
f 81 83 84
f 81 84 82
f 11787 11785 11786
f 11787 11786 11788
f 83 85 86
f 83 86 84
f 11789 11787 11788
f 11789 11788 11790
f 85 87 88
f 85 88 86
f 11791 11789 11790
f 11791 11790 11792
f 87 89 90
f 87 90 88
f 11793 11791 11792
f 11793 11792 11794
f 89 91 92
f 89 92 90
f 11795 11793 11794
f 11795 11794 11796
f 91 93 94
f 91 94 92
f 11797 11795 11796
f 11797 11796 11798
f 93 95 96
f 93 96 94
f 11799 11797 11798
f 11799 11798 11800
f 95 97 98
f 95 98 96
f 11801 11799 11800
f 11801 11800 11802
f 97 99 100
f 97 100 98
f 11803 11801 11802
f 11803 11802 11804
f 99 101 102
f 99 102 100
f 11805 11803 11804
f 11805 11804 11806
f 101 103 104
f 101 104 102
f 11807 11805 11806
f 11807 11806 11808
f 103 105 106
f 103 106 104
f 11809 11807 11808
f 11809 11808 11810
f 105 107 108
f 105 108 106
f 11811 11809 11810
f 11811 11810 11812
f 107 109 110
f 107 110 108
f 11813 11811 11812
f 11813 11812 11814
f 109 111 112
f 109 112 110
f 11815 11813 11814
f 11815 11814 11816
f 111 113 114
f 111 114 112
f 11817 11815 11816
f 11817 11816 11818
f 113 115 116
f 113 116 114
f 11819 11817 11818
f 11819 11818 11820
f 115 117 118
f 115 118 116
f 11821 11819 11820
f 11821 11820 11822
f 117 119 120
f 117 120 118
f 11823 11821 11822
f 11823 11822 11824
f 119 121 122
f 119 122 120
f 11825 11823 11824
f 11825 11824 11826
f 121 123 124
f 121 124 122
f 11827 11825 11826
f 11827 11826 11828
f 123 125 126
f 123 126 124
f 11829 11827 11828
f 11829 11828 11830
f 125 127 128
f 125 128 126
f 11831 11829 11830
f 11831 11830 11832
f 127 129 130
f 127 130 128
f 11833 11831 11832
f 11833 11832 11834
f 129 131 132
f 129 132 130
f 11835 11833 11834
f 11835 11834 11836
f 131 133 134
f 131 134 132
f 11837 11835 11836
f 11837 11836 11838
f 133 135 136
f 133 136 134
f 11839 11837 11838
f 11839 11838 11840
f 135 137 138
f 135 138 136
f 11841 11839 11840
f 11841 11840 11842
f 137 139 140
f 137 140 138
f 11843 11841 11842
f 11843 11842 11844
f 139 141 142
f 139 142 140
f 11845 11843 11844
f 11845 11844 11846
f 141 143 144
f 141 144 142
f 11847 11845 11846
f 11847 11846 11848
f 143 145 146
f 143 146 144
f 11849 11847 11848
f 11849 11848 11850
f 145 147 148
f 145 148 146
f 11851 11849 11850
f 11851 11850 11852
f 147 149 150
f 147 150 148
f 11853 11851 11852
f 11853 11852 11854
f 149 151 152
f 149 152 150
f 11855 11853 11854
f 11855 11854 11856
f 151 153 154
f 151 154 152
f 11857 11855 11856
f 11857 11856 11858
f 155 1 2
f 155 2 156
f 153 307 308
f 153 308 154
f 309 155 156
f 309 156 310
f 307 461 462
f 307 462 308
f 463 309 310
f 463 310 464
f 461 615 616
f 461 616 462
f 617 463 464
f 617 464 618
f 615 769 770
f 615 770 616
f 771 617 618
f 771 618 772
f 769 923 924
f 769 924 770
f 925 771 772
f 925 772 926
f 923 1077 1078
f 923 1078 924
f 1079 925 926
f 1079 926 1080
f 1077 1231 1232
f 1077 1232 1078
f 1233 1079 1080
f 1233 1080 1234
f 1231 1385 1386
f 1231 1386 1232
f 1387 1233 1234
f 1387 1234 1388
f 1385 1539 1540
f 1385 1540 1386
f 1541 1387 1388
f 1541 1388 1542
f 1539 1693 1694
f 1539 1694 1540
f 1695 1541 1542
f 1695 1542 1696
f 1693 1847 1848
f 1693 1848 1694
f 1849 1695 1696
f 1849 1696 1850
f 1847 2001 2002
f 1847 2002 1848
f 2003 1849 1850
f 2003 1850 2004
f 2001 2155 2156
f 2001 2156 2002
f 2157 2003 2004
f 2157 2004 2158
f 2155 2309 2310
f 2155 2310 2156
f 2311 2157 2158
f 2311 2158 2312
f 2309 2463 2464
f 2309 2464 2310
f 2465 2311 2312
f 2465 2312 2466
f 2463 2617 2618
f 2463 2618 2464
f 2619 2465 2466
f 2619 2466 2620
f 2617 2771 2772
f 2617 2772 2618
f 2773 2619 2620
f 2773 2620 2774
f 2771 2925 2926
f 2771 2926 2772
f 2927 2773 2774
f 2927 2774 2928
f 2925 3079 3080
f 2925 3080 2926
f 3081 2927 2928
f 3081 2928 3082
f 3079 3233 3234
f 3079 3234 3080
f 3235 3081 3082
f 3235 3082 3236
f 3233 3387 3388
f 3233 3388 3234
f 3389 3235 3236
f 3389 3236 3390
f 3387 3541 3542
f 3387 3542 3388
f 3543 3389 3390
f 3543 3390 3544
f 3541 3695 3696
f 3541 3696 3542
f 3697 3543 3544
f 3697 3544 3698
f 3695 3849 3850
f 3695 3850 3696
f 3851 3697 3698
f 3851 3698 3852
f 3849 4003 4004
f 3849 4004 3850
f 4005 3851 3852
f 4005 3852 4006
f 4003 4157 4158
f 4003 4158 4004
f 4159 4005 4006
f 4159 4006 4160
f 4157 4311 4312
f 4157 4312 4158
f 4313 4159 4160
f 4313 4160 4314
f 4311 4465 4466
f 4311 4466 4312
f 4467 4313 4314
f 4467 4314 4468
f 4465 4619 4620
f 4465 4620 4466
f 4621 4467 4468
f 4621 4468 4622
f 4619 4773 4774
f 4619 4774 4620
f 4775 4621 4622
f 4775 4622 4776
f 4773 4927 4928
f 4773 4928 4774
f 4929 4775 4776
f 4929 4776 4930
f 4927 5081 5082
f 4927 5082 4928
f 5083 4929 4930
f 5083 4930 5084
f 5081 5235 5236
f 5081 5236 5082
f 5237 5083 5084
f 5237 5084 5238
f 5235 5389 5390
f 5235 5390 5236
f 5391 5237 5238
f 5391 5238 5392
f 5389 5543 5544
f 5389 5544 5390
f 5545 5391 5392
f 5545 5392 5546
f 5543 5697 5698
f 5543 5698 5544
f 5699 5545 5546
f 5699 5546 5700
f 5697 5851 5852
f 5697 5852 5698
f 5853 5699 5700
f 5853 5700 5854
f 5851 6005 6006
f 5851 6006 5852
f 6007 5853 5854
f 6007 5854 6008
f 6005 6159 6160
f 6005 6160 6006
f 6161 6007 6008
f 6161 6008 6162
f 6159 6313 6314
f 6159 6314 6160
f 6315 6161 6162
f 6315 6162 6316
f 6313 6467 6468
f 6313 6468 6314
f 6469 6315 6316
f 6469 6316 6470
f 6467 6621 6622
f 6467 6622 6468
f 6623 6469 6470
f 6623 6470 6624
f 6621 6775 6776
f 6621 6776 6622
f 6777 6623 6624
f 6777 6624 6778
f 6775 6929 6930
f 6775 6930 6776
f 6931 6777 6778
f 6931 6778 6932
f 6929 7083 7084
f 6929 7084 6930
f 7085 6931 6932
f 7085 6932 7086
f 7083 7237 7238
f 7083 7238 7084
f 7239 7085 7086
f 7239 7086 7240
f 7237 7391 7392
f 7237 7392 7238
f 7393 7239 7240
f 7393 7240 7394
f 7391 7545 7546
f 7391 7546 7392
f 7547 7393 7394
f 7547 7394 7548
f 7545 7699 7700
f 7545 7700 7546
f 7701 7547 7548
f 7701 7548 7702
f 7699 7853 7854
f 7699 7854 7700
f 7855 7701 7702
f 7855 7702 7856
f 7853 8007 8008
f 7853 8008 7854
f 8009 7855 7856
f 8009 7856 8010
f 8007 8161 8162
f 8007 8162 8008
f 8163 8009 8010
f 8163 8010 8164
f 8161 8315 8316
f 8161 8316 8162
f 8317 8163 8164
f 8317 8164 8318
f 8315 8469 8470
f 8315 8470 8316
f 8471 8317 8318
f 8471 8318 8472
f 8469 8623 8624
f 8469 8624 8470
f 8625 8471 8472
f 8625 8472 8626
f 8623 8777 8778
f 8623 8778 8624
f 8779 8625 8626
f 8779 8626 8780
f 8777 8931 8932
f 8777 8932 8778
f 8933 8779 8780
f 8933 8780 8934
f 8931 9085 9086
f 8931 9086 8932
f 9087 8933 8934
f 9087 8934 9088
f 9085 9239 9240
f 9085 9240 9086
f 9241 9087 9088
f 9241 9088 9242
f 9239 9393 9394
f 9239 9394 9240
f 9395 9241 9242
f 9395 9242 9396
f 9393 9547 9548
f 9393 9548 9394
f 9549 9395 9396
f 9549 9396 9550
f 9547 9701 9702
f 9547 9702 9548
f 9703 9549 9550
f 9703 9550 9704
f 9701 9855 9856
f 9701 9856 9702
f 9857 9703 9704
f 9857 9704 9858
f 9855 10009 10010
f 9855 10010 9856
f 10011 9857 9858
f 10011 9858 10012
f 10009 10163 10164
f 10009 10164 10010
f 10165 10011 10012
f 10165 10012 10166
f 10163 10317 10318
f 10163 10318 10164
f 10319 10165 10166
f 10319 10166 10320
f 10317 10471 10472
f 10317 10472 10318
f 10473 10319 10320
f 10473 10320 10474
f 10471 10625 10626
f 10471 10626 10472
f 10627 10473 10474
f 10627 10474 10628
f 10625 10779 10780
f 10625 10780 10626
f 10781 10627 10628
f 10781 10628 10782
f 10779 10933 10934
f 10779 10934 10780
f 10935 10781 10782
f 10935 10782 10936
f 10933 11087 11088
f 10933 11088 10934
f 11089 10935 10936
f 11089 10936 11090
f 11087 11241 11242
f 11087 11242 11088
f 11243 11089 11090
f 11243 11090 11244
f 11241 11395 11396
f 11241 11396 11242
f 11397 11243 11244
f 11397 11244 11398
f 11395 11549 11550
f 11395 11550 11396
f 11551 11397 11398
f 11551 11398 11552
f 11549 11703 11704
f 11549 11704 11550
f 11705 11551 11552
f 11705 11552 11706
f 11703 11857 11858
f 11703 11858 11704
